,State,County,StCnty FIPS Code,Median_household_income,Total_population,pct_college_educated,Diesel vehicle,Electric vehicle,Flex fuel vehicle,Gasoline vehicle,Hybrid electric vehicle,Hydrogen fuel cell vehicle,Other/Unknown,Plug-in hybrid electric vehicle,charger_count,land_area_metre_sq,chargers_per_100k,population_density,ev_adoption_rate,adoption_tier,avg_sentiment,predicted_proba_high,normalized_demand,normalized_supply,infrastructure_gap_score,split,actual_tier,predicted_tier
0,Alabama,Monroe,01099,28182.0,21975.0,12.395084939233197,3.1145,0.0045,9.9611,85.7878,0.273,0.0,0.8547,0.0045,0.0,2656518199.0,0.0,8.272105949912975e-06,0.28200000000000003,0,-0.1597229690832258,0.020455357,0.017426688,0.0,0.017426688224077225,train,Low,Low
1,Alabama,Lawrence,01079,42339.0,33433.0,10.30861826098092,4.3463,0.0,7.8614,86.4865,0.3566,0.0,0.9411,0.008,0.0,1788846347.0,0.0,1.868969912148637e-05,0.3646,0,-0.1597229690832258,0.043447897,0.04049965,0.0,0.040499649941921234,test,Low,Low
2,Alabama,Lee,01081,45056.0,153947.0,34.412146638697436,2.5956,0.0299,8.1827,87.436,0.8468,0.0,0.8893,0.0197,36.0,1573552337.0,23.384671347931434,9.783405126104807e-05,0.8964000000000001,1,-0.1597229690832258,0.98705286,0.9874052,0.013309540656340733,0.9740956402747506,train,High,High
3,Alabama,Marion,01093,34074.0,30239.0,12.466338564397809,3.7221,0.0035,7.8659,86.7876,0.3802,0.0,1.2373,0.0035,2.0,1922527478.0,6.613975329872019,1.572877389063773e-05,0.3872,0,-0.1597229690832258,0.03845957,0.035493873,0.0037643878865440262,0.03172948517320558,train,Low,Low
4,Alabama,Pickens,01107,31679.0,20042.0,11.119000284010225,3.356,0.005,8.0503,87.0038,0.2667,0.0,1.3132,0.005,1.0,2282893856.0,4.989522003792037,8.77920799835908e-06,0.2767,0,-0.1597229690832258,0.012493529,0.009437011,0.002839819511555853,0.006597191111958799,train,Low,Low
5,Alabama,Sumter,01119,20428.0,13285.0,18.12031891761295,3.0685,0.0,8.4405,87.0282,0.1765,0.0,1.2863,0.0,0.0,2341062860.0,0.0,5.674772867910091e-06,0.1765,0,-0.1597229690832258,0.05885049,0.055956118,0.0,0.05595611780881882,train,Low,Low
6,Alabama,Jefferson,01073,47220.0,659096.0,31.44024730047501,1.6554,0.0197,7.8083,89.0151,0.731,0.0,0.7463,0.0243,107.0,2878224117.0,16.234357362205202,0.0002289939814301125,0.775,1,-0.1597229690832258,0.98411673,0.9844588,0.009239892069765948,0.9752189120607883,test,High,High
7,Alabama,Choctaw,01023,32622.0,13287.0,11.960203217612193,3.6701,0.0,10.402,84.9116,0.1748,0.0,0.8415,0.0,0.0,2365955057.0,0.0,5.615913945908906e-06,0.1748,0,-0.1597229690832258,0.0327533,0.029767647,0.0,0.02976764738559723,train,Low,Low
8,Alabama,Franklin,01059,36138.0,31573.0,12.390099388379205,3.5053,0.0031,7.8824,87.1777,0.3609,0.0,1.0583,0.0122,0.0,1641578183.0,0.0,1.923332091457261e-05,0.3762,0,-0.1597229690832258,0.03287784,0.02989262,0.0,0.02989261969923973,train,Low,Low
9,Alabama,Marengo,01091,30713.0,20066.0,14.789092769939325,3.9333,0.0,10.0429,85.0238,0.2143,0.0,0.7857,0.0,1.0,2530112315.0,4.983554270906009,7.930873218962218e-06,0.2143,0,-0.1597229690832258,0.039139558,0.036176242,0.002836422936838553,0.03333981899746091,train,Low,Low
10,Alabama,Russell,01113,38400.0,58636.0,17.014104957477702,2.342,0.0151,7.6264,88.4993,0.5152,0.0,0.9886,0.0134,6.0,1660580843.0,10.232621597653319,3.531053621819964e-05,0.5437,0,-0.1597229690832258,0.2875282,0.2854337,0.005823964388833045,0.2796097452325964,test,Low,Low
11,Alabama,Cherokee,01019,38925.0,25897.0,13.96169894083663,3.9811,0.0036,7.4106,87.0223,0.4682,0.0,1.1032,0.0109,0.0,1434128031.0,0.0,1.8057662523995392e-05,0.4827,0,-0.1597229690832258,0.07786408,0.07503622,0.0,0.07503622025251389,train,Low,Low
12,Alabama,Covington,01039,37313.0,37729.0,14.921485731541598,4.919,0.0099,9.8058,83.6554,0.3572,0.0,1.2527,0.0,3.0,2668869460.0,7.9514431869384286,1.4136697416440892e-05,0.36710000000000004,0,-0.1597229690832258,0.061255604,0.058369648,0.004525616580132185,0.05384403113138324,train,Low,Low
13,Alabama,Crenshaw,01041,37557.0,13896.0,14.647680871112973,4.3577,0.0,8.9355,85.3045,0.2086,0.0,1.1937,0.0,1.0,1576887783.0,7.196315486470928,8.812294793458997e-06,0.2086,0,-0.1597229690832258,0.10216479,0.09942193,0.004095830645552851,0.09532610264778973,train,Low,Low
14,Alabama,Dallas,01047,28136.0,41426.0,13.784303572749465,2.2252,0.0052,7.7633,89.0418,0.1756,0.0,0.7889,0.0,0.0,2534807219.0,0.0,1.6342860194450155e-05,0.18080000000000002,0,-0.1597229690832258,0.020985208,0.017958391,0.0,0.017958391457796097,train,Low,Low
15,Alabama,Saint Clair,01115,54042.0,86576.0,16.103839877443633,3.3655,0.0104,7.691,87.4809,0.5211,0.0,0.9242,0.0069,8.0,1636625212.0,9.240436148586214,5.289909954045117e-05,0.5384,0,-0.1597229690832258,0.50069886,0.49935,0.005259255465773647,0.4940907558829507,test,Low,High
16,Alabama,Baldwin,01003,51365.0,199510.0,29.54711102853958,3.467,0.0319,9.0208,85.8273,1.0072,0.0,0.6227,0.0232,54.0,4117584019.0,27.066312465540577,4.845317037354666e-05,1.0623,1,-0.1597229690832258,0.9874535,0.9878073,0.01540497109484502,0.972402302769901,train,High,High
17,Alabama,Houston,01069,41945.0,103891.0,21.017902307377106,2.7611,0.0168,8.4161,87.4036,0.5897,0.0,0.8008,0.0119,20.0,1501846955.0,19.250945702707643,6.917549065443889e-05,0.6184000000000001,1,-0.1597229690832258,0.821325,0.8210977,0.010956803313203723,0.8101408686724225,train,High,High
18,Alabama,Tuscaloosa,01125,48022.0,202471.0,29.369493727416668,2.6221,0.0136,8.3683,87.4207,0.6666,0.0,0.901,0.0077,38.0,3423128150.0,18.768119878896236,5.9147946301688994e-05,0.6879,1,-0.1597229690832258,0.9794692,0.979795,0.01068199979613323,0.9691129792993257,train,High,High
19,Alabama,Coffee,01031,47872.0,50991.0,23.666724446755648,3.2164,0.0059,8.5976,86.6135,0.5823,0.0,0.9804,0.004,10.0,1758565487.0,19.611303955600007,2.8995792523477403e-05,0.5922000000000001,1,-0.1597229690832258,0.9206621,0.9207822,0.011161903600753545,0.9096203048419345,train,High,High
20,Alabama,Pike,01109,33193.0,33277.0,23.988174125802832,3.0486,0.0,9.3791,86.0396,0.362,0.0,1.1707,0.0,2.0,1740741209.0,6.010157165609881,1.9116569325727958e-05,0.362,0,-0.1597229690832258,0.48313576,0.48172548,0.003420720777149527,0.4783047633556172,test,Low,Low
21,Alabama,Lauderdale,01077,43657.0,92641.0,21.67922974599354,3.2455,0.0185,7.697,87.5075,0.6252,0.0,0.8901,0.0163,7.0,1729334080.0,7.5560496972182944,5.357033153478361e-05,0.6599999999999999,1,-0.1597229690832258,0.5284748,0.5272231,0.004300575755380629,0.5229225344435939,test,High,High
22,Alabama,Lowndes,01085,27914.0,10565.0,12.28192602930914,3.2905,0.0,7.7709,87.7725,0.1917,0.0,0.9584,0.016,0.0,1854202171.0,0.0,5.697868423000568e-06,0.2077,0,-0.1597229690832258,0.018407963,0.015372132,0.0,0.015372131951153278,train,Low,Low
23,Alabama,Macon,01087,32390.0,19684.0,20.041888190752378,2.4287,0.0056,6.6359,89.6182,0.2834,0.0,1.0282,0.0,1.0,1577064957.0,5.080268238162975,1.248141359848883e-05,0.289,0,-0.1597229690832258,0.1045121,0.10177746,0.002891468332178541,0.0988859883686233,test,Low,Low
24,Alabama,Limestone,01083,51115.0,90257.0,23.260687342833194,3.332,0.0186,8.1853,86.9658,0.6456,0.0,0.833,0.0197,11.0,1450236460.0,12.187420366287379,6.223605769779089e-05,0.6839,1,-0.1597229690832258,0.8936907,0.89371645,0.006936551061486936,0.8867799034444335,train,High,High
25,Alabama,Shelby,01117,72310.0,205951.0,41.422991432702474,2.5466,0.0284,8.5505,87.3764,0.9909,0.0,0.4702,0.037,11.0,2034096244.0,5.3410762754247365,0.00010124938807959373,1.0563,1,-0.1597229690832258,0.9689593,0.9692483,0.0030399089548321027,0.9662083858754902,test,High,High
26,Alabama,Winston,01133,33896.0,24013.0,13.089035544749333,4.2651,0.0,7.1804,87.0377,0.4453,0.0,1.0611,0.0104,1.0,1587608922.0,4.164410944071961,1.512526143387345e-05,0.4557,0,-0.1597229690832258,0.06439218,0.06151719,0.0023702020843127643,0.05914698810385671,train,Low,Low
27,Alabama,Cullman,01043,39297.0,81316.0,14.969017985547644,4.5289,0.0056,8.4313,85.4389,0.4709,0.0,1.1142,0.0101,8.0,1903376541.0,9.838162231295193,4.272197237299039e-05,0.4866,0,-0.1597229690832258,0.20948042,0.20711294,0.005599455226582951,0.20151348293908172,train,Low,Low
28,Alabama,Elmore,01051,53398.0,80957.0,22.238398544131027,3.459,0.0116,8.8748,86.1919,0.4826,0.0,0.9663,0.0139,5.0,1601876534.0,6.176118186197612,5.053885132947456e-05,0.5081,0,-0.1597229690832258,0.705705,0.70507324,0.003515178591758737,0.7015580588273697,train,Low,High
29,Alabama,Jackson,01071,38422.0,52608.0,12.578463859478973,3.7991,0.0068,6.9126,87.6257,0.5265,0.0,1.114,0.0152,6.0,2791663803.0,11.405109489051094,1.884467604711784e-05,0.5485,0,-0.1597229690832258,0.1019051,0.099161334,0.006491293641720164,0.09267004069408383,test,Low,Low
30,Alabama,Talladega,01121,37923.0,81057.0,13.090922079545658,2.5252,0.0049,6.888,89.1418,0.4231,0.0,1.0084,0.0085,7.0,1908244133.0,8.635898195097276,4.247726933794797e-05,0.4365,0,-0.1597229690832258,0.14464863,0.14205436,0.004915178683571028,0.13713918540162642,test,Low,Low
31,Alabama,Washington,01129,40293.0,16909.0,9.623394654633808,4.5343,0.0053,10.329,84.2448,0.219,0.0,0.6676,0.0,0.0,2797722276.0,0.0,6.043845075350145e-06,0.2243,0,-0.1597229690832258,0.03461865,0.03163952,0.0,0.031639520078897476,train,Low,Low
32,Alabama,Clay,01027,38815.0,13483.0,11.062883760321828,3.9898,0.0134,7.3381,87.0614,0.4077,0.0,1.1762,0.0134,0.0,1564252455.0,0.0,8.619452670125423e-06,0.43450000000000005,0,-0.1597229690832258,0.03929345,0.03633067,0.0,0.03633067011833191,train,Low,Low
33,Alabama,Morgan,01103,46883.0,119555.0,21.429180939378057,3.1934,0.0105,7.6649,87.6544,0.5328,0.0,0.9366,0.0073,11.0,1500534814.0,9.200786249006734,7.9674925822814e-05,0.5506,0,-0.1597229690832258,0.73277915,0.73224205,0.005236688462687688,0.727005359324025,train,Low,High
34,Alabama,Chilton,01021,42594.0,43817.0,14.854548511854718,4.1201,0.0044,7.6507,86.9825,0.3341,0.0,0.9017,0.0066,3.0,1794482896.0,6.846657689937695,2.441761919139518e-05,0.3451,0,-0.1597229690832258,0.20789541,0.20552239,0.0038968205936464662,0.2016255676261869,train,Low,Low
35,Alabama,Colbert,01033,43786.0,54377.0,18.470904862689768,3.3345,0.0034,8.2132,86.9536,0.5007,0.0,0.9828,0.0118,6.0,1534878514.0,11.034076907516045,3.542755957817779e-05,0.5159,0,-0.1597229690832258,0.70179576,0.7011503,0.006280117989289855,0.6948701801293015,test,Low,High
36,Alabama,Clarke,01025,32735.0,24847.0,12.137234167547879,3.5143,0.0,11.0235,84.303,0.2935,0.0,0.8547,0.011,3.0,3207609336.0,12.07389222038878,7.746267514916598e-06,0.3045,0,-0.1597229690832258,0.053617615,0.05070494,0.006871935764953806,0.0438330053885725,train,Low,Low
37,Alabama,Montgomery,01101,45358.0,227392.0,31.45956607495069,1.7607,0.0139,8.4617,88.5635,0.5525,0.0,0.6346,0.013,43.0,2031491982.0,18.91007599211934,0.00011193349617660465,0.5794,1,-0.1597229690832258,0.97791654,0.9782369,0.010762795058647199,0.9674741186223831,train,High,High
38,Alabama,Henry,01067,41045.0,17187.0,16.144341706897965,3.9163,0.0103,8.5541,85.9837,0.3916,0.0,1.144,0.0,3.0,1454926615.0,17.455053237912377,1.18129669378548e-05,0.4019,0,-0.1597229690832258,0.22221886,0.21989593,0.009934659216373262,0.209961269881756,train,Low,Low
39,Alabama,Tallapoosa,01123,39395.0,40958.0,17.315807679003807,2.9552,0.0048,8.277,87.219,0.4704,0.0,1.0566,0.0169,7.0,1855779800.0,17.090678255774208,2.207050642538517e-05,0.4921,0,-0.1597229690832258,0.34125173,0.33934516,0.009727272780756307,0.32961788436569756,train,Low,Low
40,Alabama,Coosa,01037,31910.0,10864.0,9.940558998355888,3.4053,0.0088,6.7044,88.1567,0.3361,0.0,1.3798,0.0088,0.0,1685891528.0,0.0,6.444068209351604e-06,0.35369999999999996,0,-0.1597229690832258,0.02391228,0.020895705,0.0,0.02089570462703705,train,Low,Low
41,Alabama,Dale,01045,44093.0,49607.0,16.068698858016365,3.1443,0.0066,8.529,86.7973,0.542,0.0,0.9742,0.0066,3.0,1453310172.0,6.047533614207673,3.4133800860784177e-05,0.5552000000000001,1,-0.1597229690832258,0.42816132,0.42655873,0.0034419938305442223,0.423116739155906,test,High,Low
42,Alabama,Hale,01065,33351.0,15159.0,14.02874181249389,3.0638,0.0,7.9224,87.7446,0.2516,0.0,1.0176,0.0,1.0,1667804584.0,6.596741209842338,9.089194348922595e-06,0.2516,0,-0.1597229690832258,0.056096278,0.053192273,0.0037545789729271327,0.04943769380939861,train,Low,Low
43,Alabama,Etowah,01055,40478.0,103363.0,16.491854496764116,2.9249,0.0096,7.8271,87.8158,0.478,0.0,0.9263,0.0182,14.0,1386379575.0,13.544498514942484,7.455606088253284e-05,0.5058,0,-0.1597229690832258,0.34257036,0.3406684,0.007708941082480517,0.3329594689803094,train,Low,Low
44,Alabama,De Kalb,01049,38248.0,70937.0,11.36593591905565,4.3332,0.0014,7.6618,86.5335,0.4723,0.0,0.9935,0.0042,5.0,2012664315.0,7.048507830892199,3.52453210758099e-05,0.4779,0,-0.1597229690832258,0.077980414,0.07515296,0.004011704938931897,0.07114125846095519,train,Low,Low
45,Alabama,Escambia,01053,32334.0,37875.0,11.625650182439252,3.4973,0.0052,9.0611,86.0058,0.2788,0.0,1.144,0.0078,3.0,2447747107.0,7.920792079207921,1.547341222125689e-05,0.29179999999999995,0,-0.1597229690832258,0.016549304,0.013506972,0.004508171299057616,0.008998800931913242,test,Low,Low
46,Alabama,Lamar,01075,34298.0,14066.0,13.062612522504502,3.8112,0.0,8.3495,86.1907,0.2758,0.0,1.3728,0.0,0.0,1566544639.0,0.0,8.97899724643595e-06,0.2758,0,-0.1597229690832258,0.07835077,0.075524606,0.0,0.07552460581064224,train,Low,Low
47,Alabama,Randolph,01111,37496.0,22615.0,15.379190973780371,4.0929,0.0072,7.0206,86.8184,0.4208,0.0,1.6329,0.0072,3.0,1503616100.0,13.265531726730046,1.5040408253143871e-05,0.4352,0,-0.1597229690832258,0.06943198,0.066574626,0.007550165286394305,0.05902446038451557,train,Low,Low
48,Alabama,Butler,01013,34315.0,20280.0,16.080005735178148,3.2026,0.0,8.4211,87.0657,0.1716,0.0,1.139,0.0,3.0,2011976232.0,14.792899408284024,1.007964193485562e-05,0.1716,0,-0.1597229690832258,0.16432296,0.16179752,0.008419476723461895,0.15337804677507327,test,Low,Low
49,Alabama,Mobile,01097,44263.0,414291.0,22.512395732157604,2.3383,0.0088,7.536,88.8831,0.6035,0.0,0.6018,0.0285,48.0,3184131335.0,11.586059074418705,0.00013011115321975248,0.6408,1,-0.1597229690832258,0.90243685,0.90249324,0.006594282297295658,0.895898956151801,train,High,High
50,Alabama,Perry,01105,24912.0,9856.0,14.492509678505302,2.7558,0.0,7.3533,88.3492,0.2592,0.0,1.2824,0.0,0.0,1863919953.0,0.0,5.28778072477665e-06,0.2592,0,-0.1597229690832258,0.029349132,0.026351571,0.0,0.026351571083068848,train,Low,Low
51,Alabama,Walker,01127,37025.0,65593.0,10.542808932132449,3.3238,0.0028,7.5828,87.8058,0.3904,0.0,0.8861,0.0084,5.0,2049182057.0,7.622764624273932,3.200935698999242e-05,0.40160000000000007,0,-0.1597229690832258,0.04953401,0.046607055,0.004338546998201211,0.042268507771791614,train,Low,Low
52,Alabama,Cleburne,01029,36316.0,14991.0,11.52807254485819,5.2581,0.017,7.5051,85.7369,0.2887,0.0,1.1829,0.0113,0.0,1450663941.0,0.0,1.0333888901702561e-05,0.317,0,-0.1597229690832258,0.028087713,0.02508574,0.0,0.02508573979139328,test,Low,Low
53,Alabama,Conecuh,01035,27609.0,12697.0,8.662579473206176,3.6451,0.0,9.101,85.546,0.166,0.0,1.5419,0.0,1.0,2201896058.0,7.875876191226274,5.7663939012329165e-06,0.166,0,-0.1597229690832258,0.0154708065,0.012424702,0.004482607123777459,0.007942094701006819,train,Low,Low
54,Alabama,Greene,01063,21339.0,8587.0,9.97485331098072,2.8068,0.0,8.0365,88.0293,0.2159,0.0,0.8996,0.012,2.0,1675993711.0,23.2910213112845,5.123527578678367e-06,0.22790000000000002,0,-0.1597229690832258,0.05029797,0.047373686,0.013256239117410598,0.034117446868393006,train,Low,Low
55,Alabama,Barbour,01005,33956.0,26614.0,12.867787023440474,3.0777,0.0038,8.1972,87.1596,0.3276,0.0,1.2341,0.0,8.0,2291818680.0,30.05936725031938,1.1612611517766319e-05,0.33140000000000003,0,-0.1597229690832258,0.14171243,0.1391079,0.017108488059097437,0.12199940981859574,train,Low,Low
56,Alabama,Bibb,01007,39776.0,22572.0,12.0,3.4162,0.0,7.6991,87.6309,0.2735,0.0,0.9719,0.0084,6.0,1612481559.0,26.581605528973952,1.3998299623344716e-05,0.28190000000000004,0,-0.1597229690832258,0.1968789,0.19446734,0.015129096929984692,0.17933823900942267,train,Low,Low
57,Alabama,Bullock,01011,29335.0,10552.0,10.255011591435974,2.581,0.0,8.1686,87.4794,0.2197,0.0,1.5513,0.0,0.0,1613059136.0,0.0,6.541607659943845e-06,0.2197,0,-0.1597229690832258,0.02391228,0.020895705,0.0,0.02089570462703705,train,Low,Low
58,Alabama,Calhoun,01015,41954.0,115883.0,17.652966527249845,2.4207,0.0052,6.976,89.109,0.5567,0.0,0.9092,0.0233,18.0,1569245419.0,15.532908191883193,7.38463204014617e-05,0.5851999999999999,1,-0.1597229690832258,0.5561036,0.5549485,0.008840657626320024,0.5461078511131514,train,High,High
59,Alabama,Chambers,01017,36027.0,34018.0,12.484279366144042,2.592,0.003,7.806,88.1424,0.3334,0.0,1.1143,0.009,2.0,1545009121.0,5.879240402140043,2.2017992992806416e-05,0.3454,0,-0.1597229690832258,0.044598613,0.041654393,0.0033462086336999474,0.03830818444319672,train,Low,Low
60,Alabama,Fayette,01057,36205.0,16783.0,14.145349822124341,4.3801,0.0058,8.4724,85.3689,0.3166,0.0,1.4562,0.0,1.0,1625693285.0,5.958410296132992,1.0323595572949666e-05,0.3224,0,-0.1597229690832258,0.055244077,0.05233709,0.0033912687034858132,0.048945822712634715,train,Low,Low
61,Alabama,Marshall,01095,39831.0,94534.0,16.56724426348515,3.5856,0.013,8.0711,86.8764,0.5182,0.0,0.9168,0.0189,10.0,1465524098.0,10.578204667103899,6.45052511446318e-05,0.5501,0,-0.1597229690832258,0.25900188,0.25680763,0.006020655282819134,0.25078697001091255,train,Low,Low
62,Alabama,Blount,01009,46212.0,57704.0,13.049756789623023,4.4324,0.0,8.0355,86.2679,0.3926,0.0,0.8597,0.0118,1.0,1670041875.0,1.7329821156245668,3.455242701623874e-05,0.4044,0,-0.1597229690832258,0.22116514,0.21883851,0.000986338254724151,0.2178521746427673,train,Low,Low
63,Alabama,Madison,01089,60150.0,349973.0,40.67192691380541,2.01,0.0284,7.1056,89.2008,1.0604,0.0,0.5343,0.0605,55.0,2076157081.0,15.715498052706923,0.00016856768844842525,1.1493,1,-0.1597229690832258,0.99073434,0.99109954,0.008944579855540662,0.9821549565633741,test,High,High
64,Alabama,Autauga,01001,53099.0,55049.0,24.592771348653542,3.3119,0.0133,8.5682,86.6896,0.5142,0.0,0.8951,0.0076,10.0,1539609015.0,18.165634253119947,3.5755181649153956e-05,0.5351,0,-0.1597229690832258,0.9204718,0.92059124,0.010339091109848026,0.9102521440509797,train,Low,High
65,Alabama,Geneva,01061,36519.0,26765.0,11.661792076575379,3.7222,0.0,7.9155,86.6063,0.3763,0.0,1.3763,0.0034,3.0,1487710770.0,11.208668036614982,1.799072813057608e-05,0.37970000000000004,0,-0.1597229690832258,0.027860582,0.024857815,0.0063794876873456835,0.0184783276677168,train,Low,Low
66,Alabama,Wilcox,01131,24442.0,11119.0,11.302244321999732,2.9182,0.0,9.7275,86.1971,0.1258,0.0,1.0147,0.0168,0.0,2301199955.0,0.0,4.831826967422307e-06,0.1426,0,-0.1597229690832258,0.021250239,0.018224351,0.0,0.018224351108074188,train,Low,Low
67,Alaska,Aleutians West,02016,86964.0,5714.0,15.699494341439923,3.6762,0.0,7.1458,88.3932,0.3304,0.0,0.4544,0.0,0.0,11370719969.0,0.0,5.025187512820719e-07,0.3304,0,-0.09439417227840909,0.024987184,0.021974366,0.0,0.021974366158246994,test,Low,Low
68,Alaska,Northwest Arctic,02188,61341.0,7723.0,10.761999010390895,2.5591,0.0984,7.2835,89.0748,0.4921,0.0,0.4921,0.0,0.0,92295155977.0,0.0,8.367719755438276e-08,0.5905,1,-0.09439417227840909,0.04651127,0.043573737,0.0,0.043573737144470215,train,High,Low
69,Alaska,Sitka,02220,70160.0,8921.0,32.35387547649301,4.0368,0.2746,5.3412,89.0704,0.6591,0.0,0.5767,0.0412,1.0,7434257623.0,11.209505660800358,1.1999853182919486e-06,0.9749,1,-0.09439417227840909,0.36634222,0.3645234,0.006379964426701312,0.35814344637041784,train,High,Low
70,Alaska,Ketchikan Gateway,02130,64162.0,13715.0,23.76962240135766,5.2386,0.1009,6.5503,87.078,0.4501,0.0,0.5433,0.0388,0.0,12583212278.0,0.0,1.089944260415822e-06,0.5898000000000001,1,-0.09439417227840909,0.30082652,0.29877853,0.0,0.2987785339355469,train,High,Low
71,Alaska,Dillingham,02070,56055.0,4980.0,17.56373937677054,4.2857,0.0,5.4113,89.5238,0.3896,0.0,0.3896,0.0,0.0,48092804032.0,0.0,1.0354979503142313e-07,0.3896,0,-0.09439417227840909,0.030030888,0.027035713,0.0,0.02703571319580078,train,Low,Low
72,Alaska,Juneau,02110,87436.0,32524.0,39.433776022972,4.9855,0.3171,5.2549,87.5635,1.2924,0.0,0.5149,0.0716,18.0,6998163331.0,55.3437461566843,4.647505132657785e-06,1.6810999999999998,1,-0.09439417227840909,0.8991519,0.8991968,0.03149925986074417,0.8676975437090495,train,High,High
73,Alaska,Yukon Koyukuk,02290,38451.0,5600.0,12.256424738774358,11.2355,0.0,5.9534,81.4682,0.4029,0.0,0.94,0.0,0.0,376825063576.0,0.0,1.486100724526399e-08,0.4029,0,-0.09439417227840909,0.032125242,0.029137392,0.0,0.029137391597032547,train,Low,Low
74,Alaska,Denali,02068,81302.0,2125.0,38.522954091816366,10.9,0.0,5.9161,81.8214,0.502,0.0,0.8247,0.0359,4.0,33016120972.0,188.23529411764707,6.436249739338397e-08,0.5379,0,-0.09439417227840909,0.5524915,0.5513238,0.10713536498936924,0.44418840648737634,train,Low,High
75,Alaska,Hoonah-Angoon,02105,54091.0,2107.0,24.255858138062063,6.1848,0.149,4.6945,87.9285,0.3726,0.0,0.6706,0.0,0.0,16966365771.0,0.0,1.2418687822948032e-07,0.5216,0,-0.09439417227840909,0.100298434,0.09754904,0.0,0.09754904359579086,train,Low,Low
76,Alaska,Wrangell,02275,52986.0,2401.0,20.260328239954724,6.4176,0.0479,3.113,89.0805,0.431,0.0,0.91,0.0,0.0,6582430575.0,0.0,3.647588793596961e-07,0.4789,0,-0.09439417227840909,0.040256057,0.037296645,0.0,0.03729664534330368,train,Low,Low
77,Alaska,Bristol Bay,02060,88000.0,942.0,19.106317411402156,4.534,0.0,3.5264,91.3098,0.1259,0.0,0.5038,0.0,0.0,1304965763.0,0.0,7.218580185846608e-07,0.1259,0,-0.09439417227840909,0.04338412,0.04043565,0.0,0.04043564945459366,train,Low,Low
78,Alaska,Kodiak Island,02150,73068.0,13918.0,24.849966659257614,6.0783,0.0,6.5841,86.4132,0.4448,0.0,0.436,0.0436,0.0,16965329961.0,0.0,8.203789747676455e-07,0.48839999999999995,0,-0.09439417227840909,0.3072205,0.30519488,0.0,0.3051948845386505,train,Low,Low
79,Alaska,Bethel,02050,53296.0,17885.0,11.417447121961485,2.6593,0.0,7.425,89.3102,0.158,0.0,0.4476,0.0,0.0,105076134160.0,0.0,1.702099162952304e-07,0.158,0,-0.09439417227840909,0.05129178,0.04837097,0.0,0.04837096855044365,train,Low,Low
80,Alaska,North Slope,02185,72027.0,9681.0,14.181703070591958,6.4855,0.0,12.1823,80.4996,0.1315,0.0,0.7011,0.0,0.0,230092041270.0,0.0,4.2074467011398685e-08,0.1315,0,-0.09439417227840909,0.036220297,0.03324677,0.0,0.03324677050113678,train,Low,Low
81,Alaska,Fairbanks North Star,02090,73831.0,100150.0,33.3725355678607,8.2022,0.005,7.5546,82.8859,0.6566,0.0,0.6786,0.017,1.0,19019056192.0,0.9985022466300548,5.265771286912027e-06,0.6786,1,-0.09439417227840909,0.78144854,0.78108174,0.000568304170250648,0.7805134319175484,train,High,High
82,Alaska,Matanuska Susitna,02170,73908.0,98679.0,20.587672891835044,9.737,0.0059,7.5628,81.3631,0.6912,0.0,0.6064,0.0335,11.0,63734270600.0,11.147255241743432,1.5482879002305552e-06,0.7306,1,-0.09439417227840909,0.45630804,0.4548039,0.006344534188192285,0.4484593796435185,train,High,Low
83,Alaska,Nome,02180,51563.0,9879.0,13.910469848316684,5.0455,0.0,8.8012,85.5083,0.1138,0.0,0.5311,0.0,1.0,59473771514.0,10.122482032594393,1.6610683581206052e-07,0.1138,0,-0.09439417227840909,0.06015572,0.057265915,0.005761277725539266,0.05150463725105757,train,Low,Low
84,Alaska,Haines,02100,53125.0,2528.0,40.44396318354087,8.0651,0.0354,4.174,86.2398,0.6013,0.0,0.849,0.0354,0.0,6009296606.0,0.0,4.206815149506701e-07,0.6720999999999999,1,-0.09439417227840909,0.16080044,0.15826268,0.0,0.1582626849412918,test,High,Low
85,Alaska,Yakutat,02282,66875.0,646.0,19.733924611973393,3.352,0.0,3.4916,91.8994,0.1397,0.0,1.1173,0.0,0.0,19811996044.0,0.0,3.2606507621206546e-08,0.1397,0,-0.09439417227840909,0.03668628,0.03371438,0.0,0.033714380115270615,test,Low,Low
86,Alaska,Lake And Peninsula,02164,43864.0,1411.0,12.455089820359282,6.267,0.0,4.0872,88.5559,0.2725,0.0,0.8174,0.0,0.0,60735852998.0,0.0,2.3231747482767114e-08,0.2725,0,-0.09439417227840909,0.048169084,0.04523735,0.0,0.04523735120892525,train,Low,Low
87,Alaska,Southeast Fairbanks,02240,63713.0,6970.0,19.199110122358178,13.0517,0.0,7.0582,78.688,0.5152,0.0,0.6869,0.0,1.0,64147813224.0,14.347202295552368,1.0865530171170781e-07,0.5152,0,-0.09439417227840909,0.05207619,0.049158126,0.00816580525833607,0.04099232085746288,train,Low,Low
88,Alaska,Anchorage,02020,80862.0,299321.0,34.29799771196932,5.1345,0.0153,8.1012,85.293,0.9116,0.0,0.5019,0.0426,15.0,4420091935.0,5.011342338158699,6.771827473312498e-05,0.9694999999999999,1,-0.09439417227840909,0.97034675,0.97064066,0.0028522386994532163,0.9677884206328222,test,High,High
89,Alaska,Aleutians East,02013,65926.0,3299.0,11.944990176817289,3.6765,0.0,8.3333,86.7647,0.2451,0.0,0.9804,0.0,0.0,18083191614.0,0.0,1.8243460946605883e-07,0.2451,0,-0.09439417227840909,0.03181806,0.028829131,0.0,0.02882913127541542,train,Low,Low
90,Alaska,Valdez Cordova,02261,82511.0,9522.0,30.0877893056664,10.6228,0.0184,6.9007,81.592,0.1751,0.0,0.6633,0.0276,0.0,88676741313.0,0.0,1.0737877665565588e-07,0.22110000000000002,0,-0.09439417227840909,0.1594085,0.15686586,0.0,0.15686586499214172,train,Low,Low
91,Alaska,Kenai Peninsula,02122,64891.0,57637.0,23.681015731701148,9.3286,0.0123,6.9861,82.5879,0.5295,0.0,0.5479,0.0077,15.0,41634269789.0,26.02494925134896,1.3843643780016051e-06,0.5495,0,-0.09439417227840909,0.7424928,0.7419897,0.014812272320888251,0.7271773998631023,train,Low,High
92,Alaska,Skagway,02230,64853.0,1014.0,33.705080545229244,7.6552,0.069,6.1379,84.4828,0.2759,0.0,1.3103,0.069,1.0,1171502804.0,98.61932938856016,8.655549065164679e-07,0.4139,0,-0.09439417227840909,0.59671885,0.59570587,0.0561298448230793,0.5395760219905804,train,Low,High
93,Alaska,Prince Of Wales-Hyder Ca,02198,51887.0,6374.0,15.791907514450868,7.4915,0.0,5.6754,85.4257,0.4767,0.0,0.9308,0.0,0.0,13628616243.0,0.0,4.676923824363935e-07,0.4767,0,-0.09439417227840909,0.037074838,0.0341043,0.0,0.034104298800230026,train,Low,Low
94,Alaska,Petersburg,02195,63940.0,3196.0,25.011820330969265,5.7832,0.033,3.9656,88.4336,0.3305,0.0,1.4541,0.0,0.0,7556506714.0,0.0,4.229467558175718e-07,0.36350000000000005,0,-0.09439417227840909,0.076855674,0.07402429,0.0,0.07402428984642029,train,Low,Low
95,Alaska,Kusilvak,02158,38160.0,7993.0,4.797243572753777,4.1667,0.0,6.4815,89.3519,0.0,0.0,0.0,0.0,0.0,44240523937.0,0.0,1.8067145885031338e-07,0.0,0,-0.09439417227840909,0.055360556,0.052453976,0.0,0.05245397612452507,train,Low,Low
96,Arizona,Pima,04019,46764.0,1003338.0,30.80060885555973,2.5732,0.0774,5.9476,88.7471,1.74,0.0,0.8596,0.055,175.0,23794775138.0,17.441779340561208,4.216631567985192e-05,1.8723999999999998,1,0.041123699370934255,0.99483925,0.9952188,0.009927104289736283,0.9852917091296057,train,High,High
97,Arizona,Graham,04009,47422.0,37529.0,13.324056357627414,7.0687,0.0227,7.3671,84.118,0.4572,0.0,0.9339,0.0324,2.0,11972750122.0,5.329212075994564,3.1345346405451357e-06,0.5123,0,0.041123699370934255,0.22855833,0.22625758,0.003033156367108231,0.22322442117138205,train,Low,Low
98,Arizona,Cochise,04003,45383.0,128177.0,23.162944732395005,4.4569,0.0284,5.5481,88.041,0.9818,0.0,0.9257,0.018,26.0,15966175635.0,20.28445040841961,8.028033946903279e-06,1.0282,1,0.041123699370934255,0.9184705,0.918583,0.011545029364984846,0.9070379464994256,test,High,High
99,Arizona,Apache,04001,32460.0,72346.0,11.058936711180339,5.7005,0.0019,8.5693,84.7564,0.3077,0.0,0.6622,0.0019,7.0,29001298904.0,9.675724988250904,2.494577923543338e-06,0.3115,0,0.041123699370934255,0.25160962,0.2493895,0.005507002993312924,0.24388249643257515,train,Low,Low
100,Arizona,Yuma,04027,41467.0,203292.0,14.386517886133793,3.3436,0.034,5.3191,89.8919,0.5996,0.0,0.8024,0.0094,21.0,14281265636.0,10.32996871495189,1.4234872817402442e-05,0.643,1,0.041123699370934255,0.689189,0.68849945,0.005879370145714787,0.6826200805378789,train,High,High
101,Arizona,Navajo,04017,36868.0,108209.0,14.49202967751414,5.9928,0.0563,6.5251,85.8731,0.6254,0.0,0.9161,0.0113,23.0,25770094276.0,21.255163618552984,4.1990145181880975e-06,0.693,1,0.041123699370934255,0.68425584,0.68354905,0.012097517220969191,0.6714515292954493,train,High,High
102,Arizona,Maricopa,04013,55676.0,4088549.0,30.9688633106447,2.4422,0.1518,7.931,86.8257,1.6872,0.0,0.8574,0.1047,1096.0,23825796441.0,26.806576122727158,0.00017160177667615456,1.9437,1,0.041123699370934255,0.998164,0.99855524,0.015257140434188323,0.983298102581101,train,High,High
103,Arizona,Gila,04007,40593.0,53179.0,17.737375833182043,6.812,0.0439,6.3728,85.0371,0.6642,0.0,1.0437,0.0264,7.0,12323144911.0,13.163090693694878,4.3153756921685525e-06,0.7345,1,0.041123699370934255,0.43508637,0.433508,0.007491860293616217,0.4260161484248744,test,High,Low
104,Arizona,Santa Cruz,04023,38941.0,46547.0,22.493224932249323,2.1832,0.0144,5.1872,91.5308,0.4406,0.0,0.6359,0.0079,7.0,3203613249.0,15.038563172707157,1.4529531620125972e-05,0.46290000000000003,0,0.041123699370934255,0.7158665,0.7152703,0.008559297882875735,0.706710982955137,train,Low,High
105,Arizona,La Paz,04012,36321.0,20304.0,10.43659314203917,6.4211,0.1155,5.4613,86.0114,0.4577,0.0,1.5197,0.0133,8.0,11653980563.0,39.40110323089047,1.7422373317201834e-06,0.5865,1,0.041123699370934255,0.17858377,0.17610821,0.022425398995509226,0.1536828122834062,test,High,Low
106,Arizona,Mohave,04015,39856.0,203629.0,11.878822189600353,5.9598,0.0648,5.7381,86.1473,0.7736,0.0,1.2918,0.0246,11.0,34475567011.0,5.401981053779177,5.906472834370753e-06,0.8629999999999999,1,0.041123699370934255,0.33545682,0.33352998,0.003074573313018413,0.3304554056775364,train,High,Low
107,Arizona,Coconino,04005,51106.0,138064.0,34.20856054381116,5.3575,0.0636,5.9298,86.411,1.2678,0.0,0.9393,0.031,77.0,48222118167.0,55.77123652798702,2.8630845190554443e-06,1.3624,1,0.041123699370934255,0.99043334,0.9907975,0.03174256883833863,0.9590549508454993,train,High,High
108,Arizona,Yavapai,04025,46638.0,218586.0,25.541637741088408,5.6338,0.0445,5.2038,86.5492,1.5319,0.0,0.9764,0.0604,61.0,21039796334.0,27.906636289606837,1.0389169007628095e-05,1.6368,1,0.041123699370934255,0.9736473,0.9739528,0.015883246967723214,0.958069523265431,train,High,High
109,Arizona,Greenlee,04011,51813.0,9224.0,12.196812196812196,8.5272,0.0,7.8324,82.4824,0.2737,0.0,0.8632,0.0211,0.0,4770701093.0,0.0,1.933468440002305e-06,0.2948,0,0.041123699370934255,0.10319586,0.10045661,0.0,0.1004566103219986,train,Low,Low
110,Arizona,Pinal,04021,51190.0,397604.0,18.471476858303436,3.8188,0.0678,6.7661,87.1134,1.2345,0.0,0.9525,0.0468,36.0,13897482645.0,9.054234866852447,2.8609785682520633e-05,1.3491,1,0.041123699370934255,0.8988323,0.8988761,0.0051532777724109585,0.8937227932038464,train,High,High
111,Arkansas,Clay,05021,32404.0,15202.0,11.34850166481687,3.9251,0.0,12.9376,82.4672,0.2598,0.0,0.4034,0.0068,0.0,1656162400.0,0.0,9.179051522966589e-06,0.26659999999999995,0,-0.05115897841698113,0.043537352,0.04058942,0.0,0.04058941826224327,train,Low,Low
112,Arkansas,Drew,05043,33092.0,18688.0,19.844492440604753,4.1797,0.0,10.9269,83.7559,0.6045,0.0,0.5265,0.0065,0.0,2145426651.0,0.0,8.710621727053395e-06,0.611,1,-0.05115897841698113,0.382409,0.3806464,0.0,0.38064640760421753,train,High,Low
113,Arkansas,Randolph,05121,36318.0,17584.0,13.677093515803193,4.8455,0.0062,12.5847,81.8372,0.314,0.0,0.4002,0.0123,2.0,1689288539.0,11.37397634212921,1.040911578693899e-05,0.33249999999999996,0,-0.05115897841698113,0.20692521,0.20454879,0.006473574004845588,0.19807521704606537,train,Low,Low
114,Arkansas,Boone,05009,38664.0,37301.0,14.967860422405877,6.1282,0.0,8.4528,83.9722,0.8241,0.0,0.612,0.0107,1.0,1528950330.0,2.6808932736387767,2.4396475979700402e-05,0.8348000000000001,1,-0.05115897841698113,0.45468163,0.45317182,0.0015258481716469373,0.45164597127682415,test,High,Low
115,Arkansas,Desha,05041,26519.0,12234.0,13.183520599250937,3.1693,0.0,12.867,83.3161,0.285,0.0,0.3541,0.0086,0.0,1989487282.0,0.0,6.149323049555438e-06,0.29359999999999997,0,-0.05115897841698113,0.0578187,0.05492072,0.0,0.05492072179913521,train,Low,Low
116,Arkansas,Garland,05051,40011.0,97119.0,20.623060121853086,3.0087,0.0134,9.3256,86.0701,1.118,0.0,0.4432,0.0212,28.0,1755530788.0,28.830609870365222,5.5321729851655554e-05,1.1526000000000003,1,-0.05115897841698113,0.97246784,0.97276914,0.01640913265392835,0.9563600085432762,train,High,High
117,Arkansas,Pope,05115,40534.0,63107.0,21.334174022698612,4.3001,0.0,9.3848,84.9359,0.8401,0.0,0.5188,0.0203,8.0,2104507244.0,12.676882120842377,2.9986591958720764e-05,0.8603999999999999,1,-0.05115897841698113,0.9359965,0.9361702,0.007215131462513179,0.9289550889125479,test,High,High
118,Arkansas,Woodruff,05147,30383.0,6873.0,10.21671826625387,2.7187,0.0,12.1174,84.6357,0.1864,0.0,0.3262,0.0155,0.0,1519723220.0,0.0,4.522534044060997e-06,0.20190000000000002,0,-0.05115897841698113,0.05214916,0.04923135,0.0,0.04923135042190552,train,Low,Low
119,Arkansas,Jackson,05067,31245.0,17495.0,8.645808454740864,3.173,0.0,12.2098,84.1121,0.1884,0.0,0.309,0.0075,5.0,1641888776.0,28.57959416976279,1.0655411167753789e-05,0.19590000000000002,0,-0.05115897841698113,0.09908499,0.09633136,0.016266265404573422,0.0800650925513592,train,Low,Low
120,Arkansas,Stone,05137,30486.0,12503.0,14.446631671041118,5.9573,0.0079,9.1682,83.5602,0.5745,0.0,0.7161,0.0157,1.0,1570579422.0,7.998080460689434,7.960756281957705e-06,0.5981000000000001,1,-0.05115897841698113,0.15523484,0.15267761,0.004552160493529745,0.1481254500230184,train,High,Low
121,Arkansas,Baxter,05005,38115.0,40992.0,17.738189915699063,4.8241,0.005,9.0641,84.4063,0.948,0.0,0.7228,0.0297,4.0,1435588023.0,9.758001561280249,2.8554152962587093e-05,0.9826999999999999,1,-0.05115897841698113,0.8234244,0.8232044,0.005553831250058782,0.8176505669051536,test,High,High
122,Arkansas,Greene,05055,42755.0,43745.0,16.44317280843876,3.3103,0.0054,12.4103,83.5857,0.3227,0.0,0.3523,0.0134,7.0,1496205814.0,16.00182878043205,2.9237287805379428e-05,0.3415,0,-0.05115897841698113,0.7509764,0.75050294,0.00910754688659771,0.741395397106017,train,Low,High
123,Arkansas,Phillips,05107,26829.0,19929.0,11.664689600632661,2.4718,0.0,10.252,86.5464,0.4475,0.0,0.2823,0.0,2.0,1801659698.0,10.035626473982639,1.106146739149626e-05,0.4475,0,-0.05115897841698113,0.053613964,0.05070128,0.005711843308806504,0.044989435884356416,train,Low,Low
124,Arkansas,Yell,05149,39323.0,21716.0,14.378051296156228,4.6829,0.0,9.4071,84.871,0.5065,0.0,0.5169,0.0155,0.0,2409250093.0,0.0,9.013593094006783e-06,0.5219999999999999,0,-0.05115897841698113,0.33594698,0.33402184,0.0,0.33402183651924133,train,Low,Low
125,Arkansas,Clark,05019,35595.0,22684.0,24.71653603226543,3.5601,0.0,10.6475,84.6112,0.7656,0.0,0.4101,0.0055,3.0,2243121980.0,13.225180744136836,1.0112691241160234e-05,0.7710999999999999,1,-0.05115897841698113,0.8365059,0.83633167,0.0075271992572653506,0.8288044662586344,train,High,High
126,Arkansas,Monroe,05095,31541.0,7542.0,9.052792071659995,2.968,0.0,12.7554,83.5726,0.3727,0.0,0.3313,0.0,1.0,1572460807.0,13.259082471492974,4.796303962824302e-06,0.3727,0,-0.05115897841698113,0.08333313,0.0805244,0.007546494650040097,0.07297790522655445,train,Low,Low
127,Arkansas,Ouachita,05103,31233.0,24728.0,16.616226283319754,3.1714,0.0046,10.2399,85.7427,0.356,0.0,0.4715,0.0139,3.0,1897900176.0,12.131996117761242,1.3029136259482596e-05,0.3745,0,-0.05115897841698113,0.19343655,0.19101295,0.006905005983169169,0.1841079427682804,test,Low,Low
128,Arkansas,Arkansas,05001,37330.0,18569.0,14.42918791683013,3.3143,0.0,14.4804,81.5995,0.2155,0.0,0.367,0.0233,0.0,2560983546.0,0.0,7.250729911561876e-06,0.2388,0,-0.05115897841698113,0.22821854,0.2259166,0.0,0.22591659426689148,train,Low,Low
129,Arkansas,Carroll,05015,38145.0,27690.0,17.691754800287505,6.2618,0.0074,7.1081,84.9523,0.9873,0.0,0.6681,0.0148,7.0,1631639781.0,25.27988443481401,1.6970657569423407e-05,1.0094999999999998,1,-0.05115897841698113,0.86239064,0.86230695,0.01438821374338089,0.8479187387331206,train,High,High
130,Arkansas,Pulaski,05119,47101.0,391806.0,32.933339919672,2.0783,0.0157,10.0622,86.4213,1.051,0.0,0.3465,0.0249,107.0,1964693964.0,27.30943375037646,0.00019942342531673802,1.0916,1,-0.05115897841698113,0.99815035,0.99854153,0.015543345185154022,0.982998188761837,train,High,High
131,Arkansas,Nevada,05099,30750.0,8668.0,15.057337543626392,4.1481,0.0,8.7544,86.2896,0.3497,0.0,0.4582,0.0,0.0,1600189573.0,0.0,5.416858193713527e-06,0.3497,0,-0.05115897841698113,0.073296644,0.07045281,0.0,0.07045280933380127,train,Low,Low
132,Arkansas,Cross,05037,39306.0,17329.0,14.748449345279118,3.7407,0.0,12.2793,83.2078,0.3608,0.0,0.3861,0.0253,2.0,1596418388.0,11.541346875180334,1.0854923828401807e-05,0.3861,0,-0.05115897841698113,0.42340916,0.42178997,0.006568834052813481,0.4152211399214144,train,Low,Low
133,Arkansas,Dallas,05039,35745.0,7738.0,12.687534728653455,3.5402,0.0,10.1836,85.6061,0.102,0.0,0.539,0.0291,0.0,1728522517.0,0.0,4.47665559684462e-06,0.1311,0,-0.05115897841698113,0.11250422,0.10979753,0.0,0.10979752987623215,test,Low,Low
134,Arkansas,Columbia,05027,36507.0,24168.0,21.914893617021278,4.9505,0.0,10.8625,83.4206,0.2475,0.0,0.5141,0.0048,0.0,1984105630.0,0.0,1.2180803095649702e-05,0.2523,0,-0.05115897841698113,0.678193,0.67746496,0.0,0.6774649620056152,train,Low,High
135,Arkansas,Saline,05125,57632.0,115577.0,24.530288407304816,3.5037,0.004,11.6056,83.6607,0.8426,0.0,0.3702,0.0131,8.0,1874030024.0,6.921792398141499,6.167297136110344e-05,0.8597,1,-0.05115897841698113,0.96821713,0.9685036,0.003939584010701258,0.9645640103877973,train,High,High
136,Arkansas,Van Buren,05141,34576.0,16892.0,13.618426350970445,5.9502,0.0,10.6461,82.0107,0.6681,0.0,0.7249,0.0,1.0,1838267642.0,5.919962112242482,9.189086297369532e-06,0.6681,1,-0.05115897841698113,0.22849378,0.2261928,0.0033693856648474075,0.22282341652593324,train,High,Low
137,Arkansas,Izard,05065,35188.0,13461.0,12.379052369077307,5.8555,0.0,10.2762,83.0804,0.4064,0.0,0.3649,0.0166,0.0,1503684817.0,0.0,8.952008990059517e-06,0.423,0,-0.05115897841698113,0.14988428,0.14730833,0.0,0.1473083347082138,train,Low,Low
138,Arkansas,Independence,05063,37592.0,37030.0,17.619066661334827,4.8426,0.0,11.0545,83.249,0.4605,0.0,0.3873,0.0061,9.0,1978630968.0,24.304617877396705,1.8714960292686573e-05,0.4666,0,-0.05115897841698113,0.7324191,0.7318807,0.013833134319617111,0.7180475901104671,train,Low,High
139,Arkansas,Lincoln,05079,32369.0,13935.0,7.803037823885635,3.521,0.0,11.0624,84.5882,0.3655,0.0,0.463,0.0,0.0,1454438338.0,0.0,9.581018071320944e-06,0.3655,0,-0.05115897841698113,0.043949723,0.04100323,0.0,0.04100323095917702,test,Low,Low
140,Arkansas,Logan,05083,36463.0,21935.0,13.012174368372822,5.5052,0.0,9.3046,84.1995,0.2991,0.0,0.6917,0.0,0.0,1834021218.0,0.0,1.1960057923386577e-05,0.2991,0,-0.05115897841698113,0.19189687,0.18946788,0.0,0.1894678771495819,train,Low,Low
141,Arkansas,Grant,05053,49195.0,18046.0,19.83678086619263,5.229,0.0,12.0616,81.5924,0.4243,0.0,0.6926,0.0,0.0,1636383570.0,0.0,1.1027976771974067e-05,0.4243,0,-0.05115897841698113,0.6087257,0.6077547,0.0,0.6077547073364258,train,Low,High
142,Arkansas,Crittenden,05035,39407.0,49511.0,17.391164348274085,2.0592,0.005,10.4486,86.7716,0.3478,0.0,0.3528,0.015,5.0,1580746758.0,10.098765930803255,3.132127252479236e-05,0.3678,0,-0.05115897841698113,0.77734333,0.77696216,0.0057477795490499485,0.771214381515098,test,Low,High
143,Arkansas,Franklin,05047,39482.0,17799.0,13.013869279960137,6.0072,0.0,10.847,82.0879,0.4986,0.0,0.5411,0.0182,2.0,1576934898.0,11.236586325074441,1.128708612040622e-05,0.5168,0,-0.05115897841698113,0.38081074,0.37904254,0.006395377566223091,0.3726471584540558,train,Low,Low
144,Arkansas,Faulkner,05045,50872.0,120417.0,29.11414949583516,4.1308,0.0067,10.6726,83.6587,1.0808,0.0,0.4313,0.0191,19.0,1678085355.0,15.778503035285716,7.17585667744535e-05,1.1065999999999998,1,-0.05115897841698113,0.9929101,0.9932829,0.008980439558878279,0.9843024746028038,train,High,High
145,Arkansas,Pike,05109,34519.0,11017.0,14.846593863754551,5.5594,0.0086,9.7955,83.5797,0.3781,0.0,0.6788,0.0,0.0,1555596259.0,0.0,7.082171827208026e-06,0.3867,0,-0.05115897841698113,0.21854745,0.21621168,0.0,0.21621167659759521,train,Low,Low
146,Arkansas,Jefferson,05069,36377.0,72385.0,16.98922046031548,2.5358,0.005,10.6222,86.0408,0.3539,0.0,0.439,0.0033,7.0,2255220501.0,9.670511846377012,3.209663976001609e-05,0.3622,0,-0.05115897841698113,0.6301699,0.62927395,0.005504035899070482,0.6237699151545489,train,Low,High
147,Arkansas,Marion,05089,33726.0,16404.0,15.316324082220268,5.9984,0.0,8.0897,84.4468,0.6261,0.0,0.8202,0.0188,0.0,1546245372.0,0.0,1.060892423482707e-05,0.6449,1,-0.05115897841698113,0.24458864,0.24234396,0.0,0.2423439621925354,train,High,Low
148,Arkansas,Montgomery,05097,35103.0,9100.0,12.511117699377408,6.6851,0.0,9.297,82.9134,0.4718,0.0,0.6328,0.0,7.0,2019881728.0,76.92307692307692,4.505214277575761e-06,0.4718,0,-0.05115897841698113,0.23182638,0.22953705,0.043781278962001846,0.18575577593435283,train,Low,Low
149,Arkansas,Scott,05127,37861.0,10661.0,10.582306830907056,5.1655,0.0101,8.5856,85.2704,0.2825,0.0,0.6759,0.0101,0.0,2311047399.0,0.0,4.6130598639444e-06,0.30269999999999997,0,-0.05115897841698113,0.17919904,0.17672563,0.0,0.1767256259918213,test,Low,Low
150,Arkansas,Searcy,05129,35542.0,7938.0,14.443876681996255,6.7977,0.0,8.3673,83.8957,0.5067,0.0,0.4326,0.0,0.0,1725176987.0,0.0,4.601267035102179e-06,0.5067,0,-0.05115897841698113,0.13146141,0.12882103,0.0,0.12882103025913239,train,Low,Low
151,Arkansas,Sebastian,05131,40023.0,127351.0,18.78941032028894,2.9433,0.0094,9.583,86.4433,0.608,0.0,0.4,0.0131,8.0,1377602528.0,6.2818509473816455,9.244393604945534e-05,0.6305,1,-0.05115897841698113,0.8745279,0.8744866,0.0035753570934254084,0.8709112681011242,train,High,High
152,Arkansas,Crawford,05033,41792.0,61927.0,13.549664397122024,4.5279,0.0019,9.5697,84.7648,0.5623,0.0,0.5585,0.0149,2.0,1531142472.0,3.2296090558237927,4.044496258999992e-05,0.5791000000000001,1,-0.05115897841698113,0.72833234,0.7277797,0.0018381533951459753,0.7259415330558123,train,High,High
153,Arkansas,Benton,05007,59016.0,245231.0,30.72296365342587,3.5491,0.0191,9.2323,85.7126,1.1287,0.0,0.3266,0.0316,60.0,2194968309.0,24.46672728977984,0.00011172416430546287,1.1794,1,-0.05115897841698113,0.99772567,0.99811536,0.01392539996589397,0.984189960770953,train,High,High
154,Arkansas,Chicot,05017,29628.0,11189.0,13.134057971014492,3.904,0.0,11.2747,84.0853,0.2987,0.0,0.4267,0.0107,0.0,1668755471.0,0.0,6.704996744247378e-06,0.3094,0,-0.05115897841698113,0.089312516,0.0865247,0.0,0.08652470260858536,train,Low,Low
155,Arkansas,Hot Spring,05059,42589.0,33440.0,13.482667575163957,3.9898,0.0036,10.481,84.5453,0.4756,0.0,0.501,0.0036,2.0,1593379454.0,5.980861244019139,2.0986840213141092e-05,0.4828,0,-0.05115897841698113,0.50704896,0.50572234,0.0034040468092465556,0.5023182971124148,train,Low,High
156,Arkansas,Johnson,05071,34031.0,26025.0,15.941348973607038,4.6334,0.0,9.464,84.9172,0.5124,0.0,0.4642,0.0088,1.0,1709107266.0,3.8424591738712777,1.5227247884159425e-05,0.5212,0,-0.05115897841698113,0.36364633,0.36181808,0.0021869611008877004,0.35963111407916604,train,Low,Low
157,Arkansas,Lee,05077,25724.0,9781.0,8.156794927222943,2.7688,0.0162,11.7066,84.9579,0.1457,0.0,0.4048,0.0,0.0,1560781751.0,0.0,6.266731395169933e-06,0.1619,0,-0.05115897841698113,0.06017759,0.05728786,0.0,0.05728786066174507,train,Low,Low
158,Arkansas,Madison,05087,39839.0,15761.0,11.33086876155268,7.501,0.0,7.6218,83.942,0.3881,0.0,0.5471,0.0,0.0,2160705760.0,0.0,7.29437588947789e-06,0.3881,0,-0.05115897841698113,0.17337583,0.17088206,0.0,0.17088206112384796,train,Low,Low
159,Arkansas,Fulton,05049,35593.0,12186.0,11.033786059041418,6.5471,0.0,9.4298,83.0438,0.3949,0.0,0.5765,0.0079,0.0,1601113474.0,0.0,7.610953375813012e-06,0.4028,0,-0.05115897841698113,0.097498044,0.09473886,0.0,0.09473886340856552,train,Low,Low
160,Arkansas,Howard,05061,34672.0,13487.0,15.74533818823789,5.0768,0.0076,11.4759,82.7557,0.2508,0.0,0.4256,0.0076,0.0,1524380233.0,0.0,8.84753010307501e-06,0.266,0,-0.05115897841698113,0.2080272,0.20565462,0.0,0.20565462112426758,train,Low,Low
161,Arkansas,Mississippi,05093,35003.0,44199.0,12.637010676156585,2.4689,0.0,11.3802,85.5636,0.2396,0.0,0.3331,0.0146,9.0,2332480068.0,20.36245163917736,1.89493580701415e-05,0.2542,0,-0.05115897841698113,0.36248296,0.36065066,0.011589424282346245,0.3490612343251367,test,Low,Low
162,Arkansas,Prairie,05117,37500.0,8334.0,13.023178255794566,3.4652,0.0129,12.736,83.1652,0.3362,0.0,0.2845,0.0,0.0,1678092312.0,0.0,4.966353722261735e-06,0.3491,0,-0.05115897841698113,0.1184628,0.11577695,0.0,0.11577694863080978,train,Low,Low
163,Arkansas,Union,05139,39836.0,40334.0,19.228666204935664,3.8871,0.0,10.8031,84.505,0.3224,0.0,0.4748,0.0076,4.0,2691555117.0,9.917191451380969,1.4985388835342211e-05,0.33,0,-0.05115897841698113,0.7634998,0.76307017,0.005644435230882373,0.75742573088011,train,Low,High
164,Arkansas,Cleburne,05023,41717.0,25587.0,15.381754423250623,5.6613,0.0038,10.6573,82.6199,0.6,0.0,0.4346,0.0231,2.0,1434051761.0,7.81646930081682,1.784245220141674e-05,0.6269,1,-0.05115897841698113,0.48336577,0.4819563,0.004448795298440802,0.47750750782121865,train,High,Low
165,Arkansas,Cleveland,05025,42429.0,8421.0,15.746527777777777,3.9177,0.0,10.9919,84.1921,0.3993,0.0,0.4991,0.0,0.0,1548252554.0,0.0,5.43903510977189e-06,0.3993,0,-0.05115897841698113,0.15827866,0.15573208,0.0,0.15573208034038544,train,Low,Low
166,Arkansas,Hempstead,05057,34072.0,22208.0,12.61590524534687,4.448,0.0053,10.1684,84.7581,0.2299,0.0,0.3903,0.0,3.0,1884268834.0,13.50864553314121,1.178600399225199e-05,0.2352,0,-0.05115897841698113,0.17534918,0.1728623,0.007688535120308322,0.16517377111691245,train,Low,Low
167,Arkansas,Sharp,05135,31068.0,17027.0,10.089503661513426,5.4419,0.0,9.5761,84.1329,0.3843,0.0,0.4587,0.0062,1.0,1565489622.0,5.873025195278088,1.0876469419354605e-05,0.39049999999999996,0,-0.05115897841698113,0.037713762,0.03474546,0.0033426712075293598,0.031402787305968946,train,Low,Low
168,Arkansas,Washington,05143,45442.0,219930.0,31.17698343504795,3.6726,0.0169,8.6593,86.1892,1.0706,0.0,0.3512,0.0401,42.0,2439809347.0,19.09698540444687,9.014228930241081e-05,1.1276,1,-0.05115897841698113,0.99636286,0.9967478,0.01086917578922976,0.9858786159778906,train,High,High
169,Arkansas,Ashley,05003,36352.0,20989.0,13.587221873474228,4.7508,0.0,12.065,82.4215,0.2383,0.0,0.5243,0.0,1.0,2396641860.0,4.764400400209634,8.75767061833761e-06,0.2383,0,-0.05115897841698113,0.18748581,0.1850414,0.002711690059107266,0.18232970775087504,train,Low,Low
170,Arkansas,Craighead,05031,43892.0,102884.0,25.391538191208152,3.0624,0.0048,12.1674,83.7696,0.6441,0.0,0.3323,0.0193,11.0,1831846795.0,10.691652735119163,5.616408549056637e-05,0.6682,1,-0.05115897841698113,0.9690795,0.96936893,0.006085225002494328,0.9632837096288533,train,High,High
171,Arkansas,Lafayette,05073,29882.0,7127.0,13.677571935356719,6.7474,0.0,9.8144,82.702,0.23,0.0,0.5061,0.0,0.0,1368278119.0,0.0,5.208736368019052e-06,0.23,0,-0.05115897841698113,0.057997506,0.05510015,0.0,0.055100150406360626,train,Low,Low
172,Arkansas,Perry,05105,45819.0,10246.0,10.626133035838794,5.3345,0.0098,8.6113,84.8254,0.6827,0.0,0.5266,0.0098,0.0,1428539951.0,0.0,7.172358037888714e-06,0.7023,1,-0.05115897841698113,0.24679089,0.24455391,0.0,0.24455390870571136,train,High,Low
173,Arkansas,Poinsett,05111,35163.0,24131.0,9.576032348976842,3.119,0.0,11.8512,84.3329,0.322,0.0,0.3749,0.0,1.0,1964145924.0,4.144047076374788,1.228574705430084e-05,0.322,0,-0.05115897841698113,0.1089684,0.10624934,0.002358611854071626,0.10389072802448748,train,Low,Low
174,Arkansas,Sevier,05133,38956.0,17193.0,9.381462680955066,5.7086,0.0,10.3504,83.3398,0.2327,0.0,0.362,0.0065,4.0,1463672049.0,23.265282382364916,1.174648379173906e-05,0.2392,0,-0.05115897841698113,0.38128108,0.37951452,0.01324158963545685,0.366272925764476,test,Low,Low
175,Arkansas,Calhoun,05013,35446.0,5210.0,12.014038876889849,4.719,0.0,10.7458,83.4217,0.2828,0.0,0.813,0.0177,0.0,1627973984.0,0.0,3.200296842090076e-06,0.3005,0,-0.05115897841698113,0.0868306,0.08403411,0.0,0.08403410762548447,test,Low,Low
176,Arkansas,Bradley,05011,34665.0,11096.0,14.231073595357424,3.8358,0.0,10.4239,84.9636,0.326,0.0,0.4507,0.0,0.0,1681514473.0,0.0,6.598813259218376e-06,0.326,0,-0.05115897841698113,0.16182083,0.15928663,0.0,0.15928663313388824,train,Low,Low
177,Arkansas,Lawrence,05075,33381.0,16915.0,13.41143556565833,4.8682,0.0,11.3302,83.1132,0.2977,0.0,0.3659,0.0248,2.0,1521921904.0,11.82382500738989,1.1114236516041365e-05,0.3225,0,-0.05115897841698113,0.22763102,0.22532701,0.006729608353603595,0.21859740656949211,train,Low,Low
178,Arkansas,Polk,05113,33202.0,20290.0,12.26763161629062,7.0249,0.0051,9.2862,82.5608,0.4256,0.0,0.6974,0.0,1.0,2221392380.0,4.928536224741252,9.133910867201228e-06,0.43069999999999997,0,-0.05115897841698113,0.15274408,0.15017815,0.0028051090512864665,0.14737304029125045,train,Low,Low
179,Arkansas,Conway,05029,38266.0,21060.0,16.919261504546707,5.2112,0.0046,10.2091,83.3789,0.5517,0.0,0.6398,0.0046,2.0,1430338369.0,9.49667616334283,1.4723788759665161e-05,0.5609000000000001,1,-0.05115897841698113,0.6349761,0.6340969,0.005405096168148376,0.6286918243221166,train,High,High
180,Arkansas,Newton,05101,33176.0,7988.0,14.83115560834889,7.1274,0.0,7.095,84.4816,0.5616,0.0,0.7235,0.0108,2.0,2126136208.0,25.03755633450175,3.757049981061232e-06,0.5724,1,-0.05115897841698113,0.428885,0.42728496,0.01425029109929955,0.413034664879094,train,High,Low
181,Arkansas,Little River,05081,35396.0,12616.0,9.71864140791391,5.2094,0.0,10.8358,83.3006,0.2781,0.0,0.3762,0.0,0.0,1378537696.0,0.0,9.151726526308933e-06,0.2781,0,-0.05115897841698113,0.10422403,0.101488374,0.0,0.1014883741736412,train,Low,Low
182,Arkansas,Lonoke,05085,56156.0,71279.0,19.506369426751593,3.8223,0.0015,11.7897,83.2587,0.6891,0.0,0.4249,0.0139,7.0,1996699203.0,9.820564261563716,3.569841661323085e-05,0.7045,1,-0.05115897841698113,0.9417595,0.9419534,0.0055894392254972275,0.9363639814135408,train,High,High
183,Arkansas,Miller,05091,39955.0,43666.0,14.497131801364516,4.2059,0.0138,10.0329,84.9383,0.3866,0.0,0.4115,0.011,2.0,1620264344.0,4.5802225988183025,2.6949923425581473e-05,0.4114,0,-0.05115897841698113,0.47512892,0.47369063,0.0026068640429900793,0.47108376496244203,train,Low,Low
184,Arkansas,Saint Francis,05123,35066.0,27023.0,10.396119644300727,2.8942,0.0,10.3843,86.0658,0.3523,0.0,0.2981,0.0054,7.0,1644111365.0,25.90385967509159,1.6436234536946955e-05,0.3577,0,-0.05115897841698113,0.25691378,0.2547122,0.01474335338616056,0.23996884081816988,train,Low,Low
185,Arkansas,White,05145,42197.0,78823.0,19.341612692376255,5.0009,0.0045,11.0206,82.9493,0.6068,0.0,0.412,0.006,3.0,2680890163.0,3.805995711911498,2.940180134489158e-05,0.6173,1,-0.05115897841698113,0.8779893,0.87796015,0.002166207679887942,0.8757939377935923,train,High,High
186,California,San Diego,06073,66529.0,3253356.0,36.49443046406632,2.1978,0.4249,3.9329,89.7051,3.2061,0.0004,0.2316,0.3012,1672.0,10895149811.0,51.39308455637809,0.0002986058986279689,3.9322000000000004,1,-0.16655044397655028,0.99834335,0.99873513,0.029250714631847,0.9694844152013744,train,High,High
187,California,Tulare,06107,42789.0,455769.0,13.992071425585046,3.795,0.0854,5.6149,89.0395,1.1144,0.0,0.3069,0.0439,92.0,12495016292.0,20.1856642290283,3.647606288371217e-05,1.2437,1,-0.16655044397655028,0.85653,0.8564258,0.011488804556377071,0.8449370172247814,train,High,High
188,California,Yolo,06113,57663.0,209671.0,40.024378671117,4.0467,0.3617,5.0965,86.1779,3.6734,0.0083,0.3059,0.3296,137.0,2628256658.0,65.34046196183544,7.977569441774054e-05,4.3647,1,-0.16655044397655028,0.9980276,0.9984184,0.03718895690454345,0.9612294338463415,train,High,High
189,California,Humboldt,06023,42685.0,135182.0,28.22569112130513,8.7789,0.2161,3.4382,84.468,2.3584,0.0009,0.2792,0.4603,84.0,9240992572.0,62.13845038540634,1.462851516725578e-05,3.0348,1,-0.16655044397655028,0.9834403,0.98377997,0.03536651079766982,0.9484134560335374,train,High,High
190,California,Nevada,06057,57429.0,98639.0,34.402034254039584,6.934,0.271,3.4747,86.1485,2.5812,0.0,0.3735,0.217,42.0,2480606160.0,42.57950709151553,3.9764071213948774e-05,3.0692,1,-0.16655044397655028,0.9945322,0.9949107,0.024234408614496307,0.9706763083960017,train,High,High
191,California,Alpine,06003,62375.0,1184.0,29.746835443037973,8.9989,0.0,5.3993,84.027,1.2373,0.0,0.3375,0.0,6.0,1912292633.0,506.7567567567568,6.1915210024239e-07,1.2373,1,-0.16655044397655028,0.77471495,0.77432454,0.2884239661348095,0.4859005701887379,train,High,High
192,California,Madera,06039,45742.0,153366.0,13.129912159038373,4.4527,0.1389,5.2785,88.395,1.3468,0.0,0.31,0.0781,55.0,5535098260.0,35.86192506813766,2.770790919979079e-05,1.5638,1,-0.16655044397655028,0.8747353,0.87469476,0.020411052291793047,0.8542837123223121,train,High,High
193,California,Mendocino,06045,43510.0,87409.0,24.078819331819656,7.9274,0.2151,3.335,85.4439,2.4032,0.0,0.3118,0.3635,75.0,9081421729.0,85.8035213765173,9.62503478071875e-06,2.9818000000000002,1,-0.16655044397655028,0.97547454,0.9757864,0.04883564276899611,0.9269507451513835,train,High,High
194,California,Santa Cruz,06087,70088.0,270931.0,38.99148739644329,3.5268,0.607,3.3144,87.1971,4.4255,0.0014,0.3364,0.5915,108.0,1152967330.0,39.86254802883391,0.0002349858430073643,5.6240000000000006,1,-0.16655044397655028,0.99823534,0.99862677,0.022688033360025468,0.9759387352289943,test,High,High
195,California,Trinity,06105,35270.0,13180.0,20.064788455875135,10.9346,0.0867,3.0695,84.4576,0.8883,0.0,0.4983,0.065,7.0,8234265201.0,53.11077389984826,1.6006285537657168e-06,1.04,1,-0.16655044397655028,0.5891361,0.5880966,0.030228348903961828,0.5578682697483819,train,High,High
196,California,Los Angeles,06037,57952.0,10057155.0,30.76410453452649,1.2674,0.4209,3.5935,90.3478,3.6272,0.0063,0.2631,0.4739,4660.0,10510651024.0,46.335171328273255,0.0009568536693907459,4.522,1,-0.16655044397655028,0.99736255,0.99775094,0.026371969801778656,0.9713789681369115,train,High,High
197,California,Riverside,06065,57972.0,2323892.0,21.18904265516415,2.6603,0.1702,4.5171,89.9353,2.2161,0.0013,0.2412,0.2583,648.0,18664206749.0,27.884256239102335,0.00012451062245785028,2.6445999999999996,1,-0.16655044397655028,0.988054,0.9884098,0.01587050921367704,0.9725393080051035,train,High,High
198,California,San Bernardino,06071,54469.0,2106754.0,19.317209507960786,2.3219,0.1345,4.2094,91.0484,1.8126,0.0012,0.2573,0.2147,544.0,51948120575.0,25.821714352980937,4.0554960924108464e-05,2.1618,1,-0.16655044397655028,0.96576256,0.96604043,0.014696599831744811,0.9513438326214108,train,High,High
199,California,Santa Clara,06085,101173.0,1885056.0,49.10329904690741,1.6042,1.5575,3.0771,87.9048,4.6421,0.0088,0.2368,0.9687,2031.0,3344210021.0,107.74215726217153,0.000563677516711801,7.1683,1,-0.16655044397655028,0.99834335,0.99873513,0.06132216275981907,0.9374129670734024,train,High,High
200,California,Marin,06041,100310.0,259358.0,57.081336938703444,2.9622,1.2322,3.2358,84.5434,6.8889,0.0044,0.301,0.832,215.0,1348061297.0,82.89699951418503,0.00019239332853571273,8.953100000000001,1,-0.16655044397655028,0.99834335,0.99873513,0.047181376590965066,0.9515537532422563,test,High,High
201,California,Placer,06061,76926.0,370571.0,36.901690582155744,4.5953,0.4013,4.3907,86.9941,3.0242,0.0031,0.2864,0.3049,192.0,3644333049.0,51.811933475636245,0.00010168417513368713,3.7304,1,-0.16655044397655028,0.99834335,0.99873513,0.029489105269747663,0.9692460245634738,train,High,High
202,California,Siskiyou,06093,38524.0,43668.0,22.156028368794324,10.4823,0.0853,3.7808,83.8977,1.1985,0.0,0.5164,0.039,30.0,16261974847.0,68.70019236053861,2.6852827169423304e-06,1.3227999999999998,1,-0.16655044397655028,0.9240002,0.924132,0.03910116972423908,0.8850308197548259,train,High,High
203,California,Shasta,06089,45582.0,179228.0,20.091028865732426,7.0487,0.0844,4.3512,86.2099,1.8508,0.0,0.3757,0.0793,53.0,9778179454.0,29.57127234583882,1.832938338298572e-05,2.0145,1,-0.16655044397655028,0.95860887,0.9588617,0.016830685609848503,0.9420310230312038,train,High,High
204,California,Solano,06095,69227.0,429596.0,25.121947003612604,2.4882,0.2076,3.6832,90.0394,3.0369,0.0005,0.2539,0.2903,182.0,2128380148.0,42.36538515256194,0.00020184176233915897,3.5348000000000006,1,-0.16655044397655028,0.9917938,0.9921627,0.024112539694060554,0.9680501647737129,train,High,High
205,California,Del Norte,06015,42363.0,27628.0,14.906672166649479,7.514,0.0534,5.1215,85.5113,1.3084,0.0,0.3418,0.1495,15.0,2606100217.0,54.29274648906906,1.0601280725805641e-05,1.5113,1,-0.16655044397655028,0.6567636,0.6559607,0.030901076435465327,0.6250596026187949,train,High,High
206,California,Glenn,06021,41699.0,27976.0,12.707924950994121,8.6039,0.0486,5.1885,84.685,0.8941,0.0,0.5125,0.0673,2.0,3403104376.0,7.148984844152131,8.22072934268414e-06,1.01,1,-0.16655044397655028,0.3487275,0.34684706,0.004068892096840321,0.342778165245689,train,High,Low
207,California,Butte,06007,44366.0,223877.0,26.145642162124727,5.6965,0.1109,4.0611,87.5959,2.0642,0.0,0.384,0.0874,43.0,4238423343.0,19.206975258735824,5.282082082945908e-05,2.2625,1,-0.16655044397655028,0.977442,0.97776073,0.01093177724364675,0.9668289549302729,test,High,High
208,California,Plumas,06063,50125.0,18754.0,21.939444099593075,9.1616,0.063,3.9819,85.601,0.7722,0.0,0.394,0.0263,4.0,6612400993.0,21.32878319291884,2.8361861326700096e-06,0.8614999999999999,1,-0.16655044397655028,0.82171047,0.82148445,0.012139418289560073,0.8093450282360136,train,High,High
209,California,San Luis Obispo,06079,64014.0,278680.0,34.05896552659416,5.7945,0.3208,4.394,85.5675,3.3641,0.0,0.3121,0.2471,241.0,8548640337.0,86.47911583177839,3.259933615335582e-05,3.932,1,-0.16655044397655028,0.9970335,0.9974207,0.04922016183003868,0.9482005663765959,train,High,High
210,California,Kern,06029,49788.0,871337.0,15.664682616171039,3.9471,0.1087,5.8454,88.4542,1.2868,0.0,0.2648,0.093,225.0,21061589620.0,25.82238559822434,4.13709038928658e-05,1.4885,1,-0.16655044397655028,0.9402366,0.9404252,0.014696981875423105,0.9257282352762187,train,High,High
211,California,Ventura,06111,78593.0,843110.0,32.19986458160759,2.7384,0.329,4.4756,88.5184,3.2936,0.001,0.2272,0.4168,319.0,4773390489.0,37.83610679508012,0.00017662707501992512,4.0394000000000005,1,-0.16655044397655028,0.9976375,0.9980269,0.021534670903609453,0.9764922365403907,train,High,High
212,California,Calaveras,06009,53502.0,44787.0,20.21977372758692,8.9009,0.1296,3.8631,84.8806,1.789,0.0,0.337,0.0997,9.0,2641820834.0,20.095116886596557,1.695308002102008e-05,2.0183,1,-0.16655044397655028,0.837325,0.8371536,0.011437268936419534,0.8257163446309328,test,High,High
213,California,San Mateo,06081,98546.0,754748.0,47.0513648875261,1.7798,1.1516,3.4585,87.4209,5.3207,0.0044,0.2565,0.6075,1366.0,1161658961.0,180.987561411226,0.0006497156440391803,7.0798000000000005,1,-0.16655044397655028,0.99834335,0.99873513,0.10301026989236525,0.8957248599408562,train,High,High
214,California,Tuolumne,06109,50731.0,53864.0,19.74246817712685,7.432,0.0658,4.2162,86.3802,1.4376,0.0,0.3947,0.0735,27.0,5752184086.0,50.12624387345908,9.364095306180713e-06,1.5769,1,-0.16655044397655028,0.9153905,0.9154922,0.028529683862436227,0.8869624931471463,train,High,High
215,California,Amador,06005,57032.0,36963.0,21.51255826897655,8.1658,0.1119,4.1033,85.4173,1.727,0.0,0.3738,0.1009,14.0,1539933576.0,37.875713551389225,2.4002983359848504e-05,1.9398000000000002,1,-0.16655044397655028,0.9323639,0.932525,0.021557213351417193,0.9109677657631152,test,High,High
216,California,Lake,06033,36132.0,64076.0,16.156808446194454,6.1898,0.139,3.8285,87.6143,1.7359,0.0,0.3676,0.1251,13.0,3254288286.0,20.288407516074663,1.9689712271545202e-05,2.0,1,-0.16655044397655028,0.6978107,0.6971513,0.011547281579028519,0.6856040217122923,train,High,High
217,California,Modoc,06049,41194.0,9033.0,18.270237917103096,13.347,0.0455,5.116,79.9454,0.7617,0.0,0.7844,0.0,3.0,10140955630.0,33.211557622052474,8.907444554118417e-07,0.8072,1,-0.16655044397655028,0.71115756,0.7105449,0.018902578097177818,0.6916423061076867,train,High,High
218,California,Inyo,06027,47278.0,18326.0,24.491800801027733,7.7733,0.1013,4.4129,85.5511,1.5592,0.0,0.5291,0.0732,15.0,26368508405.0,81.85092218705664,6.949957016349481e-07,1.7336999999999998,1,-0.16655044397655028,0.9307879,0.9309434,0.046585994748392236,0.88435743472167,test,High,High
219,California,Santa Barbara,06083,65161.0,439395.0,32.23111150564241,3.1008,0.3371,4.3757,88.697,2.9497,0.0006,0.2898,0.2494,243.0,7084000598.0,55.303314785102245,6.20263922795338e-05,3.5362,1,-0.16655044397655028,0.99701846,0.9974057,0.03147624807768952,0.9659294597584616,train,High,High
220,California,Imperial,06025,42560.0,178807.0,13.957224714196826,2.3982,0.0496,4.7899,91.8076,0.6661,0.0,0.2669,0.0218,23.0,10817291640.0,12.86303108938688,1.652973830702784e-05,0.7375,1,-0.16655044397655028,0.7065537,0.70592487,0.007321079381477544,0.6986037892022017,test,High,High
221,California,Alameda,06001,79831.0,1605217.0,43.8878304540012,1.7211,1.0483,2.9831,88.5048,4.7924,0.0041,0.2941,0.652,996.0,1914242789.0,62.047685764603784,0.0008385649977234941,6.4927,1,-0.16655044397655028,0.99834335,0.99873513,0.03531485151228774,0.9634202783209337,test,High,High
222,California,Napa,06055,74609.0,140823.0,33.04608043766646,4.1939,0.4395,3.9067,86.8888,3.7873,0.0,0.3677,0.4161,226.0,1938165958.0,160.48514802269514,7.265786472966212e-05,4.6429,1,-0.16655044397655028,0.99741,0.9977986,0.09134118545291708,0.9064574362015934,train,High,High
223,California,San Francisco,06075,87701.0,850282.0,54.79323462806149,1.822,0.8688,2.8958,85.7489,7.7354,0.0084,0.3257,0.5952,502.0,121455687.0,59.039236394513814,0.0070007590505004515,9.1994,1,-0.16655044397655028,0.99834335,0.99873513,0.03360257261779316,0.9651325572154282,train,High,High
224,California,Colusa,06011,54946.0,21361.0,14.42652329749104,8.6785,0.0565,6.8514,83.0896,0.893,0.0,0.4157,0.0154,5.0,2980372757.0,23.407143860306164,7.167224284220633e-06,0.9649,1,-0.16655044397655028,0.45950675,0.4580138,0.01332233103567305,0.4446914717311269,train,High,Low
225,California,Kings,06031,47241.0,150261.0,12.788734848567351,3.6648,0.082,6.8586,87.7617,1.2206,0.0,0.3515,0.0608,57.0,3598583450.0,37.933994848962804,4.1755596914113525e-05,1.3634,1,-0.16655044397655028,0.9222791,0.9224049,0.021590384538132563,0.9008145007539207,train,High,High
226,California,Fresno,06019,45963.0,963160.0,19.731980053044534,2.5237,0.2632,5.0135,90.2965,1.5397,0.0,0.2707,0.0927,364.0,15433177265.0,37.79226712072761,6.24084064779256e-05,1.8956000000000002,1,-0.16655044397655028,0.9659344,0.96621287,0.021509719262447855,0.9447031494280429,train,High,High
227,California,Orange,06059,78145.0,3132211.0,38.447168065082515,1.6774,0.5529,3.9253,89.656,3.2887,0.0125,0.2668,0.6204,2079.0,2047702298.0,66.37483873212884,0.001529622251759567,4.462,1,-0.16655044397655028,0.99834335,0.99873513,0.03777767929765983,0.9609574505355616,train,High,High
228,California,Sutter,06101,52943.0,95406.0,17.90138569260148,5.2848,0.0531,4.8925,87.8625,1.5264,0.0,0.3133,0.0673,6.0,1560255999.0,6.2889126470033325,6.114765785944592e-05,1.6467999999999998,1,-0.16655044397655028,0.7416507,0.74114466,0.003579376306559487,0.7375652808284503,test,High,High
229,California,San Joaquin,06077,55045.0,714860.0,18.162139910248985,2.7139,0.1684,4.6598,90.0872,1.9456,0.0,0.2804,0.1447,188.0,3606276598.0,26.29885572000112,0.00019822661423043734,2.2586999999999997,1,-0.16655044397655028,0.97590524,0.9762186,0.014968168002564492,0.9612504131970815,train,High,High
230,California,Merced,06047,44397.0,265001.0,13.66227728429692,3.6217,0.079,4.8741,89.7967,1.2596,0.0005,0.3057,0.0627,40.0,5012175306.0,15.09428266308429,5.2871454771897396e-05,1.4013,1,-0.16655044397655028,0.7929967,0.79267025,0.00859101100004942,0.7840792389389154,test,High,High
231,California,Mariposa,06043,49265.0,17645.0,22.636632200886265,7.9373,0.0947,3.9318,85.8414,1.7159,0.0,0.3948,0.0842,13.0,3752420463.0,73.67526211391329,4.70229820298259e-06,1.8948,1,-0.16655044397655028,0.9274056,0.9275493,0.041932763641701974,0.8856165389362705,train,High,High
232,California,Yuba,06115,48739.0,73897.0,15.54797366751963,5.565,0.0634,4.5591,87.7139,1.6932,0.0,0.3303,0.0751,11.0,1636971148.0,14.885583988524568,4.514251829684661e-05,1.8316999999999999,1,-0.16655044397655028,0.8407097,0.8405501,0.00847222876648073,0.8320778958787525,train,High,High
233,California,Contra Costa,06013,82881.0,1107925.0,40.26963128254171,2.1998,0.5898,3.7338,88.5866,4.0998,0.0021,0.2389,0.5492,425.0,1871930816.0,38.359997292235484,0.0005918621513841247,5.2388,1,-0.16655044397655028,0.99823534,0.99862677,0.021832846651628966,0.9767939219373908,train,High,High
234,California,Lassen,06035,51457.0,31945.0,12.538346919098958,11.2873,0.0308,5.5931,81.9815,0.6634,0.0,0.4174,0.0264,6.0,11761603010.0,18.782282047268744,2.716041340014587e-06,0.7206,1,-0.16655044397655028,0.33635285,0.33442914,0.010690060288108138,0.3237390845712058,test,High,Low
235,California,Stanislaus,06099,51591.0,530561.0,16.51974202427048,3.5628,0.1401,5.1038,89.2891,1.513,0.0,0.2894,0.1017,106.0,3874642752.0,19.978852573031187,0.00013693159188060287,1.7547999999999997,1,-0.16655044397655028,0.94802034,0.94823617,0.011371096331927628,0.93686507109895,train,High,High
236,California,Sonoma,06097,66833.0,497776.0,33.067991569148106,4.4053,0.5305,3.7125,86.3187,4.1668,0.0012,0.2918,0.5732,312.0,4081437574.0,62.678795281411716,0.0001219609490467243,5.2705,1,-0.16655044397655028,0.99778193,0.99817175,0.035674051675829994,0.9624976950549744,train,High,High
237,California,Tehama,06103,40687.0,63015.0,13.805987576479382,8.6072,0.04,4.9275,84.7245,1.2423,0.0,0.4202,0.0382,20.0,7639720404.0,31.738474966277874,8.248338508174546e-06,1.3205,1,-0.16655044397655028,0.752236,0.751767,0.01806416334225261,0.7337028163521139,train,High,High
238,California,Mono,06051,58937.0,14051.0,30.644987617099172,7.2241,0.0521,4.6974,86.3419,1.3111,0.0,0.3126,0.0608,17.0,7896839510.0,120.98783004768343,1.7793194330727889e-06,1.424,1,-0.16655044397655028,0.9592234,0.9594784,0.06886102519822368,0.8906173530976748,train,High,High
239,California,San Benito,06069,73814.0,58051.0,18.954747551894382,5.3009,0.1191,5.416,86.4075,2.1275,0.0,0.2818,0.3473,17.0,3596755292.0,29.28459458062738,1.6139824727336495e-05,2.5939,1,-0.16655044397655028,0.86601603,0.865945,0.016667521060106473,0.8492774605149057,test,High,High
240,California,Sacramento,06067,57509.0,1479300.0,29.283682319617753,2.3468,0.2388,4.7401,89.6591,2.5833,0.0037,0.2406,0.1876,635.0,2499183617.0,42.92570810518488,0.0005919132911793571,3.0096999999999996,1,-0.16655044397655028,0.9970317,0.99741894,0.02443145121552932,0.9729874888517619,train,High,High
241,California,El Dorado,06017,72586.0,183000.0,32.983115886415966,6.1741,0.296,3.9121,86.4399,2.593,0.0012,0.2659,0.3177,76.0,4423349463.0,41.53005464480874,4.137136383429355e-05,3.2066999999999997,1,-0.16655044397655028,0.9970451,0.9974324,0.02363710580025018,0.9737953049167604,train,High,High
242,California,Monterey,06053,60889.0,430201.0,23.649148231397138,3.0107,0.1888,4.8486,89.2037,2.2966,0.0,0.2735,0.1782,218.0,8496669426.0,50.67398727571531,5.0631721493550787e-05,2.6636,1,-0.16655044397655028,0.99037313,0.9907371,0.028841435649455315,0.9618956449245804,train,High,High
243,California,Sierra,06091,43984.0,2931.0,19.781604367912642,10.9439,0.0,3.4656,84.0857,1.026,0.0,0.456,0.0228,3.0,2468694587.0,102.35414534288638,1.1872671554571687e-06,1.0488,1,-0.16655044397655028,0.6241194,0.62320226,0.05825554007226449,0.5649467242366649,train,High,High
244,Colorado,Phillips,08095,46955.0,4347.0,20.395387149917628,10.1793,0.0,10.3287,77.867,0.5603,0.0,1.0646,0.0,2.0,1781724973.0,46.008741660915575,2.439770484150923e-06,0.5603,1,0.09078701554,0.23676737,0.23449533,0.026186180193513875,0.20830914668312644,test,High,Low
245,Colorado,Denver,08031,56258.0,663303.0,45.71896562401898,1.8121,0.1235,6.6161,88.8392,1.9218,0.0,0.5965,0.0909,439.0,397133930.0,66.1839310239815,0.0016702249540853887,2.1362,1,0.09078701554,0.99872583,0.999119,0.0376690229105167,0.9614499608350583,test,High,High
246,Colorado,Kiowa,08061,38385.0,1465.0,20.233050847457626,16.9021,0.0,9.4715,71.9519,0.314,0.0,1.3605,0.0,0.0,4578603605.0,0.0,3.199665501508292e-07,0.314,0,0.09078701554,0.08357025,0.08076235,0.0,0.0807623490691185,train,Low,Low
247,Colorado,Baca,08009,37477.0,3648.0,21.840397098129056,13.4982,0.0,9.769,75.6992,0.3445,0.0,0.6688,0.0203,0.0,6617400584.0,0.0,5.512738655750087e-07,0.36479999999999996,0,0.09078701554,0.05044566,0.047521893,0.0,0.04752189293503761,test,Low,Low
248,Colorado,Gilpin,08047,67544.0,5708.0,34.36504324078288,7.2716,0.1121,5.6539,84.9363,1.3134,0.0,0.6006,0.1121,37.0,388228973.0,648.2130343377715,1.4702663626292518e-05,1.5376,1,0.09078701554,0.866733,0.86666447,0.36893474388091957,0.4977297253611764,train,High,High
249,Colorado,Kit Carson,08063,44449.0,8174.0,13.831068295200414,12.3782,0.0107,11.3074,75.008,0.3641,0.0,0.9316,0.0,8.0,5596501948.0,97.87129924149743,1.460555196075847e-06,0.37479999999999997,0,0.09078701554,0.2140376,0.21168604,0.05570409850805227,0.15598194642335947,train,Low,Low
250,Colorado,Gunnison,08051,50746.0,15889.0,52.59295984134854,8.2214,0.0642,7.4405,82.8136,0.8665,0.0,0.5723,0.0214,22.0,8389338061.0,138.46057020580275,1.8939515709664998e-06,0.9521000000000001,1,0.09078701554,0.9692534,0.9695435,0.0788057510424352,0.8907377655934596,train,High,High
251,Colorado,Jefferson,08059,72017.0,558810.0,42.220226197404045,3.4718,0.0989,6.1982,87.8865,1.5804,0.0,0.6639,0.1002,167.0,1979302374.0,29.884934056298206,0.0002823267467065646,1.7795,1,0.09078701554,0.9983791,0.998771,0.01700920825083768,0.9817618035785386,train,High,High
252,Colorado,Ouray,08091,62800.0,4651.0,54.49229133439659,9.7617,0.0285,7.4782,80.8335,1.3843,0.0,0.4852,0.0285,6.0,1402719349.0,129.00451515803053,3.315702462731196e-06,1.4413,1,0.09078701554,0.8251792,0.82496536,0.0734237746513899,0.7515415831290666,train,High,High
253,Colorado,Rio Blanco,08103,56771.0,6658.0,21.849331142924196,15.7636,0.0,8.9395,74.1777,0.2866,0.0,0.8189,0.0136,2.0,8342275114.0,30.039050765995796,7.981036238935047e-07,0.3002,0,0.09078701554,0.21878673,0.2164518,0.017096924797417364,0.1993548691116555,train,Low,Low
254,Colorado,Weld,08123,62820.0,278065.0,26.76190530525619,6.8387,0.0604,7.818,83.3126,1.167,0.0,0.7405,0.0627,70.0,10326716698.0,25.17397011490119,2.6926757858463718e-05,1.2901,1,0.09078701554,0.9871868,0.9875396,0.01432793190636063,0.9732116574986992,test,High,High
255,Colorado,Conejos,08021,34630.0,8213.0,18.33995084136888,10.2523,0.0189,6.416,81.9616,0.3591,0.0,0.9922,0.0,0.0,3334423634.0,0.0,2.4630943459777554e-06,0.378,0,0.09078701554,0.12605363,0.123394325,0.0,0.12339432537555695,train,Low,Low
256,Colorado,Costilla,08023,26610.0,3590.0,20.030639601685177,8.2427,0.0,5.4806,85.2762,0.2175,0.0,0.7829,0.0,2.0,3179452292.0,55.71030640668524,1.12912529275341e-06,0.2175,0,0.09078701554,0.20520248,0.20282002,0.03170789005604591,0.1711121278777996,test,Low,Low
257,Colorado,Douglas,08035,105759.0,314238.0,57.526355403165105,3.7001,0.136,8.2061,85.7486,1.7209,0.0,0.3647,0.1236,75.0,2176272717.0,23.867259847631413,0.00014439274891667907,1.9805,1,0.09078701554,0.99853456,0.99892706,0.013584209098820577,0.9853428476905777,train,High,High
258,Colorado,Eagle,08037,78763.0,52894.0,45.034705142919606,6.3583,0.103,8.3603,83.4908,1.2232,0.0,0.3867,0.0777,133.0,4362874882.0,251.44628880402314,1.2123657320136737e-05,1.4039000000000001,1,0.09078701554,0.987656,0.98801047,0.14311232148315725,0.8448981446156282,train,High,High
259,Colorado,La Plata,08067,61910.0,53994.0,42.99788695192815,9.2043,0.0388,7.009,82.0636,1.1083,0.0,0.5462,0.03,51.0,4376514359.0,94.45493943771531,1.2337215320444469e-05,1.1771,1,0.09078701554,0.98826075,0.9886173,0.053759654687200856,0.9348576463000428,train,High,High
260,Colorado,Moffat,08081,53664.0,13034.0,18.868142000922084,13.8302,0.0,8.5979,76.6952,0.2121,0.0,0.6576,0.0071,7.0,12284943876.0,53.70569280343716,1.0609735080241893e-06,0.2192,0,0.09078701554,0.31310946,0.31110445,0.030566950940173147,0.28053749570937825,train,Low,Low
261,Colorado,Rio Grande,08105,40177.0,11623.0,22.56659836065574,9.3104,0.0079,7.8141,81.6167,0.2929,0.0,0.95,0.0079,13.0,2361956094.0,111.84719951819667,4.920921277717875e-06,0.30870000000000003,0,0.09078701554,0.53254426,0.5313068,0.06365857476192302,0.4676482284645479,train,Low,High
262,Colorado,Bent,08011,34773.0,5816.0,9.492320819112628,8.704,0.0,7.2692,83.0703,0.2391,0.0,0.7174,0.0,1.0,3918303376.0,17.1939477303989,1.4843158994843486e-06,0.2391,0,0.09078701554,0.059002597,0.056108758,0.009786049286554747,0.04632270856695325,train,Low,Low
263,Colorado,Crowley,08025,31719.0,5537.0,10.248862724110248,10.7198,0.0,6.4931,81.4395,0.3369,0.0,1.0107,0.0,0.0,2039420471.0,0.0,2.714986967491315e-06,0.3369,0,0.09078701554,0.031119192,0.028127823,0.0,0.028127823024988174,train,Low,Low
264,Colorado,San Juan,08111,41250.0,552.0,28.44638949671772,6.0769,0.0,5.0045,87.5782,0.5362,0.0,0.8043,0.0,2.0,1003660601.0,362.3188405797101,5.499867180698468e-07,0.5362,0,0.09078701554,0.48535064,0.4839481,0.20621616902392176,0.2777319425101969,train,Low,Low
265,Colorado,Jackson,08057,45053.0,1306.0,19.071644803229063,15.936,0.0,6.4466,76.2764,0.0516,0.0,1.2378,0.0516,0.0,4179530269.0,0.0,3.124753060617205e-07,0.1032,0,0.09078701554,0.104381405,0.1016463,0.0,0.1016462966799736,train,Low,Low
266,Colorado,Logan,08075,43340.0,21862.0,16.715502555366268,8.1608,0.0048,9.4603,80.8951,0.5625,0.0,0.8777,0.0388,4.0,4761948003.0,18.296587686396485,4.590978311024619e-06,0.6061000000000001,1,0.09078701554,0.35727188,0.35542133,0.010413624124161084,0.3450077103809201,train,High,Low
267,Colorado,Montezuma,08083,41622.0,26006.0,27.018565308140175,11.4989,0.0144,7.6695,79.4565,0.7218,0.0,0.6208,0.018,6.0,5255807830.0,23.071598861801125,4.948050012703756e-06,0.7542,1,0.09078701554,0.77121705,0.7708144,0.013131353376282953,0.7576830654164417,train,High,High
268,Colorado,Teller,08119,63723.0,23472.0,32.57455042112451,8.069,0.0248,6.4864,84.0466,0.7593,0.0,0.5642,0.0497,9.0,1442734232.0,38.34355828220859,1.6269108668380165e-05,0.8338,1,0.09078701554,0.9849882,0.9853333,0.02182349028013896,0.9635098331985598,train,High,High
269,Colorado,Boulder,08013,72282.0,313961.0,59.312664868549746,3.209,0.4289,5.0168,87.3623,3.246,0.0,0.5566,0.1805,401.0,1881211993.0,127.72287003799835,0.00016689293985380202,3.8554,1,0.09078701554,0.9986595,0.99905246,0.07269431783849448,0.9263581471235112,train,High,High
270,Colorado,Las Animas,08071,42808.0,14322.0,18.947876447876446,8.9684,0.0062,6.7771,82.7527,0.6771,0.0,0.8125,0.0062,6.0,12361852550.0,41.89359028068706,1.1585642153610706e-06,0.6895,1,0.09078701554,0.51292455,0.51161844,0.023844014516381403,0.4877744208664616,test,High,High
271,Colorado,Lincoln,08073,40438.0,5515.0,13.679823486148566,12.2449,0.0,8.6942,77.6838,0.4148,0.0,0.9623,0.0,4.0,6676158690.0,72.52946509519492,8.260738331850527e-07,0.4148,0,0.09078701554,0.19008328,0.18764794,0.041280625675867565,0.14636731305246495,train,Low,Low
272,Colorado,Routt,08107,63505.0,23980.0,49.413186054539175,8.9626,0.04,7.6459,82.2094,0.6547,0.0,0.462,0.0255,31.0,6117602778.0,129.2743953294412,3.919836064910326e-06,0.7202,1,0.09078701554,0.9823959,0.98273194,0.07357737873931088,0.9091545596228107,train,High,High
273,Colorado,Alamosa,08003,32385.0,16353.0,25.803686240891555,7.5131,0.0067,7.4394,83.5677,0.596,0.0,0.8504,0.0268,11.0,1871465871.0,67.26594508652848,8.738070115733359e-06,0.6295000000000001,1,0.09078701554,0.7396918,0.7391789,0.03828485838418801,0.7008940375661293,train,High,High
274,Colorado,Clear Creek,08019,68250.0,9238.0,44.56218627997769,5.3986,0.0726,5.899,86.8544,0.9764,0.0,0.7505,0.0484,14.0,1023554666.0,151.54795410261963,9.025409493858924e-06,1.0974,1,0.09078701554,0.84498936,0.84484476,0.08625452231093675,0.7585902361996528,test,High,High
275,Colorado,Fremont,08043,42308.0,46835.0,16.39736849349005,8.568,0.0137,6.2902,83.6591,0.6531,0.0,0.7906,0.0252,12.0,3970664556.0,25.621863990605316,1.1795254758861076e-05,0.6920000000000001,1,0.09078701554,0.78538847,0.78503543,0.014582853673689097,0.7704525777113512,train,High,High
276,Colorado,Pueblo,08101,42000.0,162158.0,21.238946187928594,4.9711,0.0168,6.6735,86.8462,0.8014,0.0,0.6472,0.0438,35.0,6179900085.0,21.58388731977454,2.623958280386988e-05,0.862,1,0.09078701554,0.95736474,0.9576132,0.012284612493809027,0.9453286172577778,train,High,High
277,Colorado,Montrose,08085,43890.0,40866.0,23.78238341968912,9.5909,0.0071,6.0334,82.9814,0.7101,0.0,0.649,0.0282,13.0,5804023644.0,31.811285665345277,7.040977519491304e-06,0.7454,1,0.09078701554,0.82930106,0.8291016,0.01810560403410736,0.8109960180705374,train,High,High
278,Colorado,Morgan,08087,49495.0,28288.0,16.103838961610386,9.2893,0.0063,8.6423,80.34,0.7453,0.0,0.9514,0.0254,3.0,3316441508.0,10.605203619909503,8.529624277033985e-06,0.7769999999999999,1,0.09078701554,0.52145416,0.5201779,0.006036021915717167,0.514141878875451,train,High,High
279,Colorado,Park,08093,61675.0,16440.0,30.478569755640567,9.4015,0.0327,6.3626,82.7934,0.6162,0.0,0.7329,0.0607,5.0,5682170112.0,30.413625304136254,2.8932607922597867e-06,0.7095999999999999,1,0.09078701554,0.9485099,0.94872737,0.01731011637792044,0.9314172529305512,train,High,High
280,Colorado,Saguache,08109,32457.0,6255.0,25.468503048092124,10.0282,0.0134,6.0277,82.199,0.9397,0.0,0.7518,0.0403,4.0,8206547711.0,63.948840927258196,7.62196263310069e-07,0.9934,1,0.09078701554,0.64746416,0.6466287,0.03639690657112864,0.6102317712738726,train,High,High
281,Colorado,Mesa,08077,50070.0,148166.0,26.100481101031214,7.938,0.0273,6.8055,83.5892,0.9036,0.0,0.7076,0.0287,80.0,8621911414.0,53.99349378399903,1.7184820498087292e-05,0.9595999999999999,1,0.09078701554,0.98330885,0.98364806,0.030730754775374867,0.9529173069769444,train,High,High
282,Colorado,Prowers,08099,41037.0,12121.0,15.394450837488813,8.4834,0.0078,8.8967,81.4659,0.2651,0.0,0.8811,0.0,5.0,4243421953.0,41.250721887633034,2.8564210993513707e-06,0.2729,0,0.09078701554,0.2538438,0.2516315,0.023478121710503428,0.22815337662628857,train,Low,Low
283,Colorado,Hinsdale,08053,51250.0,856.0,40.94151212553495,7.4811,0.0947,10.5114,80.8712,0.4735,0.0,0.4735,0.0947,2.0,2893614470.0,233.64485981308408,2.9582379023699034e-07,0.6629,1,0.09078701554,0.78017837,0.7798071,0.13298052021168785,0.6468265705475895,train,High,High
284,Colorado,El Paso,08041,60219.0,665171.0,36.56605968328424,3.3556,0.048,6.3877,88.3591,1.24,0.0,0.5419,0.0678,102.0,5508492691.0,15.334402732530432,0.00012075372289896717,1.3558000000000001,1,0.09078701554,0.99817336,0.99856454,0.008727676928731777,0.9898368644111425,train,High,High
285,Colorado,Washington,08121,46315.0,4814.0,15.991723322494828,13.5941,0.0,8.4001,76.5309,0.4328,0.0,1.042,0.0,2.0,6521806788.0,41.54549231408392,7.381390090944841e-07,0.4328,0,0.09078701554,0.29931027,0.29725698,0.023645892252015955,0.2736110841140271,test,Low,Low
286,Colorado,Grand,08049,67623.0,14490.0,37.170531805904815,9.2898,0.056,6.6988,82.5564,0.6939,0.0,0.6827,0.0224,18.0,4782260510.0,124.22360248447205,3.0299478603686524e-06,0.7723,1,0.09078701554,0.9624938,0.9627602,0.07070268652248746,0.892057523514744,test,High,High
287,Colorado,Arapahoe,08005,66288.0,617668.0,40.7296715848674,2.1826,0.0971,7.0233,88.5463,1.6486,0.0,0.4193,0.0828,202.0,2066627495.0,32.7036530951903,0.000298877277832791,1.8285,1,0.09078701554,0.9984297,0.9988218,0.018613500870081803,0.980208294116643,train,High,High
288,Colorado,Otero,08089,34477.0,18440.0,17.112082928409457,7.1443,0.0052,8.0697,83.3747,0.4756,0.0,0.9202,0.0103,9.0,3268464526.0,48.80694143167028,5.641792913251279e-06,0.4911,0,0.09078701554,0.26993725,0.26778123,0.027778794135326555,0.2400024336917456,train,Low,Low
289,Colorado,Broomfield,08014,83334.0,62449.0,52.45743125324277,2.6476,0.1697,6.1828,88.2817,2.131,0.0,0.4716,0.1156,48.0,85478497.0,76.86271997950328,0.0007305813999045866,2.4163,1,0.09078701554,0.9975987,0.9979879,0.04374692640761126,0.9542409995987059,train,High,High
290,Colorado,Archuleta,08007,45607.0,12355.0,34.93143170597916,10.716,0.0068,7.2682,80.7356,0.8874,0.0,0.3793,0.0068,8.0,3496717295.0,64.75111290975315,3.533313950677846e-06,0.901,1,0.09078701554,0.9484684,0.94868577,0.036853524986225766,0.9118322402801927,train,High,High
291,Colorado,Huerfano,08055,33257.0,6521.0,25.990675990675992,10.0617,0.0131,5.6671,82.8283,0.6821,0.0,0.7477,0.0,4.0,4120756339.0,61.34028523232633,1.5824764833298726e-06,0.6952,1,0.09078701554,0.59210515,0.591076,0.03491222981174814,0.5561637866143383,train,High,High
292,Colorado,Chaffee,08015,50993.0,18507.0,34.41196938065414,8.1092,0.0091,6.9727,83.2111,0.8829,0.0,0.7924,0.0226,19.0,2624715689.0,102.6638569190036,7.051049406060071e-06,0.9146,1,0.09078701554,0.9715916,0.97188985,0.05843181446811723,0.9134580390093608,train,High,High
293,Colorado,Garfield,08045,61300.0,57495.0,29.134628088254722,8.8703,0.0392,7.4432,81.5923,1.3612,0.0,0.6453,0.0487,77.0,7634080241.0,133.9246891034003,7.531359140190101e-06,1.4490999999999998,1,0.09078701554,0.96426344,0.9645361,0.0762241242559594,0.8883119465677101,train,High,High
294,Colorado,Mineral,08079,49125.0,793.0,42.49649368863955,9.4563,0.0,8.5697,80.7329,0.6501,0.0,0.591,0.0,1.0,2268209082.0,126.10340479192938,3.4961503606218256e-07,0.6501,1,0.09078701554,0.79207534,0.79174566,0.07177258846229811,0.7199730742269108,train,High,High
295,Colorado,Sedgwick,08115,46977.0,2367.0,19.811875367430922,10.0803,0.0,8.5393,79.7753,0.5778,0.0,0.9631,0.0642,1.0,1419419128.0,42.24757076468103,1.6675835581666192e-06,0.642,1,0.09078701554,0.2773606,0.27523053,0.024045484854500383,0.25118504206963294,train,High,Low
296,Colorado,Custer,08027,38605.0,4375.0,29.402985074626862,12.9887,0.0,7.3004,78.2101,0.7782,0.0,0.6485,0.0741,3.0,1913031958.0,68.57142857142857,2.2869455900642094e-06,0.8523000000000001,1,0.09078701554,0.6380153,0.6371467,0.039027882960413075,0.5981188283890743,test,High,High
297,Colorado,Adams,08001,61444.0,479977.0,22.367705735250027,3.5473,0.0478,7.0969,87.4676,1.1084,0.0,0.6735,0.0584,177.0,3023271523.0,36.87676701175265,0.00015876079814482479,1.2146000000000001,1,0.09078701554,0.98832744,0.98868424,0.02098865630885777,0.9676955806944686,train,High,High
298,Colorado,Lake,08065,46928.0,7401.0,30.914083954491957,6.0133,0.0111,5.3931,87.5526,0.4097,0.0,0.598,0.0221,8.0,976215872.0,108.09350087825969,7.581314965548931e-06,0.4429,0,0.09078701554,0.7657813,0.76535964,0.06152213230709623,0.7038375078143637,train,Low,High
299,Colorado,Pitkin,08097,69789.0,17543.0,60.434589142687635,4.149,0.4752,9.5958,82.6785,2.2789,0.0,0.7051,0.1175,52.0,2514104931.0,296.41452431169125,6.977831268570866e-06,2.8716000000000004,1,0.09078701554,0.97909147,0.97941595,0.16870629070463006,0.8107096624547022,train,High,High
300,Colorado,Cheyenne,08017,54375.0,2071.0,23.28042328042328,16.1518,0.0,10.3089,71.9762,0.4466,0.0,1.1165,0.0,1.0,4605714032.0,48.285852245292126,4.496588337032906e-07,0.4466,0,0.09078701554,0.4093483,0.40767992,0.027482212771898794,0.38019770265626285,test,Low,Low
301,Colorado,Dolores,08033,32240.0,1789.0,20.28443113772455,14.6216,0.0,6.2821,77.2226,0.5511,0.0,1.3226,0.0,2.0,2763958520.0,111.79429849077697,6.472600753791341e-07,0.5511,0,0.09078701554,0.13728245,0.13466242,0.06362846579161811,0.0710339537659533,train,Low,Low
302,Colorado,Larimer,08069,61942.0,325228.0,45.27469602334845,4.6185,0.1459,6.3608,86.1581,1.9731,0.0,0.6517,0.0919,168.0,6724080411.0,51.656068973151136,4.8367654775209976e-05,2.2109,1,0.09078701554,0.99833435,0.9987262,0.029400393955321198,0.9693257951811839,train,High,High
303,Colorado,San Miguel,08113,58170.0,7767.0,55.064169268123486,7.7159,0.2048,8.2736,81.962,1.2746,0.0,0.5121,0.0569,19.0,3332606123.0,244.62469421913224,2.3306084527649414e-06,1.5363,1,0.09078701554,0.86221343,0.8621291,0.139229765721829,0.7228993264946627,train,High,High
304,Colorado,Elbert,08039,87288.0,24225.0,32.82172373081464,12.6361,0.0466,6.661,78.98,0.8559,0.0,0.7654,0.0549,2.0,4793658887.0,8.25593395252838,5.05355107049777e-06,0.9573999999999999,1,0.09078701554,0.9288792,0.92902803,0.004698919517077598,0.9243291146931275,test,High,High
305,Colorado,Yuma,08125,42026.0,10150.0,21.39109578773797,13.1435,0.0,10.7471,74.8265,0.3066,0.0,0.9763,0.0,0.0,6123763470.0,0.0,1.6574774727541852e-06,0.3066,0,0.09078701554,0.13911098,0.13649735,0.0,0.1364973485469818,train,Low,Low
306,Colorado,Summit,08117,70192.0,29269.0,49.91786072830154,5.6946,0.1149,7.2067,85.453,1.0153,0.0,0.4471,0.0683,100.0,1575588239.0,341.6584099217602,1.8576553997747884e-05,1.1985000000000001,1,0.09078701554,0.9896678,0.9900293,0.19445714800848135,0.7955721274088465,train,High,High
307,Colorado,Delta,08029,42011.0,30221.0,19.60649105870455,11.3959,0.0086,5.2415,81.6174,0.9043,0.0,0.8093,0.023,12.0,2957991297.0,39.70748817047748,1.021673053286201e-05,0.9359000000000001,1,0.09078701554,0.6336771,0.6327934,0.02259978001413682,0.610193646499535,test,High,High
308,Connecticut,New Haven,09009,62715.0,860874.0,34.28820016387488,1.6812,0.0353,5.1685,91.2806,1.3541,0.0,0.3908,0.0895,348.0,1565652258.0,40.42403417921786,0.000549850067664259,1.4789,1,0.093753807578125,0.9982528,0.9986443,0.02300760692320785,0.9756366854313759,train,High,High
309,Connecticut,Litchfield,09005,73519.0,185141.0,34.01722915065902,3.4594,0.038,5.8203,88.899,1.201,0.0,0.5048,0.0775,80.0,2384058126.0,43.21030997996122,7.765792200319868e-05,1.3165,1,0.093753807578125,0.9980205,0.99841124,0.02459343425847431,0.9738178039350377,train,High,High
310,Connecticut,Hartford,09003,68027.0,895699.0,36.86608711377493,1.7234,0.0356,5.073,91.373,1.392,0.0,0.3284,0.0745,434.0,1903985507.0,48.453777440859035,0.0004704337279390856,1.5021,1,0.093753807578125,0.9985721,0.9989647,0.02757778850971302,0.9713869384151832,train,High,High
311,Connecticut,New London,09011,67574.0,272033.0,32.41590538163166,2.6689,0.03,5.3341,90.0321,1.4646,0.0,0.4068,0.0634,151.0,1722710821.0,55.50797145934501,0.00015790984574073214,1.5579999999999998,1,0.093753807578125,0.99835974,0.9987516,0.03159272977999347,0.9671588509351859,train,High,High
312,Connecticut,Tolland,09013,80129.0,151689.0,38.85975034092101,3.1684,0.0326,5.2913,89.4399,1.5081,0.0,0.4642,0.0955,73.0,1062731511.0,48.124781625562825,0.00014273501672803978,1.6361999999999999,1,0.093753807578125,0.99859935,0.998992,0.02739053836134443,0.971601487490859,train,High,High
313,Connecticut,Fairfield,09001,86670.0,941618.0,46.36246213025934,1.8746,0.1277,5.7562,90.2203,1.5698,0.0,0.3117,0.1396,285.0,1618664453.0,30.267050969713832,0.0005817252601395084,1.8371,1,0.093753807578125,0.9983791,0.998771,0.017226692624208208,0.981544319205168,train,High,High
314,Connecticut,Windham,09015,60689.0,117078.0,23.85668366903707,3.0635,0.0218,5.473,89.824,1.0576,0.0,0.4975,0.0627,51.0,1328344260.0,43.56070312099626,8.813829631785362e-05,1.1421000000000001,1,0.093753807578125,0.9871616,0.9875143,0.024792862836576664,0.9627214541990984,test,High,High
315,Connecticut,Middlesex,09007,79837.0,164438.0,40.92845872813642,3.0214,0.0514,5.3953,89.381,1.6075,0.0006,0.4469,0.0958,74.0,956491411.0,45.001763582626886,0.00017191790549178282,1.7547000000000001,1,0.093753807578125,0.99867153,0.9990645,0.025613051947509565,0.9734514531527407,train,High,High
316,Delaware,New Castle,10003,66283.0,551997.0,35.42923421444567,1.616,0.0392,6.8929,89.684,1.4424,0.0,0.2348,0.0907,157.0,1104159377.0,28.442183562591826,0.0004999251118074778,1.5722999999999998,1,-0.22776916172466666,0.9944594,0.99483764,0.01618805724694985,0.9786495844690536,train,High,High
317,Delaware,Sussex,10005,54218.0,211224.0,23.884933801501145,2.7376,0.0293,7.9227,87.553,1.2885,0.0,0.3986,0.0703,85.0,2424468472.0,40.2416392076658,8.712177635610021e-05,1.3881000000000001,1,-0.22776916172466666,0.97872865,0.9790519,0.022903795616507617,0.9561480923725366,train,High,High
318,Delaware,Kent,10001,55184.0,171474.0,23.121618735763096,2.5607,0.019,8.7448,87.1049,1.1433,0.0,0.3752,0.0521,39.0,1518566893.0,22.743972847195494,0.00011291830527218006,1.2144,1,-0.22776916172466666,0.9735522,0.97385734,0.012944882859054398,0.9609124603378145,train,High,High
319,District of Columbia,"Washington, Dc",11001,72935.0,659009.0,55.36018591913122,1.2397,0.1529,5.0029,89.5546,3.3533,0.0,0.5416,0.155,443.0,158364992.0,67.22214719374091,0.004161330049509932,3.6611999999999996,1,-0.05911235886234536,0.9990202,0.9994144,0.038259930523280965,0.9611544538418009,train,High,High
320,Florida,Duval,12031,49196.0,900890.0,28.08933795429987,1.8895,0.045,7.1242,89.2159,1.1013,0.0,0.5842,0.0399,164.0,1975214580.0,18.20422027106528,0.0004560972813394279,1.1862,1,-0.05475590627689498,0.99571484,0.9960975,0.010361052597652095,0.9857364524949688,train,High,High
321,Florida,Bradford,12007,43373.0,26919.0,11.779267663744198,4.9743,0.0142,8.1599,84.8931,0.5191,0.0,1.4111,0.0283,1.0,761362377.0,3.714848248449051,3.535635699004339e-05,0.5616,1,-0.05475590627689498,0.5713355,0.5702337,0.002114330497069074,0.5681193721625378,train,High,High
322,Florida,Clay,12019,59179.0,200346.0,23.93844463580485,3.1029,0.0257,7.758,87.2701,1.078,0.0,0.7164,0.049,11.0,1566445255.0,5.490501432521738,0.0001278985009916609,1.1527,1,-0.05475590627689498,0.9816412,0.9819746,0.0031249552731605645,0.9788496464724449,train,High,High
323,Florida,Lafayette,12067,36236.0,8742.0,13.61111111111111,5.4031,0.0,9.1728,83.0366,0.2094,0.0,2.178,0.0,0.0,1407427927.0,0.0,6.211330493231004e-06,0.2094,0,-0.05475590627689498,0.10873417,0.10601429,0.0,0.10601428896188736,train,Low,Low
324,Florida,Nassau,12089,59196.0,77187.0,24.526644194219323,3.6528,0.044,8.6695,85.4075,1.1931,0.0,0.9889,0.044,17.0,1679966560.0,22.02443416637517,4.594555739252334e-05,1.2811000000000001,1,-0.05475590627689498,0.9909747,0.99134076,0.012535352650838107,0.9788054037654826,train,High,High
325,Florida,Pinellas,12103,47090.0,939548.0,29.510914811263405,1.6226,0.0737,6.2104,89.9592,1.4082,0.0,0.6205,0.1054,202.0,709121803.0,21.49969985567528,0.0013249458640605357,1.5873,1,-0.05475590627689498,0.99783176,0.9982218,0.012236696640748196,0.9859851179916675,train,High,High
326,Florida,Saint Lucie,12111,44140.0,293136.0,19.832073086372638,2.3329,0.0306,6.4963,89.4087,1.2086,0.0,0.4811,0.0419,30.0,1480637152.0,10.23415752415261,0.0001979796330276062,1.2811,1,-0.05475590627689498,0.9679262,0.96821165,0.0058248385715779435,0.9623868122768108,train,High,High
327,Florida,Hendry,12051,37552.0,38376.0,9.138479571332887,5.8482,0.0229,9.0084,83.2978,0.5507,0.0,1.249,0.0229,5.0,2994812007.0,13.02897644361059,1.2814159923995523e-05,0.5965,1,-0.05475590627689498,0.36763355,0.36581925,0.007415528279471858,0.3584037172973867,train,High,Low
328,Florida,Indian River,12061,47446.0,145342.0,27.16737261175444,2.6086,0.0531,6.9209,88.2244,1.5021,0.0,0.6325,0.0585,16.0,1302197701.0,11.008517840679225,0.0001116128525556351,1.6137,1,-0.05475590627689498,0.99122345,0.9915904,0.006265570877032368,0.9853248097916077,train,High,High
329,Florida,Palm Beach,12099,55277.0,1398757.0,34.188819407508134,2.0571,0.1555,5.999,89.7324,1.6162,0.0,0.3446,0.0953,373.0,5101999314.0,26.666533214847185,0.0002741586021310861,1.867,1,-0.05475590627689498,0.9982141,0.99860555,0.015177434085173264,0.9834281152503065,train,High,High
330,Florida,Saint Johns,12109,69523.0,218362.0,42.474594355457825,2.4743,0.0906,7.4604,87.1244,1.9147,0.0,0.8511,0.0845,53.0,1555793097.0,24.27162235187441,0.0001403541386197576,2.0898,1,-0.05475590627689498,0.9987374,0.99913055,0.013814354697621049,0.9853161923490403,train,High,High
331,Florida,Miami-Dade,12086,44224.0,2664418.0,27.281635290298045,1.7118,0.1023,5.4778,91.4313,0.8961,0.0001,0.3123,0.0683,756.0,4917514829.0,28.373926313363746,0.0005418220570047212,1.0667,1,-0.05475590627689498,0.99325305,0.9936271,0.016149208181244618,0.9774778631993706,train,High,High
332,Florida,Flagler,12035,48898.0,102917.0,23.322345032641717,2.1073,0.0352,7.0487,88.2132,1.6024,0.0,0.9183,0.0748,14.0,1257365642.0,13.60319480746621,8.185129015955726e-05,1.7124,1,-0.05475590627689498,0.9870335,0.98738575,0.007742348466321732,0.9796434013505728,train,High,High
333,Florida,Franklin,12037,40301.0,11705.0,16.73369079535299,3.5603,0.1618,9.3861,84.3565,0.917,0.0,1.5967,0.0216,4.0,1411918809.0,34.17343015805211,8.290136745391286e-06,1.1004,1,-0.05475590627689498,0.63878757,0.63792175,0.019450034224896166,0.6184717163206055,train,High,High
334,Florida,Hamilton,12047,38980.0,14362.0,10.201178622231254,3.9045,0.0,9.0489,84.7428,0.4164,0.0,1.8782,0.0093,2.0,1330689578.0,13.92563709789723,1.079290034087875e-05,0.42569999999999997,0,-0.05475590627689498,0.23809671,0.23582932,0.007925868632586326,0.22790345489761082,test,Low,Low
335,Florida,Liberty,12077,37917.0,8285.0,12.46227587431209,5.2706,0.0176,8.4329,83.6964,0.5798,0.0,1.9677,0.0351,0.0,2164099097.0,0.0,3.82838291069256e-06,0.6325,1,-0.05475590627689498,0.22817434,0.22587225,0.0,0.2258722484111786,train,High,Low
336,Florida,Sumter,12119,52594.0,113589.0,29.817107512326224,3.1892,0.2026,7.2513,85.8821,2.315,0.0,1.1008,0.0591,14.0,1418393423.0,12.32513711715043,8.008285864703985e-05,2.5766999999999998,1,-0.05475590627689498,0.9951874,0.9955682,0.007014933462821521,0.9885532823841938,test,High,High
337,Florida,Gadsden,12039,38533.0,46153.0,17.48168181389352,3.2592,0.0149,7.5982,87.2487,0.566,0.0,1.2982,0.0149,1.0,1337193228.0,2.166706389617143,3.451483228720031e-05,0.5958,1,-0.05475590627689498,0.7794886,0.77911496,0.00123319529934354,0.777881766324802,train,High,High
338,Florida,Holmes,12059,37437.0,19569.0,12.33644859813084,5.7102,0.0057,7.8907,84.2812,0.4839,0.0,1.6225,0.0057,0.0,1239970210.0,0.0,1.578183075865992e-05,0.49529999999999996,0,-0.05475590627689498,0.24580117,0.24356072,0.0,0.24356071650981903,test,Low,Low
339,Florida,Lee,12071,50390.0,680970.0,26.717407579052438,2.5285,0.0574,6.7662,88.6083,1.4677,0.0,0.5119,0.06,133.0,2030766730.0,19.530963184868643,0.000335326549297959,1.5851,1,-0.05475590627689498,0.9934209,0.9937955,0.011116177118713188,0.9826793369880373,train,High,High
340,Florida,Marion,12083,40295.0,340341.0,18.3830411676053,3.4527,0.0385,7.0483,87.3064,1.2264,0.0,0.8933,0.0344,21.0,4112982359.0,6.170282158188406,8.274798438054764e-05,1.2993,1,-0.05475590627689498,0.88758403,0.88758844,0.0035118569777448224,0.8840765843941729,train,High,High
341,Florida,Collier,12021,59783.0,348236.0,33.88103025817807,2.4363,0.1302,6.5863,88.904,1.4632,0.0,0.4125,0.0675,90.0,5176791360.0,25.84454220700904,6.726869517878348e-05,1.6609000000000003,1,-0.05475590627689498,0.99829406,0.99868566,0.01470959245613382,0.9839760655219241,train,High,High
342,Florida,Okeechobee,12093,36415.0,39420.0,10.724347568208778,8.6226,0.0065,9.2735,80.4521,0.4972,0.0,1.1318,0.0164,19.0,1991451255.0,48.19888381532217,1.9794609534643117e-05,0.5200999999999999,0,-0.05475590627689498,0.32397005,0.32200304,0.02743271411368457,0.29457032262375743,test,Low,Low
343,Florida,Pasco,12101,46010.0,488310.0,22.484046137381586,2.3199,0.0369,6.6051,88.9355,1.2647,0.0,0.7725,0.0655,49.0,1936388730.0,10.034609162212528,0.00025217560525669865,1.3670999999999998,1,-0.05475590627689498,0.9815087,0.9818416,0.005711264299071322,0.9761303594840403,train,High,High
344,Florida,Highlands,12055,35865.0,98862.0,16.468624833110816,4.0365,0.035,8.8761,84.8645,1.149,0.0,0.9949,0.044,11.0,2632946297.0,11.126620946369686,3.75480503011566e-05,1.228,1,-0.05475590627689498,0.7648597,0.7644348,0.006332790042247035,0.7581020244108779,test,High,High
345,Florida,Suwannee,12121,37796.0,43653.0,12.038419105717438,5.6955,0.0053,9.0325,82.0011,0.6637,0.0,2.5913,0.0106,2.0,1783341105.0,4.581586603440772,2.447821108233806e-05,0.6796,1,-0.05475590627689498,0.39908108,0.39737678,0.0026076403752595427,0.3947691353663176,train,High,Low
346,Florida,De Soto,12027,35513.0,35134.0,10.039257381205529,6.1637,0.0045,7.9658,84.1806,0.5514,0.0,1.1207,0.0134,3.0,1649978040.0,8.538737405362326,2.1293616732014204e-05,0.5692999999999999,1,-0.05475590627689498,0.1800683,0.17759794,0.0048598789762568225,0.17273806099185232,test,High,Low
347,Florida,Calhoun,12013,37089.0,14550.0,10.47609868928296,4.4789,0.0088,8.3759,85.0996,0.5907,0.0,1.4283,0.0176,1.0,1469389206.0,6.8728522336769755,9.90207355586087e-06,0.6171,1,-0.05475590627689498,0.18508111,0.18262827,0.003911729391793979,0.17871654457213423,train,High,Low
348,Florida,Columbia,12023,42848.0,68198.0,15.90904247384012,4.4285,0.0128,8.6702,84.7063,0.7512,0.0,1.42,0.011,24.0,2065628009.0,35.19164784891053,3.301562512846426e-05,0.775,1,-0.05475590627689498,0.91697025,0.9170774,0.020029559570873896,0.8970478625711549,train,High,High
349,Florida,Dixie,12029,34634.0,16084.0,6.397138341236171,4.7615,0.0,9.3848,83.565,0.4224,0.0,1.8662,0.0,0.0,1826212266.0,0.0,8.807300388595682e-06,0.4224,0,-0.05475590627689498,0.12204648,0.11937316,0.0,0.11937315762042999,train,Low,Low
350,Florida,Putnam,12107,33003.0,72304.0,12.679374177970592,3.622,0.0097,7.9143,86.1545,0.6296,0.0,1.6471,0.0227,6.0,1885199309.0,8.298296083204248,3.835350440392083e-05,0.6620000000000001,1,-0.05475590627689498,0.62804186,0.62713844,0.004723030204464683,0.6224154056361421,train,High,High
351,Florida,Union,12125,37778.0,15159.0,7.601014676571843,5.8958,0.0,8.8056,83.051,0.456,0.0,1.7915,0.0,0.0,630807237.0,0.0,2.4031113010201563e-05,0.456,0,-0.05475590627689498,0.21178317,0.20942374,0.0,0.2094237357378006,train,Low,Low
352,Florida,Manatee,12081,51483.0,353411.0,27.873951488414882,2.5029,0.1008,6.9745,88.1179,1.5346,0.0,0.6907,0.0786,65.0,1924766330.0,18.39218360492458,0.00018361241803310224,1.714,1,-0.05475590627689498,0.99571484,0.9960975,0.010468033174658277,0.9856294719179626,train,High,High
353,Florida,Levy,12075,35480.0,39707.0,11.16293640572244,6.427,0.0235,8.1604,82.9666,0.7936,0.0,1.6081,0.0209,2.0,2896206271.0,5.036895257763115,1.3710004151841711e-05,0.838,1,-0.05475590627689498,0.17237173,0.16987444,0.002866782312972645,0.16700766229094735,test,High,Low
354,Florida,Baker,12003,53327.0,27312.0,12.764291307752545,4.5314,0.0,9.1801,84.0909,0.4977,0.0,1.6905,0.0094,3.0,1515738958.0,10.984182776801406,1.801893383807847e-05,0.5071,0,-0.05475590627689498,0.49482852,0.49345914,0.00625172041416986,0.4872074148797907,train,Low,Low
355,Florida,Volusia,12127,42240.0,510806.0,22.415863780725402,2.5523,0.0478,6.7189,88.6633,1.2327,0.0,0.7347,0.0503,101.0,2852040536.0,19.77267299131177,0.00017910194246972653,1.3308,1,-0.05475590627689498,0.9871084,0.9874609,0.011253747856741781,0.9762071634172145,train,High,High
356,Florida,Leon,12073,48248.0,284788.0,45.24260255142644,2.6654,0.0844,7.778,86.9856,1.6021,0.0,0.8337,0.0508,55.0,1727171525.0,19.312611486439035,0.00016488692401294655,1.7373,1,-0.05475590627689498,0.9984993,0.99889165,0.010991900802643131,0.9878997508277585,train,High,High
357,Florida,Madison,12079,29806.0,18560.0,12.341939880366471,5.2773,0.0,8.6159,83.4385,0.4798,0.0,2.1753,0.0131,2.0,1802907388.0,10.775862068965518,1.0294483301546046e-05,0.4929,0,-0.05475590627689498,0.06949125,0.0666341,0.006133153302866639,0.06050095035294849,train,Low,Low
358,Florida,Washington,12133,38330.0,24627.0,10.983708917522847,4.8905,0.005,7.9602,84.7861,0.5323,0.0,1.806,0.0199,5.0,1513028727.0,20.302919559832702,1.627662420450527e-05,0.5572,1,-0.05475590627689498,0.46512586,0.46365258,0.011555541204897551,0.45209703977158866,train,High,Low
359,Florida,Brevard,12009,49914.0,560683.0,27.728533401922267,2.3066,0.0664,6.351,89.0613,1.5128,0.0,0.6327,0.0692,163.0,2629853328.0,29.071685783232237,0.000213199342347506,1.6483999999999999,1,-0.05475590627689498,0.9964637,0.99684894,0.0165463426072276,0.9803025982420766,train,High,High
360,Florida,Lake,12069,47141.0,317586.0,21.668532070598364,2.9147,0.0532,7.461,87.1995,1.5342,0.0,0.7692,0.0682,52.0,2436857504.0,16.373517724332938,0.00013032604470253014,1.6556,1,-0.05475590627689498,0.9855774,0.9859246,0.009319096112017927,0.9766055054428526,train,High,High
361,Florida,Polk,12105,44146.0,637691.0,19.460829271751287,2.7291,0.0298,7.6016,87.7296,1.0356,0.0,0.8347,0.0397,70.0,4653579442.0,10.977103330609966,0.00013703236571930858,1.1051000000000002,1,-0.05475590627689498,0.9679262,0.96821165,0.006247691100458009,0.9619639597479307,train,High,High
362,Florida,Glades,12043,34143.0,13420.0,8.880851918826602,7.3996,0.0,10.1715,80.3265,0.646,0.0,1.4564,0.0,0.0,2089278744.0,0.0,6.423269292591817e-06,0.646,1,-0.05475590627689498,0.092392296,0.089615256,0.0,0.08961525559425354,test,High,Low
363,Florida,Jackson,12063,35470.0,48721.0,13.689586095985105,4.3786,0.0394,7.8622,85.4491,0.6114,0.0,1.6543,0.0049,6.0,2378066857.0,12.315018164651793,2.0487649393281965e-05,0.6557000000000001,1,-0.05475590627689498,0.4789349,0.47750995,0.007009174193953622,0.4705007714370736,train,High,Low
364,Florida,Seminole,12117,58538.0,442905.0,35.8455499427143,1.8496,0.0772,6.0192,90.1387,1.46,0.0,0.3772,0.078,90.0,801548741.0,20.320384732617605,0.0005525615316261846,1.6152,1,-0.05475590627689498,0.9987425,0.9991358,0.011565481623721152,0.9875703106316804,test,High,High
365,Florida,Bay,12005,48577.0,178361.0,22.533872500845806,3.0237,0.0426,7.7047,87.1559,1.0311,0.0,1.0034,0.0387,32.0,1964402055.0,17.941141841546077,9.07965859361718e-05,1.1123999999999998,1,-0.05475590627689498,0.990575,0.9909397,0.010211319766200442,0.9807283569954267,train,High,High
366,Florida,Gulf,12045,40822.0,15851.0,16.71072195605485,3.9724,0.0465,8.9051,85.0705,0.8131,0.0,1.177,0.0155,0.0,1433785083.0,0.0,1.1055352847467168e-05,0.8751,1,-0.05475590627689498,0.5053953,0.5040629,0.0,0.5040628910064697,test,High,High
367,Florida,Osceola,12097,45536.0,311962.0,18.67652989956422,1.7352,0.0835,5.7775,90.7813,1.1333,0.0,0.4475,0.0418,77.0,3438635835.0,24.68249338060405,9.072260482622464e-05,1.2586,1,-0.05475590627689498,0.981339,0.98167133,0.01404820466626187,0.9676231286467264,train,High,High
368,Florida,Walton,12131,46910.0,61528.0,26.308736823298197,3.9773,0.1323,8.7344,84.6095,1.3838,0.0,1.1227,0.04,21.0,2687681942.0,34.130802236380184,2.289258972146638e-05,1.5561,1,-0.05475590627689498,0.9807076,0.98103774,0.01942577226080241,0.9616119636782234,train,High,High
369,Florida,Jefferson,12065,41696.0,14082.0,19.014541076224877,5.5525,0.0235,8.0194,84.0473,0.8145,0.0,1.5271,0.0157,1.0,1549056457.0,7.10126402499645,9.090695136620188e-06,0.8537,1,-0.05475590627689498,0.6106818,0.6097176,0.0040417314763955695,0.6056758760217734,train,High,High
370,Florida,Hardee,12049,36222.0,27302.0,9.631183359552525,6.5316,0.0,9.9746,80.7495,0.3193,0.0,2.4051,0.02,3.0,1651867900.0,10.988205992235002,1.6527956018759128e-05,0.3393,0,-0.05475590627689498,0.14241062,0.13980854,0.006254010253893752,0.13355452532197296,train,Low,Low
371,Florida,Orange,12095,49391.0,1256055.0,31.922849951953896,1.2646,0.0829,6.6835,90.3366,1.2699,0.0,0.2997,0.0627,460.0,2339574597.0,36.62260012499453,0.0005368732425162334,1.4155,1,-0.05475590627689498,0.9983034,0.9986951,0.02084399554102098,0.9778510799709114,test,High,High
372,Florida,Gilchrist,12041,40881.0,17033.0,12.345354040536984,5.9119,0.0067,8.5936,82.9466,0.642,0.0,1.8792,0.0201,1.0,905705521.0,5.870956378794105,1.8806333410879142e-05,0.6688000000000001,1,-0.05475590627689498,0.3161734,0.31417912,0.003341493726918476,0.31083762872104903,train,High,Low
373,Florida,Alachua,12001,44702.0,256581.0,41.51496019942593,2.6582,0.0678,6.3436,88.0721,1.9651,0.0,0.8349,0.0583,60.0,2266378727.0,23.38442830918891,0.00011321188155504603,2.0912,1,-0.05475590627689498,0.9984785,0.9988708,0.013309402329229928,0.9855613876755003,train,High,High
374,Florida,Charlotte,12015,44865.0,169642.0,21.603917301414583,2.8478,0.032,7.3889,87.2798,1.52,0.0,0.8719,0.0595,17.0,1764104250.0,10.021103264521757,9.616325112305579e-05,1.6115,1,-0.05475590627689498,0.9783885,0.97871053,0.005703577327903708,0.9730069548605118,train,High,High
375,Florida,Martin,12085,52622.0,153592.0,31.535992118762103,3.5512,0.1012,6.9774,87.1773,1.5621,0.0,0.5657,0.065,27.0,1408245189.0,17.57904057502995,0.00010906623448794896,1.7283,1,-0.05475590627689498,0.9975464,0.9979355,0.010005227430896563,0.9879302464880182,train,High,High
376,Florida,Sarasota,12115,52796.0,398011.0,33.058032521100564,2.444,0.1001,6.4773,88.4807,1.9046,0.0,0.5022,0.0911,131.0,1439490288.0,32.913663190213335,0.0002764943975780405,2.0958,1,-0.05475590627689498,0.9981377,0.9985288,0.018733029507297324,0.9797957490457118,train,High,High
377,Florida,Citrus,12017,39054.0,140453.0,17.845644705840034,3.6,0.0217,7.6404,86.3012,1.4931,0.0,0.9165,0.0271,7.0,1507099402.0,4.983873608965276,9.319425103189047e-05,1.5419,1,-0.05475590627689498,0.80704063,0.8067633,0.00283660469021108,0.8039266866687367,train,High,High
378,Florida,Santa Rosa,12113,60652.0,163903.0,26.888461299733102,3.3218,0.0234,8.4841,86.1922,1.1661,0.0,0.7661,0.0462,19.0,2620446204.0,11.5922222290013,6.254774463593605e-05,1.2357,1,-0.05475590627689498,0.9908049,0.99117035,0.006597790097566522,0.9845725566393414,train,High,High
379,Florida,Broward,12011,52954.0,1863780.0,31.01573119505409,1.5105,0.0958,5.3918,91.2988,1.3042,0.0,0.3164,0.0824,441.0,3126001968.0,23.661590960306473,0.0005962184346263982,1.4824,1,-0.05475590627689498,0.99772877,0.99811846,0.013467151288733466,0.9846513088896418,train,High,High
380,Florida,Monroe,12087,60303.0,77150.0,31.07126759152602,4.0476,0.3722,7.7942,85.4752,1.3144,0.0,0.9304,0.066,36.0,2545997177.0,46.66234607906676,3.0302468791779025e-05,1.7526,1,-0.05475590627689498,0.9963599,0.99674475,0.026558183479218234,0.9701865684510186,test,High,High
381,Florida,Escambia,12033,46117.0,309574.0,24.88301397001059,2.6361,0.0242,7.7544,87.8833,1.0451,0.0,0.6191,0.0378,28.0,1701332835.0,9.044687215334621,0.0001819596927957956,1.1071,1,-0.05475590627689498,0.9794415,0.97976726,0.005147843663282018,0.9746194192723564,train,High,High
382,Florida,Hernando,12053,42274.0,176797.0,16.403816718322837,2.7988,0.0273,7.7162,87.5325,1.2299,0.0,0.6515,0.0438,14.0,1224612184.0,7.918686403049826,0.00014436978686797062,1.3010000000000002,1,-0.05475590627689498,0.8890366,0.8890461,0.004506972839518961,0.884539100120381,test,High,High
383,Florida,Hillsborough,12057,51681.0,1323059.0,31.433296210050287,1.9947,0.0663,6.442,89.64,1.2495,0.0,0.539,0.0685,310.0,2642601017.0,23.43054996035702,0.0005006654396515734,1.3843,1,-0.05475590627689498,0.99793077,0.9983211,0.013335652772617657,0.984985463197994,train,High,High
384,Florida,Okaloosa,12091,57655.0,195798.0,29.441204761332212,2.9481,0.0367,8.094,86.8945,1.2691,0.0,0.7142,0.0435,33.0,2409367474.0,16.854104740600004,8.126531220865979e-05,1.3493,1,-0.05475590627689498,0.99631387,0.9966986,0.009592625396939086,0.9871059925382416,train,High,High
385,Florida,Taylor,12123,36195.0,22582.0,9.82843137254902,4.6045,0.0115,10.0598,82.7259,0.4024,0.0,2.1902,0.0057,2.0,2702138986.0,8.856611460455229,8.35708308010771e-06,0.4196,0,-0.05475590627689498,0.15275627,0.15019037,0.005040799101107289,0.14514956919360858,train,Low,Low
386,Florida,Wakulla,12129,54078.0,31314.0,16.640523461659125,5.25,0.0224,8.4059,83.7154,0.9386,0.0,1.6303,0.0374,2.0,1570625278.0,6.386919588682378,1.993728258332539e-05,0.9984,1,-0.05475590627689498,0.729085,0.72853506,0.0036351576068597053,0.724899898507337,train,High,High
387,Georgia,Echols,13101,35354.0,4025.0,7.8669275929549904,4.7001,0.0,9.1898,84.637,0.456,0.0,1.0172,0.0,0.0,1074571646.0,0.0,3.7456785827010367e-06,0.456,0,-0.07033844395487804,0.039551776,0.036589902,0.0,0.03658990189433098,train,Low,Low
388,Georgia,Glynn,13127,46475.0,82623.0,28.16439515489183,1.8838,0.0976,7.8309,88.5955,1.1541,0.0,0.4177,0.0203,24.0,1087272602.0,29.047601757379905,7.599106226719765e-05,1.2719999999999998,1,-0.07033844395487804,0.9775603,0.9778794,0.016532635024320803,0.9613467699973467,train,High,High
389,Georgia,De Kalb,13089,52623.0,723902.0,41.74454187139368,1.0775,0.5094,6.1428,90.2395,1.6357,0.0,0.3212,0.0739,89.0,693143907.0,12.294481849753144,0.0010443747578091312,2.219,1,-0.07033844395487804,0.9955581,0.99594015,0.0069974858142450415,0.9889426630161687,train,High,High
390,Georgia,Haralson,13143,42281.0,28667.0,13.763608087091757,3.8601,0.0067,7.6636,87.3052,0.4237,0.0,0.7173,0.0234,4.0,730805105.0,13.953326124114835,3.9226600640672866e-05,0.4538,0,-0.07033844395487804,0.4144585,0.412808,0.007941628025339575,0.40486637301607276,test,Low,Low
391,Georgia,Jackson,13157,54246.0,62131.0,19.06802227063665,3.9227,0.0852,8.0776,86.4878,0.8153,0.0,0.568,0.0434,22.0,879716843.0,35.409055061080615,7.06261344140253e-05,0.9439000000000001,1,-0.07033844395487804,0.90701175,0.9070841,0.0201532983263307,0.8869308090726561,test,High,High
392,Georgia,Jefferson,13163,28417.0,16201.0,10.415502142724055,3.2891,0.0,9.092,86.571,0.2968,0.0,0.745,0.0061,3.0,1363589115.0,18.51737547064996,1.1881145003126546e-05,0.3029,0,-0.07033844395487804,0.018068947,0.015031929,0.01053928695462053,0.00449264217325146,test,Low,Low
393,Georgia,Jones,13169,54020.0,28701.0,20.23234296288681,3.1515,0.0037,7.5368,88.1857,0.5017,0.0,0.6058,0.0149,2.0,1020291685.0,6.968398313647608,2.8130191024736224e-05,0.5203000000000001,0,-0.07033844395487804,0.62211895,0.6211948,0.003966110076345939,0.6172286697965483,train,Low,High
394,Georgia,Lincoln,13181,34720.0,7712.0,13.153217205830076,5.4491,0.0,7.3907,85.8825,0.5637,0.0,0.7015,0.0125,2.0,544880787.0,25.933609958506224,1.4153554656350913e-05,0.5761999999999999,1,-0.07033844395487804,0.21300766,0.21065252,0.014760285957106434,0.19589222933506123,train,High,Low
395,Georgia,Murray,13213,38136.0,39358.0,10.864848109113453,3.2985,0.0029,6.2939,89.315,0.5303,0.0,0.5536,0.0058,1.0,892236349.0,2.540779511154022,4.411163033663853e-05,0.539,0,-0.07033844395487804,0.12641591,0.12375787,0.001446101495264048,0.1223117675099392,train,Low,Low
396,Georgia,Muscogee,13215,42661.0,200303.0,25.001948892249647,1.3283,0.0645,7.4763,89.966,0.7659,0.0,0.3826,0.0163,60.0,560530243.0,29.954618752589827,0.0003573455714502812,0.8467,1,-0.07033844395487804,0.98448086,0.9848242,0.017048869757498114,0.9677753108455293,train,High,High
397,Georgia,Pulaski,13235,38880.0,11460.0,11.81243288390407,3.9425,0.0108,9.7105,85.31,0.3672,0.0,0.6481,0.0108,2.0,645061947.0,17.452006980802793,1.776573560616497e-05,0.3888,0,-0.07033844395487804,0.11154364,0.10883359,0.0099329254189533,0.09890066324081004,train,Low,Low
398,Georgia,Rabun,13241,38277.0,16312.0,26.33565859663521,6.9826,0.0216,7.3062,84.3255,0.7279,0.0,0.6309,0.0054,8.0,958633962.0,49.04364884747425,1.7015879518777157e-05,0.7548999999999999,1,-0.07033844395487804,0.89202374,0.8920437,0.0279135177295745,0.8641301920253693,train,High,High
399,Georgia,Stewart,13259,20882.0,5791.0,10.418648905803996,3.7037,0.0,8.3264,86.5776,0.3063,0.0,1.0582,0.0278,2.0,1188153047.0,34.53634950785702,4.873951225914754e-06,0.3341,0,-0.07033844395487804,0.050976932,0.04805502,0.019656592177724884,0.028398427051925614,train,Low,Low
400,Georgia,Towns,13281,39321.0,10976.0,25.13296227581942,4.9436,0.0305,7.3659,85.9537,0.8608,0.0,0.8074,0.0381,3.0,431313631.0,27.332361516034986,2.5447839370511338e-05,0.9294,1,-0.07033844395487804,0.90510505,0.90517074,0.01555639467490955,0.8896143440221425,train,High,High
401,Georgia,Treutlen,13283,40204.0,6711.0,16.492829204693614,3.3235,0.0,8.5505,86.8622,0.2965,0.0,0.9362,0.0312,0.0,516536217.0,0.0,1.2992312599060212e-05,0.3277,0,-0.07033844395487804,0.10919825,0.106479995,0.0,0.10647999495267868,test,Low,Low
402,Georgia,Turner,13287,34667.0,8151.0,12.277191706074936,4.5964,0.0,9.8513,84.455,0.4511,0.0,0.634,0.0122,1.0,739164629.0,12.2684333210649,1.102731337540774e-05,0.4633,0,-0.07033844395487804,0.06605581,0.063186646,0.006982660121531396,0.0562039853862811,train,Low,Low
403,Georgia,Atkinson,13003,31296.0,8268.0,6.678180771445021,4.5426,0.0,9.537,84.6405,0.2133,0.0,1.0666,0.0,0.0,878785923.0,0.0,9.408434732061588e-06,0.2133,0,-0.07033844395487804,0.016308313,0.013265138,0.0,0.013265137560665607,train,Low,Low
404,Georgia,Appling,13001,37388.0,18410.0,11.917897128022068,4.0583,0.0,10.5319,83.8788,0.3959,0.0,1.135,0.0,1.0,1313444661.0,5.431830526887561,1.4016578350536232e-05,0.3959,0,-0.07033844395487804,0.068566404,0.06570602,0.0030915623384357633,0.06261445974532355,train,Low,Low
405,Georgia,Brantley,13025,36837.0,18403.0,9.509731460950974,3.6569,0.0068,8.0886,86.8747,0.367,0.0,0.9992,0.0068,0.0,1145716262.0,0.0,1.606244112122064e-05,0.38059999999999994,0,-0.07033844395487804,0.034267183,0.031286824,0.0,0.031286824494600296,train,Low,Low
406,Georgia,Ben Hill,13017,29510.0,17405.0,10.55263157894737,3.1449,0.0063,9.2222,86.595,0.2626,0.0,0.7628,0.0063,0.0,647809457.0,0.0,2.6867468222218313e-05,0.2752,0,-0.07033844395487804,0.010499717,0.0074362243,0.0,0.0074362242594361305,train,Low,Low
407,Georgia,Catoosa,13047,52265.0,65645.0,19.650332430435853,2.6856,0.0252,7.2899,89.0055,0.5533,0.0,0.4238,0.0168,4.0,419999432.0,6.093381064818341,0.0001562978304218278,0.5953,1,-0.07033844395487804,0.82190055,0.8216752,0.0034680882108676916,0.8182070931779873,train,High,High
408,Georgia,Chattooga,13055,35245.0,25046.0,8.859293572669369,4.1643,0.0087,6.5823,88.0487,0.481,0.0,0.7107,0.0043,2.0,811512405.0,7.985307035055498,3.086336061615719e-05,0.494,0,-0.07033844395487804,0.057610154,0.054711446,0.0045448904136870085,0.0501665557523515,train,Low,Low
409,Georgia,Columbia,13073,71962.0,139904.0,35.09977923979803,2.6747,0.0343,8.2311,87.4665,1.1844,0.0,0.365,0.0439,18.0,751327581.0,12.865965233302836,0.00018620905652603746,1.2626,1,-0.07033844395487804,0.9958467,0.99622977,0.007322749368930433,0.988907018430447,train,High,High
410,Georgia,Floyd,13115,42955.0,96199.0,19.800733477090645,3.0693,0.0297,6.8575,88.7171,0.7344,0.0,0.5766,0.0154,6.0,1320695431.0,6.237071071424859,7.283965533761281e-05,0.7795,1,-0.07033844395487804,0.67896944,0.6782442,0.003549870330290486,0.6746943031964734,train,High,High
411,Georgia,Forsyth,13117,91842.0,203841.0,48.270208855981636,2.4378,0.9489,7.6985,86.9633,1.4743,0.0,0.3774,0.0998,20.0,580408545.0,9.811568820796602,0.00035120261711515634,2.523,1,-0.07033844395487804,0.995223,0.9956039,0.005584319410776283,0.9900195996184595,train,High,High
412,Georgia,Hart,13147,37983.0,25518.0,13.651820056859357,3.7448,0.0086,7.4162,87.3377,0.5695,0.0,0.9103,0.0129,0.0,601908708.0,0.0,4.2395133449373523e-05,0.5910000000000001,1,-0.07033844395487804,0.23516837,0.23289073,0.0,0.23289072513580322,train,High,Low
413,Georgia,Lowndes,13185,38915.0,113898.0,23.85542168674699,2.7791,0.0154,8.3968,87.5189,0.7259,0.0,0.5463,0.0176,26.0,1284858630.0,22.827442097315142,8.864632835131442e-05,0.7588999999999999,1,-0.07033844395487804,0.9442622,0.94446486,0.012992389935869484,0.9314724724107797,train,High,High
414,Georgia,Meriwether,13199,34989.0,21195.0,10.146208772526352,3.9842,0.0227,6.4482,88.365,0.4765,0.0,0.6897,0.0136,2.0,1298160992.0,9.436187780136825,1.632694259850322e-05,0.5127999999999999,0,-0.07033844395487804,0.0511602,0.048238933,0.005370668804020043,0.042868264282375224,train,Low,Low
415,Georgia,Putnam,13237,45762.0,21259.0,18.292603876320737,4.1289,0.0226,7.256,87.302,0.6408,0.0,0.6498,0.0,1.0,892634163.0,4.703890117126863,2.3816027753802203e-05,0.6634,1,-0.07033844395487804,0.6423146,0.64146113,0.002677250230518952,0.6387838837263903,test,High,High
416,Georgia,Sumter,13261,33534.0,31070.0,19.949298980806045,2.7809,0.0,9.1605,87.164,0.4169,0.0,0.4655,0.0121,4.0,1250171323.0,12.87415513356936,2.48525937432657e-05,0.429,0,-0.07033844395487804,0.35759476,0.35574535,0.007327410704937549,0.34841793464914267,train,Low,Low
417,Georgia,Warren,13301,31875.0,5504.0,12.089322381930184,2.8963,0.0,7.2494,89.066,0.2057,0.0,0.5827,0.0,0.0,736332037.0,0.0,7.474888669009522e-06,0.2057,0,-0.07033844395487804,0.01751645,0.0144775,0.0,0.014477499760687351,train,Low,Low
418,Georgia,Baker,13007,45903.0,3250.0,10.999581764951904,3.5491,0.0,10.8745,84.8382,0.3123,0.0,0.4259,0.0,0.0,885634006.0,0.0,3.6696874532615904e-06,0.3123,0,-0.07033844395487804,0.064074084,0.061197985,0.0,0.06119798496365547,train,Low,Low
419,Georgia,Butts,13035,40753.0,23479.0,10.204832576965533,3.8459,0.0118,7.6405,87.1556,0.433,0.0,0.8975,0.0157,2.0,475937515.0,8.518250351377826,4.9332106127418846e-05,0.46049999999999996,0,-0.07033844395487804,0.17671573,0.17423365,0.0048482186337239575,0.16938542656700542,train,Low,Low
420,Georgia,Candler,13043,33379.0,10962.0,14.230450400663166,3.5868,0.0,9.5081,85.5525,0.3707,0.0,0.9819,0.0,3.0,629503278.0,27.367268746579093,1.7413729813810436e-05,0.3707,0,-0.07033844395487804,0.16495553,0.1624323,0.015576262356486702,0.14685603570774516,train,Low,Low
421,Georgia,Carroll,13045,45486.0,113756.0,18.185280799018155,3.4253,0.0364,8.0754,87.1997,0.7263,0.0,0.5069,0.0299,9.0,1292492374.0,7.911670593199479,8.80128984033758e-05,0.7926,1,-0.07033844395487804,0.8442795,0.8441325,0.00450297974485233,0.8396295032606713,train,High,High
422,Georgia,Early,13099,28599.0,10480.0,14.071214071214072,3.1615,0.0,10.5014,85.1792,0.3222,0.0,0.8357,0.0,0.0,1327612129.0,0.0,7.893871840334776e-06,0.3222,0,-0.07033844395487804,0.033727136,0.030744888,0.0,0.03074488788843155,train,Low,Low
423,Georgia,Crisp,13081,31672.0,23061.0,15.077064945329996,3.2925,0.0112,9.7486,86.0295,0.3024,0.0,0.5879,0.028,5.0,706002618.0,21.681626989289274,3.266418482317866e-05,0.3416,0,-0.07033844395487804,0.0680169,0.0651546,0.012340241674385846,0.05281435548881453,train,Low,Low
424,Georgia,Coweta,13077,65244.0,135625.0,28.08501118568233,3.5818,0.1396,7.6162,87.0463,1.1212,0.0,0.4341,0.0609,14.0,1141971259.0,10.32258064516129,0.00011876393467096881,1.3216999999999999,1,-0.07033844395487804,0.98099613,0.9813273,0.005875165176836377,0.9754521301265083,train,High,High
425,Georgia,Cobb,13067,68818.0,728388.0,44.98580368584918,1.7577,0.4609,6.8114,89.153,1.4174,0.0,0.3212,0.0783,172.0,879793729.0,23.61378825570987,0.0008279076969870059,1.9566,1,-0.07033844395487804,0.9971527,0.9975403,0.0134399440626474,0.9841003510614066,train,High,High
426,Georgia,Dade,13083,43463.0,16356.0,13.798046770002689,4.2934,0.0065,6.185,88.4305,0.51,0.0,0.5746,0.0,3.0,450605326.0,18.34189288334556,3.62978399416433e-05,0.5165,0,-0.07033844395487804,0.35797742,0.35612935,0.010439409877219811,0.34568993840082585,train,Low,Low
427,Georgia,Wilkes,13317,33462.0,9924.0,13.785589773387565,4.5484,0.0,7.0285,87.1419,0.3569,0.0,0.9243,0.0,0.0,1215973896.0,0.0,8.161359411287888e-06,0.3569,0,-0.07033844395487804,0.08488009,0.08207677,0.0,0.0820767730474472,train,Low,Low
428,Georgia,Brooks,13027,34547.0,15645.0,12.437442075996293,4.6244,0.0143,8.384,85.8338,0.4288,0.0,0.7076,0.0071,0.0,1277108508.0,0.0,1.2250329476311029e-05,0.4502,0,-0.07033844395487804,0.06949308,0.06663594,0.0,0.06663593649864197,train,Low,Low
429,Georgia,Gordon,13129,41390.0,56079.0,12.916240787562536,3.7793,0.0154,7.5624,87.4769,0.5512,0.0,0.6032,0.0116,17.0,921538730.0,30.314377931132864,6.085365506016226e-05,0.5782,1,-0.07033844395487804,0.629726,0.62882847,0.017253629077912246,0.6115748368606558,train,High,High
430,Georgia,Elbert,13105,35739.0,19394.0,11.690433749257279,3.5061,0.0198,7.1014,88.2321,0.4414,0.0,0.6893,0.0099,2.0,909234534.0,10.312467773538208,2.133003012399879e-05,0.4711,0,-0.07033844395487804,0.09980128,0.09705015,0.005869409368939095,0.09118074335008175,train,Low,Low
431,Georgia,Fayette,13113,81689.0,109495.0,45.77655194902243,2.6451,0.2432,7.3146,87.7022,1.4379,0.0,0.5798,0.0772,47.0,503399106.0,42.92433444449518,0.00021751131198870265,1.7583,1,-0.07033844395487804,0.99571437,0.996097,0.024430669387445206,0.9716663588680174,train,High,High
432,Georgia,Jenkins,13165,27398.0,9055.0,13.025824265064154,3.6398,0.0,9.5885,85.8889,0.2716,0.0,0.5976,0.0136,3.0,899449594.0,33.13086692435119,1.0067267871822509e-05,0.2852,0,-0.07033844395487804,0.049807165,0.04688116,0.018856652451883737,0.02802450917826992,train,Low,Low
433,Georgia,Newton,13217,51068.0,103901.0,19.813888424285736,2.7021,0.0311,7.2991,89.0159,0.5167,0.0,0.4118,0.0233,10.0,704988509.0,9.624546443248862,0.00014737970714924094,0.5711,1,-0.07033844395487804,0.90154785,0.9016011,0.005477874385290075,0.8961232017408085,train,High,High
434,Georgia,Greene,13133,44299.0,16535.0,24.7469800848841,3.2444,0.0346,7.655,87.6862,0.8313,0.0,0.5311,0.0173,6.0,1003451714.0,36.28666465074085,1.647812223478847e-05,0.8832,1,-0.07033844395487804,0.90479493,0.90485954,0.020652795639771057,0.8842067472069086,train,High,High
435,Georgia,Colquitt,13071,33968.0,46002.0,12.924219708327655,3.9722,0.0025,8.925,86.0875,0.3343,0.0,0.6736,0.005,0.0,1416686381.0,0.0,3.2471548125936276e-05,0.3418,0,-0.07033844395487804,0.11355127,0.11084823,0.0,0.11084823310375214,test,Low,Low
436,Georgia,Dawson,13085,59265.0,22939.0,29.84074279038308,3.7862,0.0962,7.5647,86.9676,0.8388,0.0,0.7157,0.0308,10.0,546042941.0,43.593879419329525,4.2009516610526056e-05,0.9658,1,-0.07033844395487804,0.98926216,0.98962224,0.024811745346615982,0.9648104899515407,train,High,High
437,Georgia,Clayton,13063,42470.0,270269.0,19.028734138187446,1.2175,0.045,6.7422,91.0269,0.5597,0.0,0.3769,0.0318,32.0,366862137.0,11.840055648261547,0.0007367045348700022,0.6365000000000001,1,-0.07033844395487804,0.90786314,0.9079385,0.006738846130408138,0.9011996342467892,test,High,High
438,Georgia,Hall,13139,51902.0,190482.0,22.47353578289124,2.8725,0.0997,7.3133,88.3467,0.8576,0.0,0.473,0.0372,30.0,1017306117.0,15.749519639650991,0.00018724157538905272,0.9945,1,-0.07033844395487804,0.975251,0.9755621,0.008963943467194129,0.9665981521748958,train,High,High
439,Georgia,Johnson,13167,32685.0,9694.0,8.690254500310367,3.4947,0.0,8.397,86.8827,0.3276,0.0,0.8979,0.0,0.0,784793325.0,0.0,1.2352296701809995e-05,0.3276,0,-0.07033844395487804,0.051596023,0.04867628,0.0,0.048676278442144394,test,Low,Low
440,Georgia,Madison,13195,45063.0,28362.0,15.471406491499225,4.9521,0.0228,6.9179,86.7119,0.5738,0.0,0.8118,0.0098,1.0,731184844.0,3.525844439743319,3.878909722040136e-05,0.6064,1,-0.07033844395487804,0.50095147,0.4996035,0.0020067577269093297,0.49759675217604477,train,High,High
441,Georgia,Tift,13277,37613.0,40691.0,17.52038388015449,3.5755,0.0169,9.5937,85.5686,0.5691,0.0,0.6734,0.0028,17.0,675665505.0,41.778280209382906,6.0223586521558476e-05,0.5888000000000001,1,-0.07033844395487804,0.7916486,0.79131746,0.023778385025195765,0.7675390778959468,train,High,High
442,Georgia,Talbot,13263,36957.0,6373.0,12.64737406216506,4.221,0.0,6.9083,87.7714,0.4479,0.0,0.6515,0.0,0.0,1013691982.0,0.0,6.286919609866264e-06,0.4479,0,-0.07033844395487804,0.035562146,0.032586318,0.0,0.032586317509412766,train,Low,Low
443,Georgia,Terrell,13273,30438.0,9132.0,12.075718015665798,3.5201,0.0,9.9476,85.6411,0.2785,0.0,0.6127,0.0,2.0,868785320.0,21.901007446342533,1.0511227330590714e-05,0.2785,0,-0.07033844395487804,0.037917,0.034949407,0.012465103515243629,0.02248430346622457,test,Low,Low
444,Georgia,Wilkinson,13319,38827.0,9312.0,8.640822045773003,2.8186,0.0,7.1443,88.8922,0.4013,0.0,0.7438,0.0,0.0,1158541303.0,0.0,8.037693585793548e-06,0.4013,0,-0.07033844395487804,0.066984475,0.06411856,0.0,0.06411855667829514,train,Low,Low
445,Georgia,Randolph,13243,30358.0,7224.0,13.354166666666668,4.3059,0.0,9.6123,84.9026,0.268,0.0,0.9112,0.0,2.0,1109126239.0,27.685492801771872,6.513235144913022e-06,0.268,0,-0.07033844395487804,0.09035976,0.08757561,0.015757381686213292,0.07181822531556817,train,Low,Low
446,Georgia,Ware,13299,34705.0,35671.0,12.825036756983826,2.79,0.0,8.0827,87.8661,0.4622,0.0,0.7957,0.0033,4.0,2312572274.0,11.21359087213703,1.5424815215958954e-05,0.4655,0,-0.07033844395487804,0.094386674,0.09161661,0.006382289551804256,0.08523431865065317,train,Low,Low
447,Georgia,Wilcox,13315,34071.0,8884.0,9.529800283063375,5.5286,0.0,9.5714,83.9,0.2571,0.0,0.7429,0.0,0.0,978250127.0,0.0,9.081521949038296e-06,0.2571,0,-0.07033844395487804,0.05209842,0.04918043,0.0,0.04918042942881584,train,Low,Low
448,Georgia,Irwin,13155,29846.0,9365.0,11.14938928906984,4.1733,0.0435,10.2884,84.2921,0.3768,0.0,0.826,0.0,0.0,917793241.0,0.0,1.0203823237787388e-05,0.4203,0,-0.07033844395487804,0.016454766,0.013412102,0.0,0.01341210212558508,train,Low,Low
449,Georgia,Bacon,13005,37303.0,11251.0,13.197483588621445,5.4136,0.0,9.7696,83.6545,0.2304,0.0,0.9319,0.0,0.0,735650671.0,0.0,1.5293943774571776e-05,0.2304,0,-0.07033844395487804,0.09675343,0.093991645,0.0,0.09399164468050003,train,Low,Low
450,Georgia,Burke,13033,34589.0,22838.0,10.403916768665852,3.3422,0.005,9.3961,86.3761,0.3402,0.0,0.5353,0.005,1.0,2141835935.0,4.378667133724494,1.0662814843472126e-05,0.3502,0,-0.07033844395487804,0.03985506,0.036894247,0.0024921474144234345,0.03440209952142099,train,Low,Low
451,Georgia,Chattahoochee,13053,43929.0,11882.0,30.11787819253438,3.14,0.0,8.1384,87.6963,0.2563,0.0,0.7049,0.0641,0.0,644222671.0,0.0,1.8443933339936743e-05,0.32039999999999996,0,-0.07033844395487804,0.70700717,0.70637995,0.0,0.7063799500465393,test,Low,High
452,Georgia,Decatur,13087,33514.0,27237.0,16.88911133355578,4.2863,0.0241,9.9827,84.582,0.2973,0.0,0.8195,0.008,2.0,1546584748.0,7.34295260124096,1.7611062074174805e-05,0.3294,0,-0.07033844395487804,0.17776352,0.17528509,0.004179290131115939,0.17110579590461253,train,Low,Low
453,Georgia,Habersham,13137,41600.0,43724.0,17.51210199768187,3.7403,0.0263,6.745,87.8571,0.7715,0.0,0.8407,0.0191,10.0,716754762.0,22.870734607995608,6.100273387510469e-05,0.8169,1,-0.07033844395487804,0.84365886,0.8435096,0.013017030155201354,0.8304925843124195,train,High,High
454,Georgia,Mcintosh,13191,45248.0,13941.0,13.766637520645098,2.5519,0.0,7.2318,88.5727,1.0121,0.0,0.6228,0.0087,2.0,1099051830.0,14.34617315831002,1.2684570117134513e-05,1.0208,1,-0.07033844395487804,0.18548124,0.1830298,0.008165219518055003,0.17486458113540265,train,High,Low
455,Georgia,Monroe,13207,50625.0,27044.0,22.18473218051455,3.7782,0.0191,9.4532,85.5793,0.6004,0.0,0.5507,0.0191,4.0,1025912893.0,14.790711433219938,2.63609124951313e-05,0.6386000000000001,1,-0.07033844395487804,0.8976791,0.8977188,0.00841823142295554,0.8893005557703428,train,High,High
456,Georgia,Taliaferro,13265,28152.0,1904.0,8.768267223382047,4.5699,0.0,6.5054,87.6882,0.4839,0.0,0.7527,0.0,2.0,504031039.0,105.04201680672269,3.777545136461328e-06,0.4839,0,-0.07033844395487804,0.07502322,0.07218542,0.05978535992710336,0.012400059572770752,train,Low,Low
457,Georgia,Bryan,13029,65862.0,34104.0,33.336433820109754,3.0532,0.0263,8.3233,86.9011,1.0887,0.0,0.5733,0.0342,6.0,1130181818.0,17.593244194229417,3.017567568053019e-05,1.1492,1,-0.07033844395487804,0.9679107,0.9681961,0.01001331151488431,0.958182782521218,train,High,High
458,Georgia,Camden,13039,53327.0,52092.0,22.619420271708506,2.9008,0.0184,8.2216,87.3939,0.9915,0.0,0.4279,0.046,8.0,1588171680.0,15.357444521231669,3.279998041521557e-05,1.0559,1,-0.07033844395487804,0.93568283,0.9358555,0.008740791315457639,0.9271147165351893,train,High,High
459,Georgia,Crawford,13079,40459.0,12483.0,13.114937388193201,4.2454,0.0179,7.6041,87.2011,0.4299,0.0,0.5016,0.0,0.0,841521481.0,0.0,1.4833845934825281e-05,0.4478,0,-0.07033844395487804,0.10695806,0.10423197,0.0,0.10423196852207184,test,Low,Low
460,Georgia,Coffee,13069,34536.0,43042.0,13.084112149532709,3.7955,0.0082,9.5437,85.232,0.3401,0.0,1.0668,0.0137,2.0,1490402085.0,4.646624227498722,2.8879455036457495e-05,0.362,0,-0.07033844395487804,0.11506347,0.11236573,0.002644656969964333,0.10972107313686627,test,Low,Low
461,Georgia,Gilmer,13123,43775.0,28956.0,17.83929257977701,3.8656,0.0132,6.7433,87.977,0.7632,0.0,0.6046,0.033,3.0,1103983377.0,10.360547036883547,2.6228655796146103e-05,0.8094,1,-0.07033844395487804,0.6371852,0.6363138,0.005896774000269623,0.6304170220431263,train,High,High
462,Georgia,Walton,13297,54459.0,87436.0,18.58280864090166,3.5519,0.0654,8.1376,87.0303,0.675,0.0,0.5049,0.0349,2.0,843525609.0,2.287387346173201,0.00010365541848060241,0.7753000000000001,1,-0.07033844395487804,0.78057176,0.78020185,0.001301881665460506,0.7788999706561642,test,High,High
463,Georgia,Dodge,13091,35544.0,20995.0,13.535492763611304,3.2977,0.0058,7.9927,87.3297,0.3976,0.0,0.9647,0.0117,0.0,1284365331.0,0.0,1.6346595079496116e-05,0.41509999999999997,0,-0.07033844395487804,0.08715153,0.08435615,0.0,0.0843561515212059,test,Low,Low
464,Georgia,Cherokee,13057,72586.0,230629.0,35.49687602762249,2.8395,0.2985,7.6734,87.3075,1.3962,0.0,0.4229,0.0619,45.0,1090669263.0,19.51185670492436,0.00021145640371823699,1.7566000000000002,1,-0.07033844395487804,0.9966769,0.99706286,0.011105302539043694,0.9859575593803593,train,High,High
465,Georgia,Lee,13177,62797.0,29134.0,24.163411801963473,3.5898,0.0217,10.2917,85.051,0.6297,0.0,0.3981,0.0181,3.0,921722909.0,10.297247202581177,3.1608197773459054e-05,0.6695000000000001,1,-0.07033844395487804,0.92376524,0.9238962,0.005860746480119696,0.9180354470242138,train,High,High
466,Georgia,Pickens,13227,56769.0,29992.0,24.756990832450363,4.1349,0.0538,7.602,86.2225,1.2623,0.0,0.6594,0.0651,5.0,601027938.0,16.67111229661243,4.990117447751655e-05,1.3812,1,-0.07033844395487804,0.9436501,0.94385064,0.009488474034843026,0.9343621624473958,train,High,High
467,Georgia,Cook,13075,35199.0,17103.0,13.838402015475976,3.7495,0.014,9.1328,85.9168,0.4329,0.0,0.7471,0.007,0.0,588446812.0,0.0,2.9064648921914798e-05,0.4539,0,-0.07033844395487804,0.13200426,0.12936577,0.0,0.12936577200889587,train,Low,Low
468,Georgia,Fulton,13121,58851.0,996757.0,49.80609376530789,1.6117,0.5884,6.9942,88.6113,1.7379,0.0001,0.322,0.1344,950.0,1364181802.0,95.30908737034203,0.0007306628768531249,2.4606999999999997,1,-0.07033844395487804,0.99789906,0.9982893,0.054245798643071774,0.9440434884472297,train,High,High
469,Georgia,Union,13291,41686.0,22033.0,22.36772873428822,5.1764,0.0233,7.7276,85.5521,0.8828,0.0,0.6106,0.0272,4.0,833892441.0,18.154586302364635,2.6421872794023805e-05,0.9333,1,-0.07033844395487804,0.90263057,0.9026876,0.010332803095466329,0.8923548061002429,train,High,High
470,Georgia,White,13311,42264.0,28140.0,20.792380180362752,4.5101,0.035,6.9578,86.9809,0.7353,0.0,0.7529,0.028,9.0,623402121.0,31.982942430703627,4.513940368836185e-05,0.7983,1,-0.07033844395487804,0.91829515,0.91840696,0.018203303619595653,0.900203659728793,train,High,High
471,Georgia,Paulding,13223,60971.0,149830.0,24.633356880027833,2.9337,0.0879,8.3916,87.3078,0.8107,0.0,0.4302,0.0381,6.0,808832045.0,4.0045384769405326,0.00018524241333687516,0.9367,1,-0.07033844395487804,0.9600853,0.9603433,0.0022792096102490452,0.958064091685985,train,High,High
472,Georgia,Richmond,13245,38595.0,201418.0,21.04386837175959,1.4849,0.0188,7.5818,89.9442,0.6112,0.0,0.3469,0.0122,27.0,840008393.0,13.404958841811558,0.00023978093752213258,0.6422,1,-0.07033844395487804,0.89207333,0.8920934,0.007629521152857565,0.884463898875829,train,High,High
473,Georgia,Berrien,13019,35740.0,18986.0,12.266583326822408,4.6528,0.0125,9.0315,85.0389,0.4796,0.0,0.7786,0.0062,0.0,1170534736.0,0.0,1.6219937278307306e-05,0.4983,0,-0.07033844395487804,0.068223394,0.06536181,0.0,0.06536181271076202,train,Low,Low
474,Georgia,Barrow,13013,53133.0,73340.0,16.785158386268982,3.0186,0.0697,7.5553,88.1346,0.7376,0.0,0.4452,0.0389,3.0,415349361.0,4.090537223888737,0.0001765742454097576,0.8462000000000001,1,-0.07033844395487804,0.71186537,0.71125513,0.0023281563669458306,0.7089269767850622,test,High,High
475,Georgia,Clinch,13065,24848.0,6814.0,14.382632293080055,3.8455,0.0,9.1812,85.3709,0.3846,0.0,1.2178,0.0,4.0,2072566895.0,58.7026709715292,3.287710527673945e-06,0.3846,0,-0.07033844395487804,0.0975093,0.09475016,0.03341101417704866,0.061339144311701795,test,Low,Low
476,Georgia,Grady,13131,35518.0,25145.0,12.770020288817282,4.6788,0.0,9.7228,84.3408,0.4327,0.0,0.8249,0.0,1.0,1177238816.0,3.9769337840524956,2.1359302512159098e-05,0.4327,0,-0.07033844395487804,0.13395873,0.13132708,0.0022634982163691553,0.12906357953002215,test,Low,Low
477,Georgia,Whitfield,13313,41764.0,103653.0,13.550689276564597,2.5398,0.0214,6.8981,89.448,0.5599,0.0,0.5215,0.0113,9.0,752293529.0,8.682816705739342,0.0001377826553124585,0.5925999999999999,1,-0.07033844395487804,0.66224873,0.6614649,0.004941882664808752,0.6565230469158797,train,High,High
478,Georgia,Macon,13193,28285.0,13846.0,8.529964501983713,3.933,0.0,8.1125,87.0713,0.2157,0.0,0.6675,0.0,2.0,1037654069.0,14.444604940054889,1.3343560646703348e-05,0.2157,0,-0.07033844395487804,0.014104068,0.011053183,0.008221242618893891,0.002831940497124881,test,Low,Low
479,Georgia,Harris,13145,65336.0,32992.0,26.600942243936487,3.935,0.0705,7.6114,86.8726,0.9845,0.0,0.5143,0.0118,0.0,1201462484.0,0.0,2.7459866986575006e-05,1.0668,1,-0.07033844395487804,0.84527063,0.84512705,0.0,0.8451270461082458,train,High,High
480,Georgia,Worth,13321,38684.0,20988.0,10.213361315145155,3.7516,0.0,9.8341,85.5042,0.333,0.0,0.5772,0.0,1.0,1478123914.0,4.76462740613684,1.4199080199713216e-05,0.333,0,-0.07033844395487804,0.075044364,0.07220664,0.0027118192610349917,0.06949481949237916,train,Low,Low
481,Georgia,Dooly,13093,33319.0,14089.0,11.262935798251783,4.0875,0.0,10.192,84.7119,0.3326,0.0,0.6544,0.0215,0.0,1015120153.0,0.0,1.3879145201050895e-05,0.3541,0,-0.07033844395487804,0.04007692,0.03711688,0.0,0.0371168814599514,train,Low,Low
482,Georgia,Webster,13307,37072.0,2672.0,9.42350332594235,4.5245,0.0,9.816,84.1641,0.3451,0.0,1.1503,0.0,0.0,541613277.0,0.0,4.933409341071231e-06,0.3451,0,-0.07033844395487804,0.036542572,0.03357017,0.0,0.033570170402526855,train,Low,Low
483,Georgia,Glascock,13125,43884.0,3053.0,8.220502901353965,5.9055,0.0,7.9724,85.105,0.3937,0.0,0.6234,0.0,0.0,372284127.0,0.0,8.200725678535308e-06,0.3937,0,-0.07033844395487804,0.057312753,0.054413002,0.0,0.054413001984357834,train,Low,Low
484,Georgia,Chatham,13051,49596.0,282613.0,32.89476510643782,1.7203,0.0567,7.0694,89.6433,1.1268,0.0,0.3483,0.0352,94.0,1111258870.0,33.26103187043766,0.00025431788004535793,1.2187,1,-0.07033844395487804,0.9961761,0.9965604,0.018930736693487653,0.9776296580704589,train,High,High
485,Georgia,Lumpkin,13187,40634.0,31094.0,26.985114879933615,3.7609,0.0796,6.6464,87.7279,0.8892,0.0,0.8407,0.0554,8.0,732793278.0,25.72843635428057,4.2432157790617726e-05,1.0242,1,-0.07033844395487804,0.92194057,0.92206514,0.014643510040677278,0.9074216287761562,test,High,High
486,Georgia,Mcduffie,13189,37021.0,21558.0,14.18424753867792,3.2369,0.0092,7.7438,87.9969,0.3622,0.0,0.6465,0.0046,4.0,666816637.0,18.554596901382315,3.23297272500416e-05,0.376,0,-0.07033844395487804,0.12595192,0.12329225,0.010560471778569886,0.1127317806428092,train,Low,Low
487,Georgia,Miller,13201,36463.0,5911.0,11.402648357037764,4.4847,0.0495,10.9481,83.6109,0.1979,0.0,0.709,0.0,0.0,731466841.0,0.0,8.081022499829217e-06,0.2474,0,-0.07033844395487804,0.031976644,0.028988272,0.0,0.028988271951675415,train,Low,Low
488,Georgia,Morgan,13211,54506.0,17943.0,20.77054655046021,5.8319,0.0739,8.1045,84.6586,0.6557,0.0,0.6655,0.0099,6.0,899645527.0,33.43922420999833,1.994452199393862e-05,0.7394999999999999,1,-0.07033844395487804,0.83670706,0.8365335,0.019032156044341216,0.817501330798768,train,High,High
489,Georgia,Heard,13149,44185.0,11571.0,10.50216670915116,5.1609,0.0357,6.801,86.9061,0.3655,0.0,0.722,0.0089,0.0,766718985.0,0.0,1.5091578826628377e-05,0.4101,0,-0.07033844395487804,0.14017305,0.13756314,0.0,0.13756313920021057,train,Low,Low
490,Georgia,Oconee,13219,75946.0,35071.0,46.557891981502486,3.9009,0.2291,7.4438,86.2437,1.7242,0.0,0.3895,0.0687,2.0,477395753.0,5.702717344814804,7.346315877259177e-05,2.0220000000000002,1,-0.07033844395487804,0.97741926,0.9777379,0.0032457393658921847,0.9744921642290785,train,High,High
491,Georgia,Dougherty,13095,33605.0,92326.0,19.765802324781625,2.0572,0.0138,8.5027,88.5209,0.4734,0.0,0.4266,0.0055,13.0,851140302.0,14.080540692762602,0.00010847330314761667,0.49269999999999997,0,-0.07033844395487804,0.66722304,0.66645664,0.008014033040073558,0.6584426067266196,train,Low,High
492,Georgia,Fannin,13111,39011.0,24017.0,17.72172766238048,4.4123,0.0304,7.383,86.8579,0.6753,0.0,0.6108,0.0304,4.0,1002509543.0,16.65486946746055,2.39568791815481e-05,0.7361,1,-0.07033844395487804,0.54919523,0.548016,0.009479229320998027,0.5385367823939373,train,High,High
493,Georgia,Henry,13151,62561.0,214171.0,27.478510028653297,2.3736,0.0653,7.6436,88.6193,0.8122,0.0,0.4513,0.0346,42.0,825198323.0,19.610498153344757,0.0002595388211907454,0.9121,1,-0.07033844395487804,0.9916922,0.9920607,0.011161444973060316,0.9808992759475025,test,High,High
494,Georgia,Houston,13153,55480.0,149137.0,24.033590765653546,2.2967,0.0349,7.7981,88.6764,0.8123,0.0,0.3709,0.0106,23.0,972671938.0,15.422061594372959,0.00015332713340805766,0.8578000000000001,1,-0.07033844395487804,0.9815708,0.9819039,0.008777568550821428,0.9731263420860804,train,High,High
495,Georgia,Laurens,13175,33632.0,47802.0,15.237137379388377,3.1271,0.0044,7.4852,88.1501,0.4303,0.0,0.7918,0.0111,8.0,2090902574.0,16.735701435086398,2.286189734252056e-05,0.44580000000000003,0,-0.07033844395487804,0.20923534,0.206867,0.009525235371005799,0.19734175912915441,test,Low,Low
496,Georgia,Long,13183,50848.0,17243.0,15.238095238095239,2.6141,0.0083,9.3407,86.6966,0.5911,0.0,0.7243,0.025,0.0,1037095172.0,0.0,1.662624652542496e-05,0.6244,1,-0.07033844395487804,0.19851036,0.19610451,0.0,0.1961045116186142,train,High,Low
497,Georgia,Spalding,13255,40548.0,64006.0,15.390364090707395,2.9852,0.0422,6.7995,89.0654,0.542,0.0,0.5403,0.0253,3.0,507333988.0,4.687060588069868,0.00012616146663526907,0.6095,1,-0.07033844395487804,0.47308096,0.47163552,0.0026676715925351875,0.46896784886568627,train,High,Low
498,Georgia,Stephens,13257,37088.0,25584.0,17.622974790898986,3.8946,0.0077,7.1808,87.62,0.4476,0.0,0.8378,0.0115,2.0,463948063.0,7.817385866166354,5.5144103489877054e-05,0.4668,0,-0.07033844395487804,0.47131982,0.4698682,0.004449316967683115,0.4654188959706256,train,Low,Low
499,Georgia,Telfair,13271,27657.0,16405.0,9.124918672739103,3.2133,0.0,8.5724,87.1792,0.2157,0.0,0.8195,0.0,2.0,1132610582.0,12.1914050594331,1.4484236913124656e-05,0.2157,0,-0.07033844395487804,0.015581533,0.012535815,0.006938818975995417,0.005596996151198511,train,Low,Low
500,Georgia,Upson,13293,35699.0,26394.0,13.353049495005859,3.6073,0.0078,6.5164,88.8794,0.3956,0.0,0.5818,0.0116,0.0,837696990.0,0.0,3.150781286679805e-05,0.415,0,-0.07033844395487804,0.12636304,0.12370482,0.0,0.12370482087135315,test,Low,Low
501,Georgia,Washington,13303,37417.0,20680.0,12.300296903718365,2.9533,0.0106,8.2787,87.6004,0.3011,0.0,0.8506,0.0053,3.0,1757188473.0,14.506769825918761,1.1768800170134055e-05,0.317,0,-0.07033844395487804,0.07098645,0.06813453,0.008256624175619304,0.05987790720312673,train,Low,Low
502,Georgia,Peach,13225,41128.0,26907.0,20.150681655106435,3.7027,0.0076,7.702,87.5537,0.4296,0.0,0.5968,0.0076,8.0,389190214.0,29.732039989593787,6.913585961850521e-05,0.4448,0,-0.07033844395487804,0.7727236,0.7723263,0.016922187579619403,0.755404103027833,train,Low,High
503,Georgia,Pierce,13229,42730.0,19030.0,12.901465544122232,3.8037,0.0,8.94,85.7682,0.5053,0.0,0.9773,0.0056,1.0,881051115.0,5.254860746190226,2.159920085907842e-05,0.5109,0,-0.07033844395487804,0.26100844,0.2588212,0.0029908388150605572,0.25583035058847337,train,Low,Low
504,Georgia,Pike,13231,50819.0,17843.0,15.306804882126734,6.4331,0.0265,7.2771,85.1486,0.4352,0.0,0.6635,0.0159,1.0,559659552.0,5.6044387154626465,3.1881882362654644e-05,0.4776,0,-0.07033844395487804,0.36849198,0.36668068,0.0031898034327524746,0.36349087827272236,train,Low,Low
505,Georgia,Screven,13251,35047.0,14114.0,14.379425239483549,3.8399,0.0068,8.0746,86.8941,0.5038,0.0,0.674,0.0068,0.0,1670803487.0,0.0,8.447432693202178e-06,0.5174000000000001,0,-0.07033844395487804,0.08657975,0.083782375,0.0,0.0837823748588562,train,Low,Low
506,Georgia,Tattnall,13267,35578.0,25260.0,11.366480828308113,3.4082,0.0162,9.6251,85.4975,0.4537,0.0,0.9776,0.0216,2.0,1241953434.0,7.917656373713381,2.033892681357971e-05,0.4915,0,-0.07033844395487804,0.057470623,0.054571427,0.004506386591496628,0.05006504081338389,test,Low,Low
507,Georgia,Walker,13295,41539.0,68143.0,15.018810500063406,3.3622,0.0106,6.8146,88.8245,0.3977,0.0,0.5727,0.0177,5.0,1156146017.0,7.337510822828463,5.893978701480922e-05,0.426,0,-0.07033844395487804,0.47606933,0.47463432,0.004176192906872489,0.470458126636966,train,Low,Low
508,Georgia,Gwinnett,13135,61865.0,874242.0,34.92966791354795,1.7769,0.3748,6.372,89.8903,1.2643,0.0,0.251,0.0707,195.0,1114832015.0,22.305036820468473,0.0007841916882876744,1.7098,1,-0.07033844395487804,0.9969934,0.99738055,0.012695059510830489,0.9846854951652254,train,High,High
509,Georgia,Charlton,13049,43871.0,12968.0,8.988271401951113,3.0175,0.0,7.6179,88.4195,0.2619,0.0,0.6718,0.0114,2.0,2003666845.0,15.422578655151142,6.472133844187056e-06,0.27330000000000004,0,-0.07033844395487804,0.050363928,0.047439873,0.008777862839389637,0.03866201037914674,train,Low,Low
510,Georgia,Bartow,13015,50565.0,101942.0,18.514502977825963,3.4689,0.0858,7.4006,87.7434,0.7365,0.0,0.5393,0.0255,26.0,1190219022.0,25.50469875026976,8.564978219613767e-05,0.8478,1,-0.07033844395487804,0.9385668,0.93874955,0.014516168300755944,0.9242333834723153,train,High,High
511,Georgia,Douglas,13097,57384.0,138283.0,26.147670737222978,2.2737,0.0742,7.2853,89.0418,0.8105,0.0,0.4812,0.0333,31.0,518293073.0,22.417795390612003,0.00026680464625850785,0.918,1,-0.07033844395487804,0.980529,0.9808585,0.012759236798223024,0.9680992679739633,train,High,High
512,Georgia,Jeff Davis,13161,36566.0,14953.0,10.74839928623911,3.6106,0.013,10.1446,84.9031,0.3954,0.0,0.9334,0.0,0.0,856690608.0,0.0,1.7454376014356864e-05,0.4084,0,-0.07033844395487804,0.026741493,0.023734812,0.0,0.023734811693429947,train,Low,Low
513,Georgia,Hancock,13141,26386.0,8747.0,10.889875938122225,1.979,0.0,5.5917,91.4597,0.2524,0.0,0.7172,0.0,0.0,1220058032.0,0.0,7.169331106046929e-06,0.2524,0,-0.07033844395487804,0.025304664,0.022292957,0.0,0.022292956709861755,test,Low,Low
514,Georgia,Calhoun,13037,28200.0,6443.0,10.29256998526626,3.5953,0.0,11.1948,84.1119,0.3445,0.0,0.7535,0.0,0.0,726147258.0,0.0,8.87285592421806e-06,0.3445,0,-0.07033844395487804,0.015621086,0.012575506,0.0,0.01257550623267889,test,Low,Low
515,Georgia,Troup,13285,42545.0,69314.0,18.757451020086826,2.5032,0.0301,6.6189,89.6547,0.6693,0.0,0.5174,0.0063,10.0,1072232630.0,14.427099864385262,6.464455385954819e-05,0.7057,1,-0.07033844395487804,0.8065659,0.80628693,0.008211279489079033,0.7980756515488238,test,High,High
516,Georgia,Bibb,13021,37108.0,154194.0,24.589867128013758,1.9924,0.0386,7.4071,89.3907,0.717,0.0,0.4313,0.0228,32.0,645714766.0,20.75307729224224,0.00023879584008150125,0.7784,1,-0.07033844395487804,0.9618679,0.96213216,0.011811751461271365,0.9503204044339618,train,High,High
517,Georgia,Marion,13197,35484.0,8646.0,11.076158940397352,3.8396,0.0,8.248,86.6894,0.256,0.0,0.967,0.0,0.0,947978206.0,0.0,9.120462838994845e-06,0.256,0,-0.07033844395487804,0.05314396,0.050229628,0.0,0.05022962763905525,train,Low,Low
518,Georgia,Schley,13249,41227.0,5089.0,14.86404833836858,4.287,0.0,9.6745,85.2591,0.3439,0.0,0.4356,0.0,0.0,432284456.0,0.0,1.177234094209485e-05,0.3439,0,-0.07033844395487804,0.07256782,0.06972144,0.0,0.06972143799066544,train,Low,Low
519,Georgia,Bleckley,13023,37060.0,12835.0,17.724867724867725,3.6183,0.024,8.1812,86.9597,0.4723,0.0,0.7285,0.016,1.0,559100198.0,7.791195948578106,2.2956529162237928e-05,0.5123,0,-0.07033844395487804,0.40170994,0.40001485,0.004434410802540117,0.39558043671447346,train,Low,Low
520,Georgia,Evans,13109,40594.0,10733.0,15.096719932716567,3.1548,0.0,9.5378,85.8925,0.5136,0.0,0.8909,0.0105,0.0,473613879.0,0.0,2.2661920344610508e-05,0.5240999999999999,0,-0.07033844395487804,0.20617919,0.20380016,0.0,0.20380015671253204,train,Low,Low
521,Georgia,Franklin,13119,37298.0,22188.0,12.635259963050938,5.1531,0.0203,7.5772,85.8624,0.4677,0.0,0.9111,0.0081,4.0,677301814.0,18.02776275464215,3.2759398456298835e-05,0.4961,0,-0.07033844395487804,0.12239062,0.11971851,0.010260620632883074,0.10945788629937553,train,Low,Low
522,Georgia,Effingham,13103,62820.0,55852.0,18.27930035650624,3.1636,0.0114,8.3647,86.8843,0.7159,0.0,0.8374,0.0228,1.0,1237247938.0,1.7904461791878536,4.5142124132600496e-05,0.7501,1,-0.07033844395487804,0.80209047,0.80179584,0.001019044307287159,0.8007767959560795,test,High,High
523,Georgia,Lamar,13171,40364.0,18195.0,17.15783142881691,4.7722,0.036,7.2182,86.9724,0.4137,0.0,0.5875,0.0,0.0,475262774.0,0.0,3.828408408018929e-05,0.4497,0,-0.07033844395487804,0.4776326,0.47620308,0.0,0.4762030839920044,train,Low,Low
524,Georgia,Emanuel,13107,31522.0,22723.0,11.713958347374806,3.0617,0.0,9.7859,85.8076,0.3672,0.0,0.9776,0.0,2.0,1762760538.0,8.801654711085684,1.2890576746051483e-05,0.3672,0,-0.07033844395487804,0.022840057,0.019819729,0.005009520103032381,0.014810208927099913,train,Low,Low
525,Georgia,Quitman,13239,29773.0,2095.0,8.560558021559924,3.9965,0.0,8.2126,86.8687,0.2196,0.0,0.7027,0.0,2.0,391703078.0,95.4653937947494,5.348438952016609e-06,0.2196,0,-0.07033844395487804,0.06866401,0.06580397,0.05433476148028869,0.011469205935997775,train,Low,Low
526,Georgia,Jasper,13159,41434.0,13571.0,10.362806865087986,5.6256,0.0297,7.4365,85.7281,0.5863,0.0,0.5715,0.0223,1.0,953541347.0,7.3686537469604305,1.4232209271990803e-05,0.6383,1,-0.07033844395487804,0.08476144,0.081957705,0.004193918108510972,0.0777637872104168,test,High,Low
527,Georgia,Lanier,13173,31682.0,10382.0,15.401396160558464,3.9338,0.0,8.4526,86.4559,0.4979,0.0,0.6473,0.0124,2.0,479903182.0,19.264110961279137,2.1633530239855754e-05,0.5103,0,-0.07033844395487804,0.054475307,0.051565632,0.010964296407359353,0.040601335816723594,train,Low,Low
528,Georgia,Liberty,13179,42484.0,63949.0,18.899548217970885,1.3656,0.0078,8.3386,89.1493,0.6711,0.0,0.4461,0.0215,8.0,1337285572.0,12.509968881452407,4.782000295147131e-05,0.7004,1,-0.07033844395487804,0.81956905,0.8193356,0.007120131686262791,0.8122154481858685,train,High,High
529,Georgia,Mitchell,13205,31111.0,22778.0,11.994002998500749,3.8568,0.0,10.2147,84.9784,0.2311,0.0,0.7138,0.0051,2.0,1326293153.0,8.780402142418122,1.7174182003788117e-05,0.2362,0,-0.07033844395487804,0.018902157,0.015868053,0.004997424062744965,0.010870628777487883,train,Low,Low
530,Georgia,Seminole,13253,35410.0,8696.0,14.916762815229934,4.0894,0.0112,9.7292,84.7433,0.4382,0.0,0.9774,0.0112,2.0,609245340.0,22.999080036798528,1.4273396001683e-05,0.46059999999999995,0,-0.07033844395487804,0.18900147,0.18656234,0.013090078806486294,0.17347226562539084,test,Low,Low
531,Georgia,Twiggs,13289,31625.0,8363.0,11.641740312712441,4.0743,0.0,6.7667,87.908,0.2144,0.0,1.0365,0.0,0.0,928284540.0,0.0,9.009091113377801e-06,0.2144,0,-0.07033844395487804,0.019516785,0.01648483,0.0,0.016484830528497696,train,Low,Low
532,Georgia,Polk,13233,39356.0,41263.0,12.98427382053654,3.5751,0.02,7.1101,88.1757,0.4531,0.0,0.6559,0.01,3.0,803772833.0,7.270435983811162,5.133664426799556e-05,0.48310000000000003,0,-0.07033844395487804,0.24032766,0.23806807,0.004138016817773967,0.23393005717018686,train,Low,Low
533,Georgia,Taylor,13269,27114.0,8354.0,11.320754716981133,3.8828,0.0127,9.1105,85.9155,0.3426,0.0,0.7359,0.0,2.0,975611444.0,23.940627244433802,8.562835185438846e-06,0.3553,0,-0.07033844395487804,0.05738618,0.054486685,0.013625966638880153,0.04086071786229096,train,Low,Low
534,Georgia,Thomas,13275,38241.0,44977.0,19.529813501444707,3.5694,0.012,8.9463,86.1215,0.7355,0.0,0.5937,0.0216,5.0,1410511577.0,11.116793027547413,3.188701229639039e-05,0.7691,1,-0.07033844395487804,0.6604386,0.6596485,0.0063271964171245755,0.6533212816140339,train,High,High
535,Georgia,Toombs,13279,33081.0,27160.0,17.018954623779436,3.1472,0.0078,10.1322,85.3353,0.4277,0.0,0.934,0.0157,3.0,942770567.0,11.045655375552283,2.88087059043709e-05,0.4512,0,-0.07033844395487804,0.18770479,0.18526113,0.006286707951097467,0.1789744223818493,train,Low,Low
536,Georgia,Montgomery,13209,38111.0,9005.0,15.552592098683112,3.1058,0.0,9.7141,85.7983,0.342,0.0,1.0398,0.0,0.0,620370460.0,0.0,1.4515520290891993e-05,0.342,0,-0.07033844395487804,0.11621609,0.11352238,0.0,0.11352238059043884,test,Low,Low
537,Georgia,Oglethorpe,13221,44403.0,14743.0,16.6156202143951,4.8918,0.0272,6.5111,87.1683,0.762,0.0,0.6327,0.0068,1.0,1137034041.0,6.782880010852608,1.2966190517070016e-05,0.796,1,-0.07033844395487804,0.37015656,0.3683511,0.003860521104972014,0.36449058077033314,train,High,Low
538,Georgia,Rockdale,13247,51072.0,87569.0,25.961064563824543,2.2027,0.0665,6.9619,89.5409,0.7484,0.0,0.4527,0.0269,11.0,336205277.0,12.561522913359749,0.0002604628957088023,0.8418,1,-0.07033844395487804,0.9638254,0.9640965,0.007149474005145958,0.9569470125633049,train,High,High
539,Georgia,Wayne,13305,39908.0,30006.0,13.323718108121549,3.4742,0.0073,8.7368,86.3048,0.5937,0.0,0.8759,0.0073,3.0,1662237979.0,9.998000399920016,1.8051566850885916e-05,0.6083,1,-0.07033844395487804,0.1421465,0.13954349,0.0056904281794243556,0.13385306044228737,test,High,Low
540,Georgia,Wheeler,13309,27779.0,7932.0,4.937620804779477,3.9375,0.0,9.1131,85.9346,0.3247,0.0,0.6901,0.0,0.0,765301200.0,0.0,1.0364546664764149e-05,0.3247,0,-0.07033844395487804,0.01490098,0.011852882,0.0,0.011852881871163845,train,Low,Low
541,Georgia,Baldwin,13009,34595.0,45808.0,18.42152466367713,2.4008,0.0296,6.7631,89.5778,0.6116,0.0,0.609,0.0081,7.0,669822351.0,15.28117359413203,6.838828225366281e-05,0.6493,1,-0.07033844395487804,0.6326693,0.6317821,0.008697381211889121,0.6230847332938787,train,High,High
542,Georgia,Banks,13011,40721.0,18336.0,10.986027944111775,4.9644,0.0149,6.994,86.7085,0.5074,0.0,0.8009,0.0099,0.0,601112274.0,0.0,3.050345300385598e-05,0.5322,0,-0.07033844395487804,0.0922959,0.08951852,0.0,0.08951851725578308,train,Low,Low
543,Georgia,Bulloch,13031,37125.0,73141.0,28.248217480033254,3.1851,0.0259,8.7196,86.3248,1.0325,0.0,0.7062,0.006,7.0,1743181436.0,9.570555502385803,4.1958340359471334e-05,1.0644,1,-0.07033844395487804,0.92255884,0.92268556,0.00544714508352657,0.9172384184807739,test,High,High
544,Georgia,Clarke,13059,33116.0,122037.0,40.75325929502655,2.0843,0.2001,5.8252,89.63,1.7496,0.0,0.4562,0.0548,39.0,308738452.0,31.957521079672556,0.00039527632275619494,2.0045,1,-0.07033844395487804,0.98306423,0.9834026,0.018188834889201585,0.9652137749359327,train,High,High
545,Georgia,Clay,13061,22120.0,3068.0,7.437619961612284,3.1746,0.0331,9.127,86.7063,0.3307,0.0,0.6283,0.0,0.0,506035802.0,0.0,6.062812132806366e-06,0.3638,0,-0.07033844395487804,0.020435005,0.017406266,0.0,0.017406266182661057,train,Low,Low
546,Hawaii,Honolulu,15003,77161.0,986999.0,33.350645958788036,1.0004,0.3868,4.6193,91.4298,2.2687,0.0007,0.1502,0.1442,270.0,1555561841.0,27.355650816262226,0.0006344967933679212,2.7997,1,-0.09747704798204225,0.9938883,0.99426454,0.015569649934460573,0.9786948931220275,train,High,High
547,Hawaii,Maui,15009,68777.0,162456.0,25.698147628403028,2.0658,0.4941,4.5131,90.8625,1.81,0.0,0.169,0.0855,71.0,3008351217.0,43.70414142906387,5.400167343559208e-05,2.3896,1,-0.09747704798204225,0.9747798,0.9750892,0.024874501700108156,0.9502146906903337,train,High,High
548,Hawaii,Kalawao,15005,65625.0,91.0,29.761904761904763,0.0,0.0,8.3333,91.6667,0.0,0.0,0.0,0.0,0.0,31057603.0,0.0,2.930039385203037e-06,0.0,0,-0.09747704798204225,0.13997073,0.13736011,0.0,0.1373601108789444,train,Low,Low
549,Hawaii,Hawaii,15001,53936.0,193680.0,27.59102089658076,4.1054,0.1252,3.7733,90.1881,1.5509,0.0,0.1974,0.0598,53.0,10433637858.0,27.364725320115657,1.856303646302001e-05,1.7359,1,-0.09747704798204225,0.9752695,0.97558063,0.015574814748461006,0.960005817938154,train,High,High
550,Hawaii,Kauai,15007,68224.0,70447.0,27.790327134847324,2.9502,0.2071,4.8449,90.4038,1.3776,0.0,0.171,0.0454,32.0,1605492336.0,45.424219626101895,4.387875196932737e-05,1.6301,1,-0.09747704798204225,0.9701217,0.9704148,0.025853495604060885,0.9445613217291605,train,High,High
551,Idaho,Oneida,16071,40564.0,4269.0,16.34795650543682,13.962,0.0,4.9525,79.8428,0.53,0.0,0.6944,0.0183,0.0,3104988709.0,0.0,1.3748842266724005e-06,0.5483,0,0.07133780532857142,0.087934144,0.08514151,0.0,0.08514150977134705,train,Low,Low
552,Idaho,Gem,16045,40767.0,16853.0,15.272389947714624,11.0017,0.0,4.8383,82.7182,0.6702,0.0,0.7615,0.0102,0.0,1449853967.0,0.0,1.1623929294666682e-05,0.6804,1,0.07133780532857142,0.21564128,0.21329534,0.0,0.2132953405380249,test,High,Low
553,Idaho,Valley,16085,53630.0,9897.0,30.97380792478173,11.6047,0.0451,6.0804,80.5787,0.6464,0.0,1.0071,0.0376,6.0,9492871594.0,60.62443164595332,1.0425717763058578e-06,0.7291,1,0.07133780532857142,0.8591483,0.85905325,0.03450479699945584,0.8245484571280466,train,High,High
554,Idaho,Adams,16003,41335.0,3865.0,22.68251273344652,14.4034,0.0,4.4952,79.9963,0.4683,0.0,0.6368,0.0,0.0,3529649008.0,0.0,1.095009727947431e-06,0.4683,0,0.07133780532857142,0.17286274,0.17036717,0.0,0.17036716639995575,test,Low,Low
555,Idaho,Nez Perce,16069,49541.0,39995.0,22.197754593696978,9.3413,0.0092,5.5882,83.597,0.7437,0.0,0.7069,0.0138,4.0,2197058283.0,10.001250156269533,1.820388667404323e-05,0.7667,1,0.07133780532857142,0.86641854,0.8663489,0.005692277799785214,0.8606566444528698,test,High,High
556,Idaho,Jerome,16053,44447.0,22694.0,14.260537523865471,9.1765,0.0041,6.923,82.6295,0.6212,0.0,0.6334,0.0122,2.0,1546738019.0,8.812902088657795,1.4672167956841307e-05,0.6375,1,0.07133780532857142,0.41153014,0.40986937,0.005015921622508364,0.4048534512221877,train,High,Low
557,Idaho,Kootenai,16055,50924.0,147716.0,23.9831013916501,6.6014,0.0248,5.6446,86.0457,0.9187,0.0,0.7382,0.0266,16.0,3205258073.0,10.831595764846055,4.608552467094902e-05,0.9701,1,0.07133780532857142,0.983533,0.98387307,0.0061648745051967185,0.9777081947811497,train,High,High
558,Idaho,Lewis,16061,38068.0,3826.0,16.014760147601475,13.4672,0.0,5.5129,79.7204,0.4135,0.0,0.886,0.0,0.0,1240257780.0,0.0,3.0848425720014433e-06,0.4135,0,0.07133780532857142,0.10280496,0.10006434,0.0,0.10006433725357056,test,Low,Low
559,Idaho,Minidoka,16067,46147.0,20331.0,14.881187337175335,9.0014,0.0,7.74,82.1397,0.3855,0.0,0.7292,0.0042,1.0,1961126673.0,4.918597216073976,1.0366999888334087e-05,0.3897,0,0.07133780532857142,0.3418015,0.33989686,0.0027994521986425855,0.3370974055398523,train,Low,Low
560,Idaho,Twin Falls,16083,45500.0,80955.0,18.144831613782365,7.7251,0.011,6.51,84.135,0.9083,0.0,0.6959,0.0147,9.0,4977343860.0,11.117287381878821,1.62646990597913e-05,0.934,1,0.07133780532857142,0.8606067,0.8605167,0.006327477782168138,0.8541892491885045,test,High,High
561,Idaho,Owyhee,16073,34785.0,11356.0,9.66952264381885,12.2695,0.0,5.2166,81.2262,0.5121,0.0,0.7682,0.0073,0.0,19854835136.0,0.0,5.719513620845812e-07,0.5194,0,0.07133780532857142,0.112072356,0.10936415,0.0,0.10936415195465088,train,Low,Low
562,Idaho,Blaine,16013,58086.0,21427.0,41.849956807761316,7.426,0.0618,7.1244,83.0554,1.5041,0.0036,0.792,0.0327,9.0,6831452199.0,42.00308022588323,3.1365219832961026e-06,1.5986,1,0.07133780532857142,0.9784492,0.97877145,0.023906331444225586,0.9548651166911504,test,High,High
563,Idaho,Boise,16015,44591.0,6891.0,26.967791118734514,11.5732,0.0,4.555,82.4359,0.6684,0.0,0.755,0.0124,0.0,4919835728.0,0.0,1.4006565220829665e-06,0.6808,1,0.07133780532857142,0.23532464,0.23304754,0.0,0.23304754495620728,train,High,Low
564,Idaho,Boundary,16021,39279.0,11141.0,17.47019180922758,10.2367,0.0,6.1361,82.189,0.531,0.0,0.9071,0.0,2.0,3285990171.0,17.95170990036801,3.3904544506320133e-06,0.531,0,0.07133780532857142,0.33703578,0.33511445,0.010217334646908249,0.32489711461571075,train,Low,Low
565,Idaho,Butte,16023,39653.0,2592.0,14.895947426067908,14.2158,0.0,5.9921,78.5692,0.3669,0.0,0.856,0.0,1.0,5792016720.0,38.58024691358025,4.475125203022549e-07,0.3669,0,0.07133780532857142,0.13358012,0.13094714,0.02195820318310278,0.10898893965632898,train,Low,Low
566,Idaho,Caribou,16029,57957.0,6813.0,18.068465200634776,12.1132,0.0,6.9941,79.7768,0.4141,0.0,0.6902,0.0115,1.0,4569024832.0,14.677821811243211,1.491127811843768e-06,0.42560000000000003,0,0.07133780532857142,0.123195074,0.12052578,0.008353979546543726,0.11217179779339158,train,Low,Low
567,Idaho,Gooding,16047,40704.0,15157.0,14.278242677824268,11.006,0.0,6.0723,81.7248,0.4671,0.0,0.7182,0.0117,1.0,1888835916.0,6.597611664577422,8.024519161038656e-06,0.4788,0,0.07133780532857142,0.19433005,0.19190957,0.0037550743980076795,0.1881544921236369,train,Low,Low
568,Idaho,Ada,16001,58099.0,425798.0,36.96995933545764,4.6621,0.0753,6.4869,86.3564,1.6531,0.0,0.681,0.0851,87.0,2726012203.0,20.432223730501317,0.00015619812689444517,1.8135,1,0.07133780532857142,0.9985404,0.9989329,0.01162913553046846,0.9873037625141177,test,High,High
569,Idaho,Bannock,16005,45216.0,83815.0,27.53190593727876,6.3814,0.0077,5.9862,85.9069,1.077,0.0,0.6216,0.0192,12.0,2881283705.0,14.317246316291834,2.9089464482290543e-05,1.1039,1,0.07133780532857142,0.9760761,0.97639006,0.008148755614236461,0.9682413081484283,train,High,High
570,Idaho,Bear Lake,16007,46863.0,5928.0,19.52587305633444,11.7689,0.0144,6.567,80.6007,0.3449,0.0,0.6898,0.0144,0.0,2525155990.0,0.0,2.3475777431080603e-06,0.37370000000000003,0,0.07133780532857142,0.08685721,0.0840608,0.0,0.08406080305576324,train,Low,Low
571,Idaho,Bingham,16011,49943.0,45261.0,18.050834934239692,9.512,0.0041,6.437,82.8738,0.5989,0.0,0.5452,0.0289,2.0,5423063386.0,4.418815315613884,8.346020833325366e-06,0.6319,1,0.07133780532857142,0.6990315,0.69837636,0.00251499801818795,0.6958613595372014,train,High,High
572,Idaho,Bonneville,16019,52831.0,108989.0,27.83741516223562,6.9531,0.0152,6.7043,84.915,0.8463,0.0,0.5241,0.0419,22.0,4832780842.0,20.185523309691803,2.255202616531147e-05,0.9034000000000001,1,0.07133780532857142,0.983817,0.984158,0.0114887243512029,0.97266925513717,test,High,High
573,Idaho,Camas,16025,42708.0,968.0,20.52877138413686,16.2637,0.0,4.7619,77.5824,0.4396,0.0,0.9524,0.0,0.0,2782253888.0,0.0,3.4791936285003766e-07,0.4396,0,0.07133780532857142,0.07445301,0.07161322,0.0,0.07161322236061096,train,Low,Low
574,Idaho,Clearwater,16035,40266.0,8528.0,16.827852998065765,12.4525,0.0,5.3426,81.0439,0.4726,0.0,0.6884,0.0,0.0,6364096635.0,0.0,1.3400173644597714e-06,0.4726,0,0.07133780532857142,0.15197966,0.14941104,0.0,0.14941103756427765,test,Low,Low
575,Idaho,Jefferson,16051,54646.0,27096.0,20.782079502783894,11.3958,0.0109,7.4766,79.9008,0.5645,0.0,0.6333,0.0181,0.0,2832825433.0,0.0,9.565008730984518e-06,0.5935,1,0.07133780532857142,0.57047254,0.56936777,0.0,0.5693677663803101,test,High,High
576,Idaho,Lemhi,16059,34762.0,7743.0,21.04822505023443,14.446,0.0,5.7867,78.542,0.4222,0.0,0.7928,0.0103,1.0,11819140606.0,12.914890869172154,6.55123774064356e-07,0.4325,0,0.07133780532857142,0.1136815,0.110978924,0.0073505957187914766,0.1036283280192113,train,Low,Low
577,Idaho,Payette,16075,45670.0,22773.0,15.847400405131667,8.7136,0.0124,5.6246,84.0677,0.954,0.0,0.6153,0.0124,1.0,1053857317.0,4.3911649760681515,2.1609187157164274e-05,0.9787999999999999,1,0.07133780532857142,0.6915725,0.69089127,0.002499260644210355,0.6883920052249303,train,High,High
578,Idaho,Bonner,16017,43697.0,41389.0,22.05645558805166,9.011,0.006,5.4082,84.0989,0.6291,0.0,0.8368,0.01,13.0,4488456904.0,31.409311652854623,9.221209178396067e-06,0.6451,1,0.07133780532857142,0.8436788,0.8435296,0.01787681786121509,0.8256527641624055,train,High,High
579,Idaho,Custer,16037,39497.0,4185.0,26.174289245982695,14.0922,0.0,6.5489,78.1073,0.2229,0.0,1.0286,0.0,0.0,12749459838.0,0.0,3.2824920060742734e-07,0.2229,0,0.07133780532857142,0.1303375,0.12769319,0.0,0.12769319117069244,train,Low,Low
580,Idaho,Elmore,16039,44444.0,26103.0,16.56321256650621,7.4455,0.0037,6.7264,84.3714,0.7744,0.0,0.6417,0.0369,3.0,7964175400.0,11.492931846914148,3.2775521242287054e-06,0.8150000000000001,1,0.07133780532857142,0.41129652,0.40963495,0.006541278318653305,0.4030936694581411,train,High,Low
581,Idaho,Madison,16065,33856.0,38114.0,36.814786681858465,6.735,0.0149,7.3429,84.3707,0.9994,0.0,0.5034,0.0336,3.0,1215502311.0,7.871123471690192,3.135658373914848e-05,1.0479,1,0.07133780532857142,0.93895406,0.9391382,0.004479902081959574,0.9346582719750473,test,High,High
582,Idaho,Shoshone,16079,37449.0,12551.0,12.822193097422454,7.7387,0.0,6.0677,84.8582,0.5273,0.0,0.7807,0.0274,1.0,6831349358.0,7.967492630069317,1.8372651349329512e-06,0.5547,0,0.07133780532857142,0.1192122,0.11652897,0.004534751227041861,0.11199422175631843,train,Low,Low
583,Idaho,Teton,16081,58173.0,10437.0,39.96468510888758,10.6722,0.0084,6.191,81.9323,0.716,0.0,0.4549,0.0253,2.0,1163374555.0,19.162594615310912,8.971315347360335e-06,0.7496999999999999,1,0.07133780532857142,0.9350544,0.9352249,0.010906517706352861,0.9243183730025705,test,High,High
584,Idaho,Washington,16087,37525.0,10035.0,15.428735302552338,11.4453,0.0177,5.3777,81.7265,0.628,0.0,0.796,0.0088,1.0,3762902895.0,9.965122072745391,2.6668240664233245e-06,0.6545000000000001,1,0.07133780532857142,0.21760802,0.21526895,0.005671715261644485,0.20959723937302197,train,High,Low
585,Idaho,Cassia,16031,46215.0,23441.0,18.562568405691355,9.2093,0.0081,7.7158,81.8256,0.4599,0.0,0.7569,0.0244,7.0,6644895851.0,29.862207243718274,3.52767003811991e-06,0.49239999999999995,0,0.07133780532857142,0.5436385,0.5424399,0.016996273134858447,0.5254436048520496,train,Low,High
586,Idaho,Lincoln,16063,44500.0,5292.0,11.825273010920437,11.4883,0.0,5.4482,81.1314,0.7659,0.0,1.1662,0.0,0.0,3111623322.0,0.0,1.7007199947963367e-06,0.7659,1,0.07133780532857142,0.101300836,0.098554954,0.0,0.09855495393276215,train,High,Low
587,Idaho,Franklin,16041,50500.0,13013.0,19.576439444076772,10.4949,0.0,5.9449,82.4577,0.4185,0.0,0.6842,0.0,0.0,1717722680.0,0.0,7.5757281146220875e-06,0.4185,0,0.07133780532857142,0.19457346,0.19215383,0.0,0.19215382635593414,train,Low,Low
588,Idaho,Canyon,16027,44860.0,202782.0,18.354435533118917,6.5566,0.0122,5.9352,85.9279,0.8886,0.0,0.6509,0.0286,21.0,1521351432.0,10.355948752847885,0.00013329070176337798,0.9293999999999999,1,0.07133780532857142,0.9618787,0.962143,0.005894156856440169,0.9562488470841422,train,High,High
589,Idaho,Latah,16057,42133.0,38593.0,45.93770522563092,7.6546,0.0357,4.9811,85.2678,1.3412,0.0,0.6869,0.0327,2.0,2786468098.0,5.182286943228046,1.3850149595360628e-05,1.4096,1,0.07133780532857142,0.96285695,0.96312463,0.00294953295419389,0.9601750998811943,train,High,High
590,Idaho,Benewah,16009,42600.0,9068.0,13.607148455870826,10.9913,0.0085,5.5339,82.2441,0.365,0.0,0.8572,0.0,0.0,2012070470.0,0.0,4.506800400484979e-06,0.3735,0,0.07133780532857142,0.10869268,0.105972655,0.0,0.10597265511751175,train,Low,Low
591,Idaho,Clark,16033,32422.0,960.0,15.229357798165138,9.5588,0.0,7.1429,82.1429,0.4202,0.0,0.7353,0.0,0.0,4566614200.0,0.0,2.1022139334651918e-07,0.4202,0,0.07133780532857142,0.043720946,0.040773656,0.0,0.040773656219244,test,Low,Low
592,Idaho,Fremont,16043,49973.0,12896.0,20.87158770963398,9.4289,0.0076,7.8638,81.669,0.3512,0.0,0.649,0.0305,6.0,4827286016.0,46.526054590570716,2.671480404777408e-06,0.3893,0,0.07133780532857142,0.29022607,0.288141,0.026480612275404342,0.26166039991636814,train,Low,Low
593,Idaho,Idaho,16049,38597.0,16251.0,16.893824667676256,15.0134,0.0,5.2332,78.4718,0.445,0.0,0.8365,0.0,2.0,21956164502.0,12.306934957848748,7.401565969557063e-07,0.445,0,0.07133780532857142,0.37082118,0.36901805,0.007004573583238251,0.36201347446478116,train,Low,Low
594,Idaho,Power,16077,46318.0,7696.0,15.320820602357049,7.9299,0.0104,6.9141,83.6737,0.7152,0.0,0.7463,0.0104,1.0,3635883507.0,12.993762993762994,2.1166794769918354e-06,0.7359999999999999,1,0.07133780532857142,0.19369116,0.19126844,0.007395486311148961,0.18387295775013032,train,High,Low
595,Illinois,Hancock,17067,50077.0,18633.0,19.5992252681764,4.6744,0.0107,11.3374,82.5891,0.6218,0.0,0.7344,0.0322,0.0,2055740567.0,0.0,9.063886902417682e-06,0.6647000000000001,1,-0.04901683371192661,0.59067816,0.589644,0.0,0.5896440148353577,train,High,High
596,Illinois,Grundy,17063,67162.0,50338.0,21.773268104125144,3.3555,0.0141,11.7502,83.4701,0.7644,0.0,0.5914,0.0543,1.0,1082749557.0,1.9865707815169455,4.649089872589992e-05,0.8328,1,-0.04901683371192661,0.94711787,0.94733053,0.0011306699243236204,0.9461998645338368,train,High,High
597,Illinois,Kankakee,17091,54697.0,111493.0,18.957853144550544,2.2906,0.0297,9.7031,86.8462,0.6925,0.0,0.4104,0.0276,17.0,1752310523.0,15.247594019355475,6.362628000950491e-05,0.7497999999999999,1,-0.04901683371192661,0.94068813,0.9408783,0.00867826917438979,0.9322000028821898,train,High,High
598,Illinois,Du Page,17043,81521.0,930514.0,47.31204151380483,1.3337,0.1028,7.6415,88.6822,1.8697,0.0,0.2764,0.0937,159.0,848266724.0,17.08733022823945,0.0010969592153894274,2.0662,1,-0.04901683371192661,0.99811757,0.99850863,0.009725367228699175,0.9887832649543757,train,High,High
599,Illinois,Alexander,17003,29071.0,7051.0,8.985024958402663,3.0261,0.0175,10.2326,85.8492,0.5248,0.0,0.3498,0.0,0.0,609996942.0,0.0,1.1559074340408743e-05,0.5423,0,-0.04901683371192661,0.045637287,0.0426967,0.0,0.04269669950008392,train,Low,Low
600,Illinois,Menard,17129,60420.0,12576.0,23.92241379310345,5.1161,0.0081,12.5711,80.778,0.8364,0.0,0.6172,0.0731,0.0,814389207.0,0.0,1.5442247873503558e-05,0.9176,1,-0.04901683371192661,0.8438067,0.843658,0.0,0.8436579704284668,train,High,High
601,Illinois,La Salle,17099,51684.0,111935.0,16.963471785324515,3.3133,0.0121,11.3744,84.073,0.6609,0.0,0.5251,0.0412,12.0,2939990002.0,10.720507437352035,3.807325872668053e-05,0.7142000000000001,1,-0.04901683371192661,0.89395195,0.89397866,0.006101647847476025,0.8878770074908113,train,High,High
602,Illinois,Cook,17031,56902.0,5227575.0,36.471152805095905,1.0795,0.0706,6.828,89.881,1.7859,0.0,0.2971,0.0579,736.0,2447516257.0,14.079185855774426,0.002135869367588025,1.9144,1,-0.04901683371192661,0.99821067,0.998602,0.008013261925623901,0.9905887111311693,train,High,High
603,Illinois,Macon,17115,47477.0,108404.0,22.806259535800603,2.2121,0.014,10.3678,86.0517,0.8523,0.0,0.4773,0.0248,4.0,1503973502.0,3.6899007416700496,7.207839756208683e-05,0.8911,1,-0.04901683371192661,0.9701826,0.9704759,0.0021001314582710017,0.9683757806358452,train,High,High
604,Illinois,Morgan,17137,47760.0,34801.0,20.637367215163508,3.8201,0.0099,11.1989,83.7572,0.7243,0.0,0.4697,0.0198,1.0,1473194865.0,2.873480647107842,2.3622808378442183e-05,0.7540000000000001,1,-0.04901683371192661,0.8872802,0.88728356,0.0016354605514382462,0.8856481030624533,train,High,High
605,Illinois,Wayne,17191,46903.0,16517.0,13.97700752009681,5.0087,0.0,12.3516,81.6727,0.3802,0.0,0.5736,0.0133,0.0,1848769743.0,0.0,8.934049284686935e-06,0.39349999999999996,0,-0.04901683371192661,0.36407194,0.36224517,0.0,0.3622451722621918,train,Low,Low
606,Illinois,Woodford,17203,68040.0,39123.0,30.44215067015868,4.1867,0.0231,12.9185,81.3393,0.9426,0.0,0.5233,0.0665,2.0,1367025003.0,5.112082406768397,2.861908151946216e-05,1.0322,1,-0.04901683371192661,0.9840057,0.98434734,0.0029095755770570967,0.9814377678677672,train,High,High
607,Illinois,Franklin,17055,39507.0,39503.0,15.272464814146517,3.2471,0.0028,10.8338,84.9505,0.5889,0.0,0.355,0.022,1.0,1059021102.0,2.531453307343746,3.730142857908794e-05,0.6137,1,-0.04901683371192661,0.6199036,0.6189717,0.0014407934245652836,0.6175309120121413,test,High,High
608,Illinois,Mcdonough,17109,41484.0,31727.0,33.54250791225581,3.2604,0.0133,11.1786,83.5293,1.5127,0.0,0.4791,0.0266,1.0,1526558088.0,3.151889557789895,2.07833558705694e-05,1.5526,1,-0.04901683371192661,0.9758497,0.97616285,0.0017939188278312606,0.9743689320289497,test,High,High
609,Illinois,Mchenry,17111,79836.0,307083.0,33.24650350507979,2.4411,0.0363,8.5754,86.9453,1.5526,0.0,0.3754,0.074,39.0,1562336338.0,12.700149470989928,0.0001965537077586683,1.6629,1,-0.04901683371192661,0.99747986,0.9978687,0.007228374229030893,0.9906403424877355,train,High,High
610,Illinois,Moultrie,17139,51432.0,14915.0,17.05731731337404,4.9096,0.0166,11.4364,82.3603,0.821,0.0,0.4478,0.0083,0.0,870088913.0,0.0,1.7141926275757523e-05,0.8458999999999999,1,-0.04901683371192661,0.58715135,0.58610487,0.0,0.5861048698425293,train,High,High
611,Illinois,Perry,17145,43308.0,21595.0,13.380974234576804,4.2096,0.0,10.7133,84.0637,0.4956,0.0,0.49,0.0278,0.0,1144186123.0,0.0,1.8873677600090943e-05,0.5234,0,-0.04901683371192661,0.33765772,0.33573857,0.0,0.33573856949806213,train,Low,Low
612,Illinois,Pope,17151,39243.0,4255.0,13.742331288343559,6.2926,0.0,9.5176,83.0362,0.6555,0.0,0.4719,0.0262,0.0,955109670.0,0.0,4.4549857818945546e-06,0.6817,1,-0.04901683371192661,0.15759732,0.15504836,0.0,0.15504835546016693,test,High,Low
613,Illinois,Saint Clair,17163,50006.0,265569.0,26.14471134345847,1.938,0.015,9.0148,87.7767,0.8251,0.0,0.387,0.0433,15.0,1703639689.0,5.648249607446653,0.00015588331365764513,0.8834,1,-0.04901683371192661,0.97547543,0.9757873,0.0032147386922383118,0.972572543297813,train,High,High
614,Illinois,Shelby,17173,48572.0,22011.0,15.192061459667094,5.59,0.0047,11.8042,81.4282,0.5959,0.0,0.5628,0.0142,0.0,1964598159.0,0.0,1.1203817889763175e-05,0.6148,1,-0.04901683371192661,0.4279606,0.42635733,0.0,0.42635732889175415,train,High,Low
615,Illinois,Champaign,17019,48899.0,206420.0,43.92677886034839,2.2885,0.0483,8.632,86.7077,1.891,0.0,0.3492,0.0833,58.0,2580239890.0,28.09805251429125,8.000031345922646e-05,2.0226,1,-0.04901683371192661,0.998401,0.99879307,0.015992192780423114,0.98280087276752,train,High,High
616,Illinois,Calhoun,17013,52949.0,4962.0,15.042016806722689,7.2226,0.0,12.1896,79.198,0.6607,0.0,0.7291,0.0,0.0,657402916.0,0.0,7.547882553049096e-06,0.6607,1,-0.04901683371192661,0.17788695,0.17540894,0.0,0.17540894448757172,train,High,Low
617,Illinois,Ford,17053,49257.0,13758.0,17.381795459279317,4.8837,0.032,12.8527,81.0886,0.5995,0.0,0.5036,0.04,0.0,1257719717.0,0.0,1.0938844174929954e-05,0.6715000000000001,1,-0.04901683371192661,0.46263188,0.46114987,0.0,0.4611498713493347,train,High,Low
618,Illinois,Jo Daviess,17085,54702.0,22186.0,24.101713653952462,4.774,0.0345,11.9695,81.5632,0.9781,0.0,0.6463,0.0345,11.0,1556339200.0,49.58081673127197,1.425524718518945e-05,1.0471,1,-0.04901683371192661,0.9619635,0.96222806,0.028219250390184192,0.9340088093784926,train,High,High
619,Illinois,Kendall,17093,85736.0,121452.0,34.27181913774974,2.0286,0.0352,9.4108,86.8272,1.3079,0.0,0.3065,0.0839,10.0,829532937.0,8.23370549682179,0.00014641009968721712,1.427,1,-0.04901683371192661,0.9951786,0.99555933,0.004686268044215196,0.9908730667107286,train,High,High
620,Illinois,Lawrence,17101,42650.0,16582.0,10.14816654250476,4.9725,0.0073,12.2659,81.6599,0.4627,0.0,0.5729,0.0588,0.0,963936864.0,0.0,1.7202371461540037e-05,0.5287999999999999,0,-0.04901683371192661,0.19426535,0.19184464,0.0,0.191844642162323,train,Low,Low
621,Illinois,Marion,17121,43427.0,38503.0,15.02938074431219,3.5527,0.0057,10.8416,84.5563,0.5534,0.0,0.4789,0.0115,5.0,1482442355.0,12.986001090824093,2.5972679389614446e-05,0.5706,1,-0.04901683371192661,0.7410015,0.7404932,0.007391068572656989,0.7331021097949577,train,High,High
622,Illinois,Mason,17125,43125.0,13931.0,14.305750350631136,4.2192,0.0,11.9745,82.8047,0.4098,0.0,0.5691,0.0228,0.0,1396619096.0,0.0,9.974802750369954e-06,0.4326,0,-0.04901683371192661,0.2694276,0.2672698,0.0,0.2672697901725769,test,Low,Low
623,Illinois,Iroquois,17075,47823.0,28814.0,14.618267902939436,5.0162,0.0276,11.9809,81.697,0.57,0.0,0.684,0.0242,2.0,2893771415.0,6.941070313042272,9.957248126317537e-06,0.6217999999999999,1,-0.04901683371192661,0.51353234,0.51222837,0.003950556163712252,0.5082778135491174,train,High,High
624,Illinois,Clay,17025,45984.0,13466.0,14.798206278026907,4.4296,0.0,11.5331,83.0309,0.3673,0.0,0.6244,0.0147,0.0,1212958828.0,0.0,1.1101778303723266e-05,0.382,0,-0.04901683371192661,0.30290085,0.30086014,0.0,0.30086013674736023,train,Low,Low
625,Illinois,Gallatin,17059,41269.0,5325.0,11.513244164699712,5.0938,0.0,12.1001,81.7694,0.3932,0.0,0.6434,0.0,0.0,836749960.0,0.0,6.363908281513393e-06,0.3932,0,-0.04901683371192661,0.119656816,0.11697514,0.0,0.11697514355182648,train,Low,Low
626,Illinois,Monroe,17133,72956.0,33703.0,29.780910326086957,4.2297,0.0281,11.6514,82.7831,0.8015,0.0,0.4528,0.0534,0.0,997188933.0,0.0,3.3798008466265236e-05,0.883,1,-0.04901683371192661,0.98074543,0.9810757,0.0,0.9810757040977478,train,High,High
627,Illinois,Peoria,17143,51632.0,186818.0,29.79758128150212,1.9002,0.0244,9.6668,86.8716,1.0876,0.0,0.395,0.0544,20.0,1603693533.0,10.705606526137739,0.00011649233232893506,1.1663999999999999,1,-0.04901683371192661,0.9969248,0.99731165,0.006093166895117431,0.9912184848115781,test,High,High
628,Illinois,Madison,17119,54573.0,266759.0,25.664410247480575,2.4573,0.0203,10.3514,85.5989,1.0896,0.0,0.433,0.0495,50.0,1853742063.0,18.74351005964185,0.00014390297621465797,1.1594,1,-0.04901683371192661,0.9915645,0.99193263,0.010667992954427481,0.981264637584513,train,High,High
629,Illinois,Mercer,17131,55750.0,15971.0,17.527593818984545,4.9556,0.0,11.3948,82.3222,0.6367,0.0,0.6728,0.018,0.0,1453500381.0,0.0,1.0987957216091022e-05,0.6547000000000001,1,-0.04901683371192661,0.5259828,0.5247224,0.0,0.5247223973274231,train,High,High
630,Illinois,Sangamon,17167,56742.0,198639.0,34.319513592104684,2.1565,0.0527,11.5425,84.6318,1.1038,0.0,0.4479,0.0649,34.0,2248891492.0,17.116477630274016,8.832751633710214e-05,1.2213999999999998,1,-0.04901683371192661,0.997771,0.9981609,0.009741956665712584,0.9884189420197428,train,High,High
631,Illinois,Randolph,17157,48343.0,32934.0,12.99470369907002,4.5038,0.0,11.1693,83.39,0.406,0.0,0.5101,0.0208,0.0,1490546070.0,0.0,2.2095258015070946e-05,0.4268,0,-0.04901683371192661,0.5747416,0.57365173,0.0,0.5736517310142517,test,Low,High
632,Illinois,Ogle,17141,55832.0,52034.0,19.8378423560224,4.3714,0.0143,10.8835,83.3439,0.8089,0.0,0.5372,0.0409,8.0,1964706940.0,15.374562785870776,2.648435700033716e-05,0.8641,1,-0.04901683371192661,0.93386745,0.93403375,0.00875053428921127,0.9252832171985207,test,High,High
633,Illinois,Stephenson,17177,45624.0,46283.0,17.86284381139489,3.2836,0.0114,12.1189,83.0047,0.9173,0.0,0.6321,0.0319,2.0,1462175612.0,4.321241060432556,3.165351659551548e-05,0.9606,1,-0.04901683371192661,0.8178396,0.8176001,0.002459462984275108,0.8151406084459312,train,High,High
634,Illinois,White,17193,43678.0,14410.0,13.72491720241574,4.3902,0.0069,13.212,81.4153,0.4603,0.0,0.5015,0.0137,0.0,1281439560.0,0.0,1.1245165554277098e-05,0.4809,0,-0.04901683371192661,0.29524425,0.29317674,0.0,0.2931767404079437,train,Low,Low
635,Illinois,Henderson,17071,46216.0,6966.0,13.269680436477008,5.5252,0.0,11.4561,81.9136,0.5036,0.0,0.5875,0.014,0.0,981273715.0,0.0,7.098936712067132e-06,0.5176000000000001,0,-0.04901683371192661,0.2037817,0.20139427,0.0,0.20139427483081818,train,Low,Low
636,Illinois,Mclean,17113,63420.0,173254.0,44.529833347724725,1.7559,0.1008,9.2335,87.1557,1.4299,0.0,0.2602,0.0641,57.0,3064861163.0,32.899673312015885,5.652915117055826e-05,1.5948,1,-0.04901683371192661,0.99841285,0.99880487,0.018725067075417233,0.9800798001921914,train,High,High
637,Illinois,Pike,17149,40157.0,16054.0,15.34680014301037,6.4089,0.0,10.8874,81.7035,0.3822,0.0,0.6116,0.0064,1.0,2153317672.0,6.228977201943441,7.455472180790239e-06,0.3886,0,-0.04901683371192661,0.36622378,0.36440456,0.003545263650841062,0.36085929548459594,train,Low,Low
638,Illinois,Rock Island,17161,50208.0,146536.0,22.04119794308676,1.918,0.0153,9.6939,86.8225,1.0346,0.0,0.4747,0.041,13.0,1107115476.0,8.87154009936125,0.00013235837017601225,1.0909,1,-0.04901683371192661,0.97535306,0.9756645,0.005049295834865367,0.9706152005869486,train,High,High
639,Illinois,Wabash,17185,46871.0,11587.0,17.17699775952203,3.9531,0.0,11.5472,83.5918,0.4634,0.0,0.4445,0.0,0.0,578224627.0,0.0,2.0038925114823933e-05,0.4634,0,-0.04901683371192661,0.6485289,0.6476971,0.0,0.6476970911026001,test,Low,High
640,Illinois,Cumberland,17035,44281.0,10890.0,14.770327349524814,4.5782,0.0096,10.8744,83.0982,0.9022,0.0,0.5279,0.0096,1.0,896203087.0,9.182736455463727,1.2151263656604656e-05,0.9214000000000001,1,-0.04901683371192661,0.43729544,0.4357248,0.00522641530308562,0.43049837956156894,train,High,Low
641,Illinois,Kane,17089,71602.0,526615.0,32.10414014345533,1.5931,0.05,7.3973,89.1186,1.4758,0.0,0.2985,0.0666,59.0,1347216399.0,11.203630735926627,0.00039089117412086967,1.5924,1,-0.04901683371192661,0.99747986,0.9978687,0.006376620674279202,0.9914920960424871,train,High,High
642,Illinois,Brown,17009,52500.0,6836.0,14.300060253062863,6.0311,0.0,12.7588,80.3543,0.2787,0.0,0.5573,0.0199,0.0,791518279.0,0.0,8.636566180930864e-06,0.2986,0,-0.04901683371192661,0.17442484,0.17193474,0.0,0.17193473875522614,train,Low,Low
643,Illinois,Marshall,17123,54189.0,12060.0,16.133502713939254,4.5842,0.0078,12.2246,81.9423,0.7369,0.0,0.4809,0.0233,1.0,1001787870.0,8.291873963515755,1.2038476768539831e-05,0.768,1,-0.04901683371192661,0.45449027,0.4529798,0.004719375012487762,0.4482604280728394,train,High,Low
644,Illinois,Christian,17021,47417.0,33888.0,15.078835405022106,4.0151,0.0095,12.3711,82.6489,0.405,0.0,0.5379,0.0127,1.0,1837278858.0,2.950897072710104,1.844466878418736e-05,0.4272,0,-0.04901683371192661,0.4302213,0.4286259,0.0016795226230701843,0.4269463888511577,train,Low,Low
645,Illinois,Jackson,17077,33845.0,59188.0,35.90525595713145,3.2267,0.0222,8.9817,86.0326,1.3142,0.0,0.3958,0.0267,7.0,1512739403.0,11.826721632763398,3.912636894538537e-05,1.3631,1,-0.04901683371192661,0.98895466,0.98931366,0.006731256987129433,0.9825824050650251,train,High,High
646,Illinois,Union,17181,45464.0,17458.0,21.29511338230597,5.0587,0.0059,9.7102,83.8026,0.85,0.0,0.5431,0.0295,0.0,1070855938.0,0.0,1.6302846517903888e-05,0.8854,1,-0.04901683371192661,0.7844276,0.78407115,0.0,0.784071147441864,train,High,High
647,Illinois,Saline,17165,40290.0,24659.0,15.981150735935772,3.9946,0.0,10.7324,84.1184,0.6789,0.0,0.4572,0.0185,0.0,983746632.0,0.0,2.506641364541922e-05,0.6973999999999999,1,-0.04901683371192661,0.631114,0.6302213,0.0,0.6302213072776794,train,High,High
648,Illinois,Whiteside,17195,49151.0,57155.0,17.2680152979066,3.1428,0.0076,11.833,83.7046,0.7819,0.0,0.5073,0.0229,2.0,1772198882.0,3.4992564080132973,3.2250894964733424e-05,0.8124000000000001,1,-0.04901683371192661,0.8333027,0.83311725,0.0019916249724644354,0.8311256216553432,train,High,High
649,Illinois,De Kalb,17037,56076.0,104458.0,30.82617708024874,2.8116,0.0189,9.4913,85.8933,1.3004,0.0,0.424,0.0604,3.0,1635193082.0,2.8719676807903656,6.388114110184328e-05,1.3797,1,-0.04901683371192661,0.9881747,0.98853093,0.0016345994366329742,0.9868963344203311,train,High,High
650,Illinois,Jasper,17079,56305.0,9592.0,18.26463560334528,5.9215,0.0,11.5102,81.5797,0.509,0.0,0.4698,0.0098,0.0,1280788077.0,0.0,7.489139048254897e-06,0.5188,0,-0.04901683371192661,0.287105,0.28500903,0.0,0.2850090265274048,train,Low,Low
651,Illinois,Will,17197,77507.0,685378.0,33.45455123633175,1.8023,0.043,8.9324,87.6115,1.2054,0.0,0.3345,0.071,86.0,2167651293.0,12.54782032688531,0.00031618461982944044,1.3194,1,-0.04901683371192661,0.99747986,0.9978687,0.007141675087253759,0.9907270416295126,train,High,High
652,Illinois,Douglas,17041,52984.0,19770.0,19.10925009516559,4.1999,0.0172,10.2442,84.2114,0.8561,0.0,0.4539,0.0172,1.0,1079156612.0,5.05816894284269,1.8319861807046037e-05,0.8905,1,-0.04901683371192661,0.7103211,0.7097055,0.0028788903718058876,0.7068265816206868,train,High,High
653,Illinois,Greene,17061,42880.0,13390.0,11.160572337042925,5.4593,0.0158,10.9343,82.5981,0.449,0.0,0.5436,0.0,0.0,1406413313.0,0.0,9.52067210700529e-06,0.4648,0,-0.04901683371192661,0.14360814,0.14101024,0.0,0.14101023972034454,train,Low,Low
654,Illinois,Hardin,17069,39926.0,4173.0,11.321359846055163,5.1195,0.0,9.5359,83.9662,0.6751,0.0,0.7032,0.0,1.0,459795959.0,23.963575365444527,9.075764843770626e-06,0.6751,1,-0.04901683371192661,0.40532082,0.40363836,0.013639027714019269,0.3899993351705022,train,High,Low
655,Illinois,Knox,17095,40605.0,51752.0,18.06988352745424,2.2763,0.0205,10.6608,85.464,0.9785,0.0,0.5748,0.0251,5.0,1855506548.0,9.66146235894265,2.7891036038531942e-05,1.0241,1,-0.04901683371192661,0.8989668,0.899011,0.005498885323330732,0.893512130568698,train,High,High
656,Illinois,Massac,17127,42706.0,14883.0,13.330804968237414,3.9792,0.0076,10.1887,84.7017,0.695,0.0,0.3972,0.0306,1.0,614390802.0,6.719075455217362,2.4223995462744575e-05,0.7332,1,-0.04901683371192661,0.52558124,0.5243194,0.0038242063193309416,0.5204952040047658,train,High,High
657,Illinois,Tazewell,17179,60178.0,135400.0,25.011161900712235,2.3948,0.0183,11.5018,84.6347,0.9876,0.0,0.4092,0.0534,11.0,1675426062.0,8.124076809453472,8.081526429066614e-05,1.0593,1,-0.04901683371192661,0.9811071,0.98143864,0.004623872150344361,0.9768147646294408,train,High,High
658,Illinois,Winnebago,17201,49468.0,288896.0,22.40918488270088,1.7321,0.019,8.6771,88.0889,1.0059,0.0,0.4421,0.0349,20.0,1329696036.0,6.922906513070447,0.00021726469221421368,1.0597999999999999,1,-0.04901683371192661,0.9644679,0.96474123,0.003940218116595758,0.9608010118943906,train,High,High
659,Illinois,Piatt,17147,69160.0,16469.0,29.863510711817554,3.9512,0.0064,12.3074,82.0472,1.1444,0.0,0.4667,0.0767,1.0,1137445095.0,6.072014087072682,1.4478940629657382e-05,1.2275,1,-0.04901683371192661,0.96755636,0.9678405,0.003455927053895343,0.964384565671477,train,High,High
660,Illinois,Pulaski,17153,32538.0,5792.0,11.031589338598224,4.6594,0.0,10.2894,84.204,0.4765,0.0,0.3706,0.0,0.0,515887464.0,0.0,1.1227254787489854e-05,0.4765,0,-0.04901683371192661,0.042261906,0.039309513,0.0,0.039309512823820114,test,Low,Low
661,Illinois,Schuyler,17169,48396.0,7205.0,18.892810700352964,5.4665,0.0153,12.3836,80.9895,0.5802,0.0,0.565,0.0,0.0,1132531696.0,0.0,6.361852851842833e-06,0.5955,1,-0.04901683371192661,0.22940528,0.2271075,0.0,0.22710749506950378,train,High,Low
662,Illinois,Stark,17175,52058.0,5840.0,16.72248803827751,5.0249,0.0171,13.1881,80.6723,0.4802,0.0,0.6174,0.0,0.0,746121490.0,0.0,7.827143539318242e-06,0.4973,0,-0.04901683371192661,0.17608842,0.17360413,0.0,0.17360413074493408,train,Low,Low
663,Illinois,Edgar,17045,46440.0,17828.0,18.028789428144417,5.3235,0.0,11.3034,82.1616,0.6028,0.0,0.5908,0.0179,0.0,1614531795.0,0.0,1.1042210537575694e-05,0.6207,1,-0.04901683371192661,0.5877601,0.58671576,0.0,0.5867157578468323,train,High,High
664,Illinois,Bond,17005,52159.0,17137.0,18.263923733065727,4.9065,0.0067,11.3284,82.5367,0.5941,0.0,0.6075,0.02,1.0,984918650.0,5.835327070082278,1.7399406539819303e-05,0.6208,1,-0.04901683371192661,0.7103211,0.7097055,0.003321215069767311,0.7063842569227253,test,High,High
665,Illinois,Boone,17007,60063.0,53656.0,21.509815242494227,3.1645,0.0043,9.6624,85.6828,0.9942,0.0,0.4576,0.0342,7.0,727101576.0,13.046071268823617,7.379436624959262e-05,1.0327,1,-0.04901683371192661,0.97450405,0.9748125,0.007425257912520815,0.9673872497168737,train,High,High
666,Illinois,Bureau,17011,51425.0,33822.0,18.805179517363154,3.8684,0.0126,11.9582,83.0645,0.5954,0.0,0.4599,0.041,5.0,2250785992.0,14.783277156880137,1.5026750708514273e-05,0.6490000000000001,1,-0.04901683371192661,0.74406934,0.74357176,0.008414000155313465,0.7351577581149502,train,High,High
667,Illinois,Carroll,17015,50052.0,14793.0,16.3589364844904,5.1042,0.0128,13.1004,80.4168,0.7502,0.0,0.6092,0.0064,3.0,1152707885.0,20.27986209693774,1.2833260006718876e-05,0.7694,1,-0.04901683371192661,0.6586645,0.6578682,0.011542417897100468,0.6463257886039067,test,High,High
668,Illinois,Coles,17029,38800.0,52802.0,25.325073601570168,2.8764,0.0259,10.2747,85.0505,1.2879,0.0,0.4639,0.0207,16.0,1316459188.0,30.301882504450585,4.010910515214544e-05,1.3345,1,-0.04901683371192661,0.9772021,0.97752,0.017246517223015005,0.9602734717906569,train,High,High
669,Illinois,Crawford,17033,47364.0,19441.0,17.18134269542165,4.7966,0.0111,12.5556,81.3139,0.6836,0.0,0.6169,0.0222,0.0,1148997687.0,0.0,1.6919964435054603e-05,0.7169,1,-0.04901683371192661,0.65262073,0.65180326,0.0,0.6518032550811768,train,High,High
670,Illinois,Jersey,17083,52738.0,22441.0,18.380304502753482,4.7786,0.0096,11.36,82.2364,0.9182,0.0,0.6586,0.0385,2.0,956433109.0,8.9122588119959,2.346321952767112e-05,0.9663,1,-0.04901683371192661,0.8301035,0.8299069,0.005072471159984172,0.8248344096955761,test,High,High
671,Illinois,Putnam,17155,64085.0,5746.0,14.398280802292263,4.5192,0.0,12.3462,82.0577,0.4615,0.0,0.6154,0.0,0.0,414813859.0,0.0,1.3851996203434466e-05,0.4615,0,-0.04901683371192661,0.20994344,0.20757757,0.0,0.20757757127285004,train,Low,Low
672,Illinois,De Witt,17039,53510.0,16322.0,20.403761539125185,4.213,0.0065,13.1439,81.3422,0.6407,0.0,0.6148,0.0388,1.0,1029643576.0,6.126700159294204,1.5852087441178772e-05,0.6859999999999999,1,-0.04901683371192661,0.73546493,0.73493725,0.0034870519942778095,0.7314501986198885,train,High,High
673,Illinois,Fayette,17051,44745.0,22025.0,13.567113212503285,5.5573,0.0,12.2577,81.3316,0.3582,0.0,0.4899,0.0053,3.0,1855687602.0,13.62088535754824,1.1868915854296902e-05,0.36350000000000005,0,-0.04901683371192661,0.4793856,0.47796223,0.007752417160127455,0.4702098085154554,train,Low,Low
674,Illinois,Lee,17103,55067.0,34718.0,17.711434779110004,3.6773,0.0064,11.8774,83.0245,0.7882,0.0,0.6039,0.0222,2.0,1877371253.0,5.760700501180944,1.8492879309045222e-05,0.8168,1,-0.04901683371192661,0.6904944,0.68980944,0.003278740863563708,0.6865307007029036,test,High,High
675,Illinois,Logan,17107,52676.0,29820.0,18.374844927951138,3.4276,0.004,12.3788,82.7011,0.8247,0.0,0.5793,0.0845,3.0,1600758860.0,10.060362173038229,1.862866465721139e-05,0.9132,1,-0.04901683371192661,0.76666445,0.7662459,0.005725921795835252,0.76051997978879,train,High,High
676,Illinois,Macoupin,17117,52337.0,46482.0,18.247974315853845,4.4101,0.0062,11.8824,82.4851,0.5556,0.0,0.638,0.0226,1.0,2234949669.0,2.1513704229594253,2.079778379116599e-05,0.5843999999999999,1,-0.04901683371192661,0.892254,0.89227474,0.0012244667322964247,0.8910502706257969,train,High,High
677,Illinois,Richland,17159,45597.0,16072.0,20.585601719197708,4.5687,0.0,12.1002,82.3479,0.4064,0.0,0.5506,0.0262,1.0,932444608.0,6.222000995520159,1.7236412610581582e-05,0.4326,0,-0.04901683371192661,0.67065233,0.669898,0.003541293096727377,0.6663566804407177,train,Low,High
678,Illinois,Washington,17189,54936.0,14369.0,20.873549770888175,4.824,0.013,12.2322,81.8011,0.5389,0.0,0.5324,0.0584,1.0,1457058109.0,6.959426543252836,9.861651989886424e-06,0.6103000000000001,1,-0.04901683371192661,0.5675567,0.56644166,0.003961003733774265,0.5624806514252223,test,High,High
679,Illinois,Montgomery,17135,45173.0,29301.0,13.869936542773987,4.4994,0.0076,11.687,82.686,0.6151,0.0,0.4898,0.0152,2.0,1822539613.0,6.825705607317156,1.6077016812693004e-05,0.6379,1,-0.04901683371192661,0.47478443,0.47334492,0.0038848955769838845,0.46946002648875096,test,High,Low
680,Illinois,Adams,17001,48065.0,66949.0,22.600156087408948,3.5122,0.0083,10.1002,85.2836,0.6396,0.0,0.4347,0.0215,5.0,2214972287.0,7.468371446922284,3.0225660335767443e-05,0.6693999999999999,1,-0.04901683371192661,0.9507376,0.9509629,0.004250673098224201,0.9467122280171932,train,High,High
681,Illinois,Clinton,17027,63929.0,37858.0,21.157736980142374,4.2219,0.0219,12.7891,81.8095,0.6282,0.0,0.5157,0.0137,4.0,1227874118.0,10.56579851022241,3.0832150824763945e-05,0.6638000000000001,1,-0.04901683371192661,0.92353946,0.92366964,0.006013594236420561,0.9176560420131217,train,High,High
682,Illinois,Edwards,17047,47035.0,6612.0,12.013903975668043,6.1851,0.0,11.5075,81.3277,0.3071,0.0,0.6726,0.0,0.0,576061731.0,0.0,1.147793655468497e-05,0.3071,0,-0.04901683371192661,0.2017694,0.19937494,0.0,0.1993749439716339,test,Low,Low
683,Illinois,Jefferson,17081,43467.0,38523.0,16.42977056519306,3.6672,0.009,10.8269,84.3277,0.678,0.0,0.4671,0.0241,5.0,1479314409.0,12.979259143888067,2.6041117267316497e-05,0.7111000000000001,1,-0.04901683371192661,0.8023301,0.8020363,0.007387231348882798,0.7946490540515079,train,High,High
684,Illinois,Vermilion,17183,43552.0,79613.0,13.95951776884757,2.7438,0.0087,10.0329,85.9976,0.6732,0.0,0.5264,0.0174,9.0,2326763524.0,11.304686420559456,3.421619738267824e-05,0.6993,1,-0.04901683371192661,0.7633247,0.76289445,0.006434137186834081,0.7564603144313605,train,High,High
685,Illinois,Williamson,17199,45902.0,67336.0,22.07509254362771,2.9468,0.0119,10.1317,85.5672,0.9187,0.0,0.4066,0.017,18.0,1088248005.0,26.731614589521207,6.187560160057449e-05,0.9476,1,-0.04901683371192661,0.9831129,0.9834514,0.015214475580831105,0.9682369504483742,train,High,High
686,Illinois,Clark,17023,48693.0,16089.0,16.47427293064877,4.7811,0.0064,11.7926,82.0099,0.8204,0.0,0.564,0.0256,2.0,1298674057.0,12.430853378084404,1.238878986861905e-05,0.8523999999999999,1,-0.04901683371192661,0.60806876,0.6070955,0.007075102573261533,0.6000203773919485,train,High,High
687,Illinois,Effingham,17049,52977.0,34356.0,22.47975185249009,4.8438,0.0165,11.6646,81.9677,0.9501,0.0,0.5437,0.0137,6.0,1240027660.0,17.464198393293746,2.7705833594066766e-05,0.9803,1,-0.04901683371192661,0.9482341,0.9484506,0.009939864242158994,0.9385107607006206,train,High,High
688,Illinois,Fulton,17057,46183.0,36047.0,16.434701925307355,3.9599,0.0062,11.7305,83.0777,0.591,0.0,0.6097,0.0249,3.0,2241880793.0,8.322467889144727,1.6078910222413417e-05,0.6221,1,-0.04901683371192661,0.6309009,0.6300075,0.004736787747990324,0.6252707176688798,test,High,High
689,Illinois,Hamilton,17065,45076.0,8251.0,15.729561917902727,6.4129,0.0121,11.6378,80.8704,0.594,0.0,0.4728,0.0,0.0,1125778616.0,0.0,7.329149694916572e-06,0.6061,1,-0.04901683371192661,0.23691171,0.23464018,0.0,0.2346401810646057,train,High,Low
690,Illinois,Henry,17073,54757.0,49681.0,21.27059780871284,3.4161,0.0041,12.0577,83.2778,0.6874,0.0,0.5342,0.0228,3.0,2131552064.0,6.0385257945693525,2.3307429754622218e-05,0.7143,1,-0.04901683371192661,0.9331278,0.93329155,0.003436866970306701,0.9298546874806821,test,High,High
691,Illinois,Johnson,17087,44179.0,12866.0,16.668449769979674,5.8829,0.0,10.2644,82.4929,0.9065,0.0,0.4438,0.0094,0.0,890741063.0,0.0,1.44441527784377e-05,0.9158999999999999,1,-0.04901683371192661,0.5583959,0.5572489,0.0,0.5572488903999329,train,High,High
692,Illinois,Lake,17097,79886.0,702890.0,43.696157693777096,1.9139,0.1343,7.6452,88.0119,1.905,0.0,0.2852,0.1046,143.0,1149636500.0,20.344577387642445,0.0006114019518343406,2.1439,1,-0.04901683371192661,0.9984958,0.9988882,0.011579251033641314,0.9873089435273633,train,High,High
693,Illinois,Livingston,17105,54074.0,37278.0,15.212304859805915,4.0353,0.0121,13.2919,81.5592,0.4406,0.0,0.6278,0.0332,6.0,2704539026.0,16.095284081764042,1.3783494947430646e-05,0.4859,0,-0.04901683371192661,0.49678722,0.4954247,0.009160737590632932,0.48626395027176333,train,Low,Low
694,Illinois,Scott,17171,46210.0,5169.0,12.094557449147883,5.5197,0.0,12.429,81.1509,0.3915,0.0,0.5089,0.0,0.0,649861236.0,0.0,7.954005737926488e-06,0.3915,0,-0.04901683371192661,0.162545,0.16001333,0.0,0.1600133329629898,test,Low,Low
695,Illinois,Cass,17017,48887.0,13068.0,13.831352574985853,4.7218,0.0,11.6664,82.6421,0.4252,0.0,0.5296,0.0149,0.0,973345804.0,0.0,1.3425855380787156e-05,0.44010000000000005,0,-0.04901683371192661,0.2838666,0.28175932,0.0,0.2817593216896057,train,Low,Low
696,Illinois,Warren,17187,44067.0,17611.0,21.936656282450677,3.8747,0.0,11.7524,83.1578,0.7425,0.0,0.4253,0.0473,1.0,1404823489.0,5.678269263528477,1.253609449008864e-05,0.7898000000000001,1,-0.04901683371192661,0.9073844,0.90745807,0.0032318245784227133,0.9042262423618849,train,High,High
697,Indiana,Harrison,18061,52926.0,39370.0,16.90279345886295,5.8221,0.0168,7.5033,85.5586,0.5796,0.0,0.491,0.0287,6.0,1254889453.0,15.24003048006096,3.13732814519081e-05,0.6251,1,-0.10990515478845529,0.7544277,0.75396633,0.008673964335880479,0.7452923671460531,test,High,High
698,Indiana,Wabash,18169,47473.0,32177.0,18.296845842246597,4.0379,0.0098,10.8265,83.8711,0.7463,0.0,0.4791,0.0293,6.0,1068206218.0,18.64685955806943,3.0122460867382818e-05,0.7854,1,-0.10990515478845529,0.83975,0.8395871,0.010612983681002407,0.8289741087185948,train,High,High
699,Indiana,Jay,18075,42322.0,21196.0,10.890165111270639,4.7227,0.0,9.297,85.0133,0.4298,0.0,0.5117,0.0256,0.0,994310101.0,0.0,2.131729324552039e-05,0.4554,0,-0.10990515478845529,0.3033086,0.30126932,0.0,0.3012693226337433,train,Low,Low
700,Indiana,Porter,18127,64874.0,167016.0,26.126142062389995,2.0822,0.034,10.0225,86.2482,1.103,0.0,0.4613,0.0488,22.0,1082777920.0,13.172390669157446,0.00015424769651749086,1.1858,1,-0.10990515478845529,0.99112296,0.9914895,0.007497153436277081,0.9839923761734031,train,High,High
701,Indiana,Spencer,18147,54870.0,20777.0,15.325088095073585,3.862,0.0049,9.4923,85.4554,0.6704,0.0,0.4955,0.0194,3.0,1027689680.0,14.439043172739087,2.0217192411623713e-05,0.6947,1,-0.10990515478845529,0.5246107,0.5233455,0.008218077102171017,0.5151273933262958,test,High,High
702,Indiana,Tippecanoe,18157,47406.0,183397.0,35.27717639581306,2.263,0.0336,8.2127,87.5802,1.5011,0.0,0.3391,0.0703,44.0,1294484142.0,23.991668347901,0.00014167574097636185,1.6050000000000002,1,-0.10990515478845529,0.9984162,0.9988083,0.013655017021142688,0.9851533073158629,train,High,High
703,Indiana,Hamilton,18057,87782.0,303042.0,56.28087653485846,1.785,0.0818,8.4494,87.653,1.7234,0.0,0.2189,0.0887,50.0,1021224501.0,16.499363124583393,0.0002967437617323676,1.8939000000000001,1,-0.10990515478845529,0.997586,0.9979752,0.009390721855485777,0.9885844487568495,train,High,High
704,Indiana,Lagrange,18087,53947.0,38395.0,11.196137378154322,5.4144,0.0039,10.3098,83.2141,0.523,0.0,0.4994,0.0354,2.0,983237254.0,5.209011590050788,3.904957816010499e-05,0.5623,1,-0.10990515478845529,0.535368,0.53414047,0.002964743464024087,0.5311757241797137,train,High,High
705,Indiana,Boone,18011,72774.0,61884.0,44.51454523137351,3.3972,0.0729,9.153,85.5538,1.4012,0.0,0.3406,0.0813,8.0,1095336141.0,12.927412578372438,5.6497724929903505e-05,1.5554,1,-0.10990515478845529,0.99546224,0.995844,0.007357722532557999,0.9884862840058332,train,High,High
706,Indiana,Montgomery,18107,50253.0,38108.0,16.750117352526992,3.8955,0.0029,9.3383,85.5949,0.7033,0.0,0.4335,0.0316,5.0,1306954200.0,13.12060459745985,2.9157869495350335e-05,0.7378,1,-0.10990515478845529,0.71502274,0.71442354,0.007467679050409679,0.7069558582039238,train,High,High
707,Indiana,Clark,18019,51844.0,113993.0,20.198595301525792,2.7691,0.0112,7.0761,88.9581,0.7764,0.0,0.3887,0.0205,10.0,965626378.0,8.772468484906968,0.00011805083477121002,0.8080999999999999,1,-0.10990515478845529,0.92816174,0.92830807,0.004992908569000062,0.9233151611369631,test,High,High
708,Indiana,Clay,18021,49735.0,26568.0,16.927882507672074,4.6236,0.0076,8.6384,85.6268,0.6622,0.0,0.4338,0.0076,1.0,926109960.0,3.7639265281541703,2.868773811697263e-05,0.6774000000000001,1,-0.10990515478845529,0.8064377,0.80615824,0.002142263725180759,0.804015980884652,train,High,High
709,Indiana,Franklin,18047,52128.0,22887.0,19.14674228265773,5.1149,0.01,7.9826,85.8866,0.5205,0.0,0.4554,0.03,0.0,995670496.0,0.0,2.298652023128744e-05,0.5605,1,-0.10990515478845529,0.76153255,0.76109606,0.0,0.7610960602760315,train,High,High
710,Indiana,Jackson,18071,48546.0,43637.0,16.168859723302777,3.9651,0.0073,9.2812,85.6753,0.6037,0.0,0.4527,0.0146,4.0,1319119300.0,9.16653298806059,3.3080404478958046e-05,0.6255999999999999,1,-0.10990515478845529,0.8144637,0.8142123,0.0052171929922407495,0.8089951292428667,train,High,High
711,Indiana,Posey,18129,59918.0,25527.0,20.562121811909744,4.2207,0.013,11.3358,83.2253,0.6437,0.0,0.5486,0.013,2.0,1060787801.0,7.8348415403298475,2.4064190760806083e-05,0.6697000000000001,1,-0.10990515478845529,0.91971004,0.9198268,0.0044592519803033975,0.9153675536112799,test,High,High
712,Indiana,Vermillion,18165,44409.0,15752.0,12.982774252039892,3.3189,0.0,10.3772,85.1406,0.6243,0.0,0.5126,0.0263,0.0,665311752.0,0.0,2.367611868067528e-05,0.6506,1,-0.10990515478845529,0.58085656,0.5797881,0.0,0.579788088798523,train,High,High
713,Indiana,Allen,18003,49574.0,365565.0,27.369705524706845,1.7462,0.0208,9.0908,87.7161,1.0212,0.0,0.3462,0.0587,75.0,1702454351.0,20.516187271757417,0.00021472822445152304,1.1007,1,-0.10990515478845529,0.9926784,0.9930504,0.01167692393635928,0.981373472506054,train,High,High
714,Indiana,Floyd,18043,57494.0,76290.0,26.927602770115165,2.907,0.0129,6.9737,88.6936,0.9409,0.0,0.4376,0.0343,5.0,383288360.0,6.553938917289291,0.00019904074311048736,0.9881,1,-0.10990515478845529,0.9716214,0.9719198,0.003730217764490917,0.9681895572446644,train,High,High
715,Indiana,Johnson,18081,63023.0,147567.0,29.501302644265287,2.6437,0.0166,8.8536,87.0932,0.9876,0.0,0.3652,0.0401,23.0,829909420.0,15.586140532774943,0.00017781097122623334,1.0443,1,-0.10990515478845529,0.9964863,0.99687165,0.008870955165882991,0.9880006950530806,train,High,High
716,Indiana,Gibson,18051,49669.0,33684.0,15.631429196760779,3.8014,0.0124,10.247,84.9437,0.5195,0.0,0.4728,0.0031,4.0,1262606257.0,11.87507421921387,2.667815070078494e-05,0.5349999999999999,0,-0.10990515478845529,0.63232815,0.63143975,0.006758777182116424,0.6246809682440616,train,Low,High
717,Indiana,Orange,18117,41438.0,19579.0,11.906544855474015,5.6615,0.0,8.0605,85.2943,0.459,0.0,0.4973,0.0273,2.0,1031818419.0,10.215026303692733,1.8975237928951915e-05,0.4863,0,-0.10990515478845529,0.25768045,0.25548154,0.005813949910680056,0.24966759124608875,train,Low,Low
718,Indiana,Marshall,18099,49725.0,46833.0,18.531106363695216,4.1527,0.0324,9.2585,85.2932,0.7565,0.0,0.465,0.0416,8.0,1148993902.0,17.081972113680525,4.076000744519182e-05,0.8304999999999999,1,-0.10990515478845529,0.944128,0.94433016,0.009722317622292385,0.9346078382271644,train,High,High
719,Indiana,Blackford,18009,38791.0,12364.0,10.965517241379311,4.1585,0.0157,9.3213,85.4296,0.6199,0.0,0.4315,0.0235,0.0,427554634.0,0.0,2.8917941747767373e-05,0.6591,1,-0.10990515478845529,0.17380933,0.17131707,0.0,0.17131707072257996,test,High,Low
720,Indiana,Scott,18143,46368.0,23734.0,12.988047808764941,4.0313,0.0044,7.3139,87.3052,0.9186,0.0,0.4092,0.0174,4.0,493126045.0,16.853459172495157,4.81296825439427e-05,0.9403999999999999,1,-0.10990515478845529,0.66657853,0.66580987,0.009592257967574352,0.656217611798661,train,High,High
721,Indiana,Elkhart,18039,49692.0,201640.0,18.269170283701328,3.0733,0.0169,8.6172,86.913,0.9506,0.0,0.4016,0.0274,19.0,1199614702.0,9.42273358460623,0.0001680873030847533,0.9949,1,-0.10990515478845529,0.9692442,0.9695342,0.005363011259479497,0.9641712070518303,train,High,High
722,Indiana,Cass,18017,43918.0,38324.0,13.949982606006724,3.1392,0.0059,10.6964,85.1349,0.5994,0.0,0.3976,0.0267,1.0,1067475977.0,2.6093309675399228,3.590151050303214e-05,0.6320000000000001,1,-0.10990515478845529,0.5479111,0.5467274,0.0014851180109227223,0.5452423008886134,train,High,High
723,Indiana,Wayne,18177,39691.0,67423.0,17.134880096961304,2.8423,0.0069,7.7731,87.9814,0.884,0.0,0.4866,0.0257,2.0,1040508998.0,2.966346795603874,6.479809413430945e-05,0.9166000000000001,1,-0.10990515478845529,0.6475914,0.64675635,0.0016883159352328555,0.6450680350588772,train,High,High
724,Indiana,Huntington,18069,47042.0,36696.0,18.8655732432867,3.5076,0.0181,9.6906,85.6102,0.6927,0.0,0.4187,0.062,3.0,991054480.0,8.175277959450622,3.70272278068911e-05,0.7727999999999999,1,-0.10990515478845529,0.83854645,0.8383793,0.004653013624149968,0.8337263098583635,train,High,High
725,Indiana,La Porte,18091,48165.0,110993.0,17.587437544610992,2.7205,0.0239,9.1952,86.8629,0.6955,0.0,0.4838,0.0182,16.0,1549659083.0,14.415323488868667,7.16241405723429e-05,0.7376,1,-0.10990515478845529,0.9141213,0.91421854,0.00820457688691754,0.9060139680731044,train,High,High
726,Indiana,White,18181,51547.0,24265.0,15.684518478715148,3.8603,0.0195,10.6059,84.134,0.7798,0.0,0.5693,0.0312,2.0,1308269853.0,8.242324335462602,1.8547396734976205e-05,0.8305,1,-0.10990515478845529,0.4630964,0.46161604,0.004691173513340401,0.45692486576278263,train,High,Low
727,Indiana,Jasper,18073,55485.0,33461.0,16.54203081358681,3.5201,0.0112,10.7845,84.5436,0.5885,0.0,0.5185,0.0336,6.0,1449431947.0,17.931323032784434,2.3085595753051248e-05,0.6333,1,-0.10990515478845529,0.66196036,0.66117555,0.010205731326129357,0.6509698177041746,test,High,High
728,Indiana,Martin,18101,47457.0,10218.0,11.376069574975451,5.7644,0.0,8.773,84.4429,0.5141,0.0,0.4551,0.0506,1.0,869615714.0,9.786651008025053,1.1750017663549259e-05,0.5647,1,-0.10990515478845529,0.26628637,0.26411757,0.005570137272519319,0.25854743145878867,train,High,Low
729,Indiana,Shelby,18145,52651.0,44404.0,16.633954857703632,3.8856,0.0,9.344,85.7583,0.5534,0.0,0.4344,0.0243,8.0,1064898914.0,18.01639491937663,4.169785452518548e-05,0.5777,1,-0.10990515478845529,0.8721243,0.87207466,0.010254150554112674,0.8618205130849559,test,High,High
730,Indiana,Ripley,18137,52372.0,28633.0,17.440963111591294,5.8984,0.0064,8.4505,84.5592,0.5796,0.0,0.4931,0.0128,2.0,1156236794.0,6.9849474382705266,2.476395851488532e-05,0.5988,1,-0.10990515478845529,0.76763546,0.7672203,0.003975529120287947,0.7632447891971254,train,High,High
731,Indiana,Sullivan,18153,43786.0,21026.0,12.659923638555831,4.4046,0.0,10.1893,84.1529,0.7456,0.0,0.4865,0.0212,0.0,1158058302.0,0.0,1.8156253414605717e-05,0.7668,1,-0.10990515478845529,0.30066845,0.29861993,0.0,0.29861992597579956,train,High,Low
732,Indiana,Tipton,18159,54023.0,15447.0,21.059857221306974,5.3575,0.0067,12.2189,81.43,0.4297,0.0,0.5102,0.047,0.0,674797598.0,0.0,2.2891308513519634e-05,0.4834,0,-0.10990515478845529,0.76661277,0.76619405,0.0,0.7661940455436707,train,Low,High
733,Indiana,Vigo,18167,41221.0,108099.0,23.176126998814446,2.4284,0.0118,8.9268,87.1849,1.0559,0.0,0.3709,0.0213,15.0,1044993095.0,13.876169067243916,0.00010344470266571474,1.0890000000000002,1,-0.10990515478845529,0.9446504,0.94485444,0.00789771357513979,0.9369567247297613,train,High,High
734,Indiana,Warrick,18173,61542.0,61427.0,27.99961765479007,2.7358,0.0277,9.0065,86.9019,0.9598,0.0,0.3407,0.0277,3.0,996664714.0,4.883845865824475,6.16325622219229e-05,1.0151999999999999,1,-0.10990515478845529,0.98186666,0.98220086,0.0027796732373680504,0.9794211877398048,train,High,High
735,Indiana,Dekalb,18033,50398.0,42489.0,17.369314564617667,3.2692,0.0144,9.8099,85.6584,0.6745,0.0,0.5305,0.0432,4.0,939732061.0,9.414201322695286,4.521395168191458e-05,0.7321,1,-0.10990515478845529,0.8943303,0.89435834,0.005358155066073798,0.8890001818594327,train,High,High
736,Indiana,Bartholomew,18005,55874.0,80203.0,29.675930200350848,3.2916,0.0163,7.6265,87.4674,1.1085,0.0,0.4557,0.034,10.0,1053850605.0,12.468361532611,7.610471505114333e-05,1.1588,1,-0.10990515478845529,0.992167,0.9925372,0.007096450587958357,0.9854407498629388,train,High,High
737,Indiana,Rush,18139,46380.0,16873.0,14.028436018957347,5.4335,0.0,9.8092,83.8758,0.4092,0.0,0.4533,0.0189,3.0,1057035490.0,17.779885023410184,1.5962567160351446e-05,0.42810000000000004,0,-0.10990515478845529,0.48061654,0.47919744,0.01011953937958912,0.4690779031519966,train,Low,Low
738,Indiana,Fulton,18049,46310.0,20412.0,13.719751588264687,4.6349,0.0161,10.5119,83.681,0.5807,0.0,0.5592,0.0161,1.0,954118209.0,4.899078973153047,2.1393575562711014e-05,0.6129,1,-0.10990515478845529,0.6424767,0.64162374,0.0027883432613463846,0.6388353921665101,train,High,High
739,Indiana,Lake,18089,50905.0,489698.0,20.887863246812707,1.3048,0.0211,9.3697,88.062,0.8027,0.0,0.4048,0.0349,46.0,1292119563.0,9.393544592789842,0.00037898814786383665,0.8587,1,-0.10990515478845529,0.9719214,0.9722208,0.00534639815136617,0.9668743803139048,train,High,High
740,Indiana,Noble,18113,49657.0,47587.0,14.145921652376249,3.8625,0.0023,9.8182,85.3479,0.5597,0.0,0.3863,0.0231,7.0,1064072501.0,14.709899762540191,4.472157673023072e-05,0.5851,1,-0.10990515478845529,0.849065,0.8489347,0.008372236925089139,0.8405624731006982,train,High,High
741,Indiana,Adams,18001,47572.0,34813.0,15.609779390698119,3.4006,0.0109,10.4864,85.1023,0.4853,0.0,0.4707,0.0438,1.0,878079482.0,2.8724901617211964,3.96467526159551e-05,0.54,0,-0.10990515478845529,0.7766052,0.7762214,0.0016348968101169796,0.7745864977287624,train,Low,High
742,Indiana,Fayette,18041,40851.0,23608.0,10.67843017949498,3.3377,0.0047,7.796,87.8215,0.6146,0.0,0.4066,0.0189,0.0,556901540.0,0.0,4.239169458931645e-05,0.6382000000000001,1,-0.10990515478845529,0.30831686,0.3062951,0.0,0.30629509687423706,train,High,Low
743,Indiana,Hendricks,18063,73042.0,155817.0,34.69115354637568,2.7918,0.0246,9.3755,86.264,1.156,0.0,0.3215,0.0665,11.0,1053848884.0,7.059563462266633,0.00014785516440324854,1.2470999999999999,1,-0.10990515478845529,0.99339324,0.99376774,0.004017997324788864,0.9897497410174962,train,High,High
744,Indiana,Dubois,18037,55154.0,42345.0,19.72901057348925,3.5347,0.0108,10.273,84.942,0.7593,0.0,0.4651,0.0151,8.0,1106624776.0,18.89243121974259,3.826500266247428e-05,0.7852,1,-0.10990515478845529,0.92270327,0.9228305,0.010752752419525781,0.9120777696408685,train,High,High
745,Indiana,Grant,18053,40272.0,68269.0,16.72520638045594,2.7243,0.0102,9.9293,86.2539,0.5428,0.0,0.5121,0.0273,5.0,1072452767.0,7.323968419048177,6.365688270912914e-05,0.5802999999999999,1,-0.10990515478845529,0.6806592,0.6799398,0.004168485158022119,0.6757713213033121,train,High,High
746,Indiana,Hancock,18059,68449.0,71955.0,28.981932539927236,3.1478,0.0224,10.0276,85.3724,0.995,0.0,0.3944,0.0403,11.0,792580849.0,15.287332360503092,9.078569093712736e-05,1.0577,1,-0.10990515478845529,0.9902969,0.9906606,0.008700886514580314,0.9819597213002085,train,High,High
747,Indiana,Howard,18067,45928.0,82728.0,19.54880648656205,2.4236,0.008,12.5927,83.9194,0.6314,0.0,0.3874,0.0375,12.0,758858972.0,14.505366985784741,0.00010901630349308171,0.6769,1,-0.10990515478845529,0.9061299,0.90619916,0.008255825739861097,0.8979433314981455,test,High,High
748,Indiana,Ohio,18115,54653.0,6003.0,13.845802919708028,5.1848,0.0171,7.7858,86.0027,0.4962,0.0,0.4962,0.0171,0.0,223101879.0,0.0,2.6906989877929265e-05,0.5304,0,-0.10990515478845529,0.3306481,0.32870445,0.0,0.32870444655418396,train,Low,Low
749,Indiana,Owen,18119,45388.0,21038.0,12.009377093101138,5.243,0.0,7.5427,86.3234,0.5224,0.0,0.3638,0.0047,1.0,997921791.0,4.753303545964445,2.1081812412291537e-05,0.5271,0,-0.10990515478845529,0.51859844,0.51731217,0.0027053742109802454,0.5146067948640319,train,Low,High
750,Indiana,Parke,18121,42664.0,17033.0,11.78476380572189,5.7087,0.0,10.148,83.173,0.4609,0.0,0.4932,0.0162,2.0,1151747431.0,11.74191275758821,1.4788832639471283e-05,0.47709999999999997,0,-0.10990515478845529,0.3287688,0.32681856,0.006682987453836952,0.32013556813965366,train,Low,Low
751,Indiana,Randolph,18135,42418.0,25403.0,13.070170405645761,4.7573,0.0084,9.0043,84.9015,0.6411,0.0,0.6621,0.0253,0.0,1171656633.0,0.0,2.1681266750443943e-05,0.6748,1,-0.10990515478845529,0.51017976,0.50886405,0.0,0.5088640451431274,train,High,High
752,Indiana,Whitley,18183,54837.0,33354.0,18.28885400313972,4.5295,0.0115,9.8475,84.541,0.6619,0.0,0.3799,0.0288,1.0,869120483.0,2.9981411524854593,3.837672756816157e-05,0.7022,1,-0.10990515478845529,0.86275864,0.8626762,0.0017064119041375072,0.8609697913467474,train,High,High
753,Indiana,Benton,18007,48069.0,8709.0,17.061042524005487,5.1238,0.0114,9.7227,84.0009,0.5363,0.0,0.582,0.0228,0.0,1052616452.0,0.0,8.27366889758626e-06,0.5705,1,-0.10990515478845529,0.3294727,0.32752493,0.0,0.32752493023872375,train,High,Low
754,Indiana,Brown,18013,56323.0,14965.0,23.473922902494333,4.5018,0.0343,7.8231,86.088,1.0728,0.0,0.4213,0.0588,3.0,808043861.0,20.046775810223856,1.8520034273238543e-05,1.1659,1,-0.10990515478845529,0.92631125,0.92645115,0.011409755292469577,0.915041391310161,train,High,High
755,Indiana,Clinton,18023,50096.0,32692.0,14.889645840138119,4.3681,0.0133,9.1394,85.3997,0.5797,0.0,0.4598,0.04,0.0,1049119210.0,0.0,3.1161377742763855e-05,0.633,1,-0.10990515478845529,0.63231814,0.6314297,0.0,0.6314296722412109,train,High,High
756,Indiana,Putnam,18133,52465.0,37626.0,15.034388448698872,5.3752,0.0062,8.6379,84.7103,0.8172,0.0,0.4256,0.0278,1.0,1244585902.0,2.657736671450593,3.0231742091515353e-05,0.8512000000000001,1,-0.10990515478845529,0.60874265,0.6077717,0.0015126684380641687,0.6062590262221226,train,High,High
757,Indiana,Union,18161,45104.0,7251.0,18.556493767591476,5.1789,0.0,8.1442,85.6327,0.529,0.0,0.5151,0.0,0.0,417568568.0,0.0,1.7364812765313312e-05,0.529,0,-0.10990515478845529,0.37893286,0.3771581,0.0,0.37715810537338257,train,Low,Low
758,Indiana,Washington,18175,44883.0,27792.0,12.70694927765475,5.4327,0.0072,7.3184,86.2463,0.4307,0.0,0.5429,0.0217,2.0,1330542464.0,7.196315486470928,2.0887721175353632e-05,0.4596,0,-0.10990515478845529,0.50045,0.49910027,0.004095830645552851,0.4950044372415626,train,Low,High
759,Indiana,Daviess,18027,47939.0,32583.0,14.005476723923326,4.9944,0.0112,9.8651,84.0202,0.6182,0.0,0.4833,0.0075,1.0,1112370958.0,3.069085105729982,2.9291487489553822e-05,0.6368999999999999,1,-0.10990515478845529,0.5909453,0.5899121,0.0017467901252371607,0.5881653264023202,train,High,High
760,Indiana,Dearborn,18029,60834.0,49552.0,19.96412397812151,4.485,0.0019,8.0132,86.2701,0.7302,0.0,0.4793,0.0204,1.0,790034484.0,2.0180820148530834,6.27213128079103e-05,0.7525,1,-0.10990515478845529,0.91998893,0.9201067,0.0011486047515862608,0.9189581042518622,train,High,High
761,Indiana,Henry,18065,44509.0,48953.0,15.73257796918808,3.663,0.0091,10.3387,84.8343,0.6253,0.0,0.5089,0.0205,4.0,1014954779.0,8.1711028946132,4.823170550340351e-05,0.6548999999999999,1,-0.10990515478845529,0.8054872,0.80520445,0.004650637358331658,0.8005538137258053,train,High,High
762,Indiana,Knox,18083,44624.0,37956.0,15.236172789664918,4.6043,0.0238,10.8586,83.2475,0.7118,0.0,0.5063,0.0477,5.0,1336508529.0,13.173147855411528,2.83993698329777e-05,0.7833,1,-0.10990515478845529,0.6240725,0.6231552,0.007497584393851091,0.6156575922457058,test,High,High
763,Indiana,Lawrence,18093,46044.0,45696.0,14.343377452360837,4.2027,0.014,8.7112,86.0121,0.5067,0.0,0.523,0.0304,3.0,1163367147.0,6.565126050420168,3.9279087532974665e-05,0.5511,0,-0.10990515478845529,0.6204241,0.619494,0.00373658499544396,0.6157574359434294,train,Low,High
764,Indiana,Madison,18095,44795.0,129862.0,17.392564517028035,2.5645,0.008,9.3446,86.7334,0.8495,0.0,0.4557,0.0442,2.0,1170457570.0,1.540096410035268,0.00011094977154960005,0.9017000000000001,1,-0.10990515478845529,0.7814678,0.78110105,0.0008765560772297116,0.7802244919154766,train,High,High
765,Indiana,Perry,18123,47396.0,19301.0,13.426028102699918,3.5551,0.0,7.8719,87.5794,0.4803,0.0,0.4968,0.0166,1.0,988668629.0,5.181078700585462,1.9522213443266846e-05,0.4969,0,-0.10990515478845529,0.36300087,0.36117038,0.002948845274887436,0.3582215360327145,train,Low,Low
766,Indiana,Pike,18125,48076.0,12554.0,12.61066969353008,4.1761,0.0,9.2309,85.621,0.4744,0.0,0.4899,0.0078,0.0,865686068.0,0.0,1.450179281388181e-05,0.48219999999999996,0,-0.10990515478845529,0.28042206,0.27830273,0.0,0.27830272912979126,train,Low,Low
767,Indiana,Pulaski,18131,44884.0,12910.0,10.66950291088222,3.9826,0.0058,19.2965,75.7267,0.407,0.0,0.5581,0.0233,0.0,1123146088.0,0.0,1.1494497588456187e-05,0.43609999999999993,0,-0.10990515478845529,0.14904264,0.14646375,0.0,0.14646375179290771,train,Low,Low
768,Indiana,Steuben,18151,50418.0,34279.0,19.9450502275264,3.7832,0.0185,10.407,84.4111,0.7825,0.0,0.5699,0.0277,5.0,799725143.0,14.586189795501621,4.2863476658254824e-05,0.8286999999999999,1,-0.10990515478845529,0.88269854,0.88268584,0.008301826577584296,0.874384013552268,train,High,High
769,Indiana,Warren,18171,58623.0,8309.0,19.567055640115,4.6505,0.0,10.9516,83.4936,0.445,0.0,0.4593,0.0,0.0,944520564.0,0.0,8.797055688032643e-06,0.445,0,-0.10990515478845529,0.26305026,0.26087016,0.0,0.26087015867233276,train,Low,Low
770,Indiana,Wells,18179,51568.0,27836.0,17.3952495329597,4.0154,0.0039,10.3968,84.5209,0.5354,0.0,0.5078,0.0197,2.0,953341274.0,7.184940364994971,2.9198358194654226e-05,0.559,1,-0.10990515478845529,0.75769055,0.7572406,0.004089356419787499,0.7531512370135927,train,High,High
771,Indiana,Decatur,18031,51185.0,26340.0,18.17873494997456,4.7513,0.0076,9.2826,84.9234,0.5612,0.0,0.455,0.019,9.0,964946206.0,34.16856492027335,2.729685845306075e-05,0.5878000000000001,1,-0.10990515478845529,0.87113434,0.87108123,0.019447265142574853,0.8516339678820223,test,High,High
772,Indiana,Delaware,18035,39537.0,116463.0,23.285472972972972,2.2977,0.0045,9.1216,86.9963,1.1416,0.0,0.4014,0.0369,3.0,1015607220.0,2.575925401200381,0.00011467326906163585,1.1829999999999998,1,-0.10990515478845529,0.8728107,0.87276345,0.0014661050114783856,0.8712973499026146,test,High,High
773,Indiana,Jefferson,18077,47065.0,32482.0,17.043644472762026,3.9964,0.0033,7.105,87.4159,1.0438,0.0,0.4227,0.013,6.0,934033344.0,18.471768979742627,3.477606041439137e-05,1.0601,1,-0.10990515478845529,0.7837645,0.7834057,0.010513329718108935,0.7728923914694826,train,High,High
774,Indiana,Jennings,18079,47236.0,28023.0,9.637139807897546,4.3048,0.0037,8.3059,86.4298,0.4853,0.0,0.4557,0.0148,0.0,975364209.0,0.0,2.8730806135208514e-05,0.5038,0,-0.10990515478845529,0.3378079,0.33588928,0.0,0.3358892798423767,train,Low,Low
775,Indiana,Miami,18103,45646.0,36093.0,11.935353535353535,4.111,0.0,10.4707,84.5291,0.4092,0.0,0.4672,0.0129,2.0,968246955.0,5.5412406837891,3.727664705126803e-05,0.42210000000000003,0,-0.10990515478845529,0.49422178,0.49285027,0.0031538338542433384,0.4896964399933366,train,Low,Low
776,Indiana,Morgan,18109,57521.0,69504.0,15.530231085786642,4.0986,0.0099,9.1565,85.6221,0.6552,0.0,0.4121,0.0455,6.0,1046324519.0,8.632596685082872,6.64268099790176e-05,0.7106,1,-0.10990515478845529,0.8565694,0.85646534,0.004913299607268854,0.8515520400533757,train,High,High
777,Indiana,Newton,18111,50058.0,14022.0,10.543975597356381,4.3197,0.0,11.2152,83.4073,0.5491,0.0,0.4925,0.0161,1.0,1040539917.0,7.13165026387106,1.3475696386955619e-05,0.5652,1,-0.10990515478845529,0.26418757,0.26201144,0.004059026005605649,0.2579524126025639,train,High,Low
778,Indiana,Saint Joseph,18141,46174.0,267696.0,28.245436982785964,1.7338,0.0213,7.6573,89.03,1.2124,0.0,0.3141,0.0312,38.0,1185912669.0,14.19520650289881,0.0002257299436945302,1.2649,1,-0.10990515478845529,0.9886063,0.988964,0.008079295845746261,0.9808847253601558,train,High,High
779,Indiana,Kosciusko,18085,54482.0,78461.0,21.22467147916626,3.5251,0.016,9.236,85.909,0.8773,0.0,0.41,0.0266,8.0,1376372904.0,10.196148404940034,5.700562672512478e-05,0.9198999999999999,1,-0.10990515478845529,0.95654565,0.9567913,0.005803205429510448,0.9509880762706239,train,High,High
780,Indiana,Switzerland,18155,43456.0,10484.0,8.274398868458274,6.3022,0.0,7.0782,85.7025,0.4703,0.0,0.4468,0.0,1.0,571509734.0,9.538344143456696,1.834439446310463e-05,0.4703,0,-0.10990515478845529,0.21120428,0.20884281,0.005428811775143305,0.20341400219351513,test,Low,Low
781,Indiana,Vanderburgh,18163,43311.0,181692.0,24.90244101559311,1.8859,0.0148,8.7988,87.9443,0.9474,0.0,0.3889,0.0199,11.0,605227462.0,6.05420161592145,0.00030020448741633607,0.9821000000000001,1,-0.10990515478845529,0.936126,0.9363002,0.003445788967905172,0.932854429137411,train,High,High
782,Indiana,Carroll,18015,54140.0,20007.0,17.42648652554006,4.3249,0.0054,10.5297,84.1076,0.6085,0.0,0.4021,0.0217,0.0,964066240.0,0.0,2.075272338133114e-05,0.6356,1,-0.10990515478845529,0.719538,0.71895456,0.0,0.7189545631408691,test,High,High
783,Indiana,Monroe,18105,43389.0,143292.0,45.14410328847917,2.6665,0.0343,6.7194,87.8124,2.3202,0.0,0.3463,0.1009,34.0,1021811645.0,23.727772660022893,0.0001402332814478739,2.4554,1,-0.10990515478845529,0.9968546,0.9972412,0.013504819041680499,0.9837363799748905,train,High,High
784,Indiana,Fountain,18045,45924.0,16741.0,14.461059728585013,5.1383,0.0054,9.169,84.585,0.6322,0.0,0.4539,0.0162,3.0,1024769250.0,17.92007645899289,1.6336360600203412e-05,0.6537999999999999,1,-0.10990515478845529,0.5314693,0.5302281,0.010199330264130411,0.5200287481011955,train,High,High
785,Indiana,Starke,18149,43401.0,23069.0,11.610297829379101,3.8623,0.0496,9.4641,85.4973,0.5273,0.0,0.5724,0.027,0.0,800657644.0,0.0,2.8812564487300393e-05,0.6039,1,-0.10990515478845529,0.3766923,0.3749097,0.0,0.3749096989631653,train,High,Low
786,Indiana,Crawford,18025,41173.0,10582.0,9.793605827600162,5.4023,0.0082,6.2752,87.3919,0.3871,0.0,0.5353,0.0,0.0,791601708.0,0.0,1.3367833713668541e-05,0.3953,0,-0.10990515478845529,0.21748124,0.21514174,0.0,0.21514174342155457,train,Low,Low
787,Indiana,Greene,18055,45153.0,32633.0,14.347195994905801,4.8861,0.0166,9.3741,84.632,0.6269,0.0,0.4279,0.0365,3.0,1405093029.0,9.193148040327277,2.3224796740486852e-05,0.6799999999999999,1,-0.10990515478845529,0.5773331,0.5762523,0.005232341125603139,0.5710199405401989,train,High,High
788,Indiana,Marion,18097,43369.0,932142.0,29.0210324984911,1.439,0.0338,7.8943,89.1762,1.0658,0.0,0.3193,0.0716,99.0,1026612130.0,10.620699421332802,0.0009079787514297147,1.1712000000000002,1,-0.10990515478845529,0.98730195,0.98765516,0.0060448414537802595,0.981610321357499,train,High,High
789,Iowa,Butler,19023,52204.0,14933.0,15.67022086824067,5.4183,0.0163,11.0162,82.1728,0.4896,0.0,0.8704,0.0163,1.0,1502536078.0,6.696578048617156,9.938530075016275e-06,0.5222,0,-0.003959067200000006,0.17402604,0.17153454,0.0038114017712852343,0.16772313649775775,test,Low,Low
790,Iowa,Hamilton,19079,53970.0,15227.0,22.01559124636048,4.1038,0.0233,12.2533,82.467,0.6112,0.0,0.5297,0.0116,3.0,1493776461.0,19.70184540618638,1.0193626956610611e-05,0.6460999999999999,1,-0.003959067200000006,0.628967,0.6280668,0.011213435867328246,0.6168533423156551,train,High,High
791,Iowa,Union,19175,45934.0,12539.0,16.39728273600375,6.232,0.0,11.0807,81.8589,0.304,0.0,0.5092,0.0152,0.0,1097235765.0,0.0,1.142780831610971e-05,0.3192,0,-0.003959067200000006,0.15936102,0.15681823,0.0,0.156818225979805,train,Low,Low
792,Iowa,Worth,19195,49472.0,7562.0,15.274642588412341,5.0933,0.0,10.7938,83.056,0.461,0.0,0.5847,0.0112,3.0,1036314927.0,39.672044432689766,7.29700962803945e-06,0.4722,0,-0.003959067200000006,0.16998532,0.1674797,0.022579606975906802,0.14490008691371112,train,Low,Low
793,Iowa,Adair,19001,48765.0,7330.0,16.56872037914692,5.5623,0.0,12.0677,81.2696,0.4232,0.0,0.6651,0.0121,0.0,1474404199.0,0.0,4.971499677613167e-06,0.4353,0,-0.003959067200000006,0.06794578,0.06508323,0.0,0.06508322805166245,train,Low,Low
794,Iowa,Chickasaw,19037,48013.0,12164.0,14.480612733365247,5.6849,0.0,13.1035,80.3689,0.3316,0.0,0.4973,0.0138,0.0,1306338760.0,0.0,9.311520390009709e-06,0.3454,0,-0.003959067200000006,0.11060808,0.10789475,0.0,0.10789474844932556,train,Low,Low
795,Iowa,Dickinson,19059,57914.0,17046.0,29.024351676154332,4.3008,0.0336,12.3931,81.6386,0.9178,0.0,0.7112,0.0048,3.0,985764405.0,17.59943681802182,1.7292164246892237e-05,0.9561999999999999,1,-0.003959067200000006,0.95431864,0.95455647,0.010016836087751214,0.9445396290611746,test,High,High
796,Iowa,Keokuk,19107,45227.0,10234.0,17.0162192393736,6.9884,0.0172,11.4606,80.5946,0.3619,0.0,0.5601,0.0172,0.0,1500067253.0,0.0,6.822360783846802e-06,0.3963,0,-0.003959067200000006,0.13298924,0.1303542,0.0,0.13035419583320618,train,Low,Low
797,Iowa,Tama,19171,53833.0,17423.0,16.312773845635324,4.5247,0.0,11.6436,82.7829,0.3961,0.0,0.6304,0.0223,0.0,1867411147.0,0.0,9.330028916229876e-06,0.4184,0,-0.003959067200000006,0.20483428,0.20245054,0.0,0.20245054364204407,train,Low,Low
798,Iowa,Franklin,19069,47524.0,10393.0,16.744892324682496,5.6358,0.0087,11.8977,81.3446,0.4523,0.0,0.6523,0.0087,0.0,1507301123.0,0.0,6.895105325281444e-06,0.46969999999999995,0,-0.003959067200000006,0.13298924,0.1303542,0.0,0.13035419583320618,train,Low,Low
799,Iowa,Cedar,19031,60435.0,18389.0,22.047182989290704,5.8059,0.01,10.8641,82.0353,0.6875,0.0,0.5721,0.0251,3.0,1500730782.0,16.314100821143075,1.2253363641607506e-05,0.7226,1,-0.003959067200000006,0.8120197,0.8117598,0.009285278587840949,0.8024745509333383,train,High,High
800,Iowa,Floyd,19067,46406.0,16004.0,19.65427208066985,4.561,0.0057,11.1916,83.2155,0.4219,0.0,0.6043,0.0,3.0,1296631080.0,18.745313671582103,1.2342755196026922e-05,0.4276,0,-0.003959067200000006,0.48125666,0.4798398,0.010669019492114922,0.46917078229621517,train,Low,Low
801,Iowa,Louisa,19115,51615.0,11251.0,13.317665491578534,4.8347,0.0,10.8074,83.2198,0.5566,0.0,0.5483,0.0332,1.0,1040583090.0,8.888098835659052,1.0812207221241698e-05,0.5898,1,-0.003959067200000006,0.1310494,0.12840757,0.0050587203493558264,0.12334884739013087,train,High,Low
802,Iowa,Humboldt,19091,47478.0,9607.0,19.85963864416903,5.561,0.0,12.922,80.2991,0.4388,0.0,0.7522,0.0269,0.0,1124996888.0,0.0,8.539579177929247e-06,0.4657,0,-0.003959067200000006,0.16473079,0.16220677,0.0,0.162206768989563,train,Low,Low
803,Iowa,Washington,19183,56864.0,22115.0,20.897316063559888,4.8244,0.0045,10.9751,82.7718,0.8901,0.0,0.5074,0.0267,1.0,1473322654.0,4.521817770743839,1.5010289796304184e-05,0.9213,1,-0.003959067200000006,0.63125485,0.6303627,0.0025736225480715537,0.6277890669470151,train,High,High
804,Iowa,Cherokee,19035,51590.0,11752.0,19.163100332857823,5.5798,0.0151,12.1235,81.1521,0.4142,0.0,0.6852,0.0301,0.0,1494180444.0,0.0,7.865181241791169e-06,0.45940000000000003,0,-0.003959067200000006,0.12804799,0.12539566,0.0,0.12539565563201904,train,Low,Low
805,Iowa,Des Moines,19057,44516.0,40114.0,19.566625872867323,3.024,0.0121,9.7984,85.8951,0.7335,0.0,0.5004,0.0364,7.0,1077714767.0,17.450266739791594,3.7221351352235854e-05,0.782,1,-0.003959067200000006,0.9102785,0.9103623,0.009931934949250059,0.9004303683077385,test,High,High
806,Iowa,Kossuth,19109,54231.0,15226.0,19.524697110904008,4.9482,0.0,12.8609,81.0827,0.4544,0.0,0.6538,0.0,2.0,2519361812.0,13.135426244581636,6.043594027454441e-06,0.4544,0,-0.003959067200000006,0.18378127,0.18132389,0.007476114889084776,0.1738477710285788,train,Low,Low
807,Iowa,Muscatine,19139,55971.0,42949.0,20.486429326753612,3.0762,0.0047,10.5958,85.0415,0.8616,0.0,0.4035,0.0166,10.0,1132977193.0,23.28342918345014,3.790808876414867e-05,0.8829,1,-0.003959067200000006,0.94169736,0.9418911,0.013251918007544392,0.9286391561730586,train,High,High
808,Iowa,Polk,19153,61684.0,459159.0,35.56864341970661,1.7296,0.0223,10.304,86.2448,1.2941,0.0,0.3297,0.0754,97.0,1485836340.0,21.125579592254535,0.0003090239400121281,1.3918,1,-0.003959067200000006,0.99792105,0.99831134,0.012023763613712098,0.9862875771951564,train,High,High
809,Iowa,Woodbury,19193,49010.0,102426.0,21.68072909462554,2.8478,0.0063,10.1297,85.9056,0.5752,0.0,0.5197,0.0157,10.0,2260790978.0,9.76314607619159,4.530538249520562e-05,0.5972000000000001,1,-0.003959067200000006,0.9317391,0.93189794,0.005556759284810731,0.9263411789666847,train,High,High
810,Iowa,Jackson,19097,49115.0,19529.0,16.468282769632747,5.3291,0.0047,11.6025,82.1008,0.4675,0.0,0.4908,0.0047,2.0,1647332490.0,10.241179783911107,1.1854923106627977e-05,0.4769,0,-0.003959067200000006,0.31476444,0.3127652,0.0058288353372525385,0.30693637552967556,train,Low,Low
811,Iowa,Lee,19111,44568.0,35172.0,14.579711316864108,3.6753,0.0,10.4019,84.7549,0.5021,0.0,0.6519,0.0139,3.0,1340377291.0,8.5295121119072,2.6240372942874634e-05,0.516,0,-0.003959067200000006,0.4332976,0.43171299,0.004854628339355375,0.426858356699402,test,Low,Low
812,Iowa,Warren,19181,67090.0,48170.0,28.848295834261528,3.7193,0.004,11.1861,83.7012,0.9162,0.0,0.4309,0.0423,4.0,1475852609.0,8.303923603902843,3.2638760609461375e-05,0.9625,1,-0.003959067200000006,0.9726495,0.9729515,0.004726233145161088,0.9682252386604114,train,High,High
813,Iowa,Plymouth,19149,60339.0,24972.0,19.526662316863398,4.6246,0.011,12.7204,81.3767,0.4187,0.0,0.8448,0.0037,1.0,2234715192.0,4.004485023226013,1.1174578348684712e-05,0.4334,0,-0.003959067200000006,0.37780866,0.37602997,0.002279179186713215,0.37375078907500553,train,Low,Low
814,Iowa,Clay,19041,48888.0,16478.0,20.86525069637883,4.3647,0.0106,12.1818,82.2497,0.5515,0.0,0.6311,0.0106,0.0,1469139466.0,0.0,1.1216089677901282e-05,0.5727000000000001,1,-0.003959067200000006,0.3647283,0.36290383,0.0,0.3629038333892822,train,High,Low
815,Iowa,Delaware,19055,59452.0,17445.0,15.056651279899286,5.5492,0.0052,11.7724,81.7745,0.3553,0.0,0.533,0.0105,3.0,1496381672.0,17.196904557179707,1.1658121939360401e-05,0.371,0,-0.003959067200000006,0.22485162,0.2225379,0.009787732184110474,0.212750172793688,train,Low,Low
816,Iowa,Wayne,19185,42088.0,6403.0,13.053400273847556,7.7552,0.0,10.5361,80.906,0.2294,0.0,0.5591,0.0143,0.0,1360940440.0,0.0,4.704834842000874e-06,0.2437,0,-0.003959067200000006,0.04361055,0.040662874,0.0,0.04066287353634834,train,Low,Low
817,Iowa,Scott,19163,56454.0,171116.0,31.91557708669757,1.9757,0.0171,9.434,87.031,1.1422,0.0,0.3681,0.0318,34.0,1186445450.0,19.86956216835363,0.00014422576276052135,1.1911,1,-0.003959067200000006,0.99738425,0.99777275,0.011308892973891873,0.986463860264786,test,High,High
818,Iowa,Benton,19011,61222.0,25720.0,21.753097751262047,4.6593,0.0102,10.8875,83.3208,0.4673,0.0,0.631,0.0239,0.0,1855117318.0,0.0,1.3864352270576992e-05,0.5014,0,-0.003959067200000006,0.54623854,0.54504895,0.0,0.5450489521026611,train,Low,High
819,Iowa,Dubuque,19061,56154.0,96359.0,29.20164788864268,3.037,0.0174,11.387,84.2317,0.8426,0.0,0.443,0.0413,18.0,1575488093.0,18.6801440446663,6.116136353434186e-05,0.9013,1,-0.003959067200000006,0.9868015,0.98715293,0.010631927767108867,0.976521006307293,train,High,High
820,Iowa,Fremont,19071,52922.0,7019.0,21.44144144144144,5.8602,0.0,10.5897,82.4073,0.4742,0.0,0.6444,0.0243,0.0,1323807065.0,0.0,5.302132150201208e-06,0.4985,0,-0.003959067200000006,0.046481714,0.04354408,0.0,0.04354408010840416,train,Low,Low
821,Iowa,Pocahontas,19151,46250.0,7061.0,16.903665131183658,5.2951,0.0,11.7482,81.855,0.371,0.0,0.697,0.0337,0.0,1495047142.0,0.0,4.722927994467214e-06,0.4047,0,-0.003959067200000006,0.068291344,0.06543,0.0,0.06543000042438507,train,Low,Low
822,Iowa,Taylor,19173,46510.0,6209.0,13.620729190552625,8.602,0.0139,9.8666,80.3224,0.2779,0.0,0.9172,0.0,0.0,1377618873.0,0.0,4.507052074917385e-06,0.2918,0,-0.003959067200000006,0.050212305,0.04728772,0.0,0.0472877211868763,test,Low,Low
823,Iowa,Van Buren,19177,46769.0,7380.0,12.727272727272727,6.5139,0.0,9.3385,83.0091,0.5044,0.0,0.6341,0.0,1.0,1255597377.0,13.550135501355014,5.877680325864523e-06,0.5044,0,-0.003959067200000006,0.07833704,0.07551084,0.007712149410650733,0.06779868772704839,train,Low,Low
824,Iowa,Ringgold,19159,46927.0,5054.0,19.347517730496456,10.1064,0.0,11.7021,77.3227,0.2128,0.0,0.656,0.0,0.0,1386940558.0,0.0,3.6439917852629414e-06,0.2128,0,-0.003959067200000006,0.05466097,0.051751945,0.0,0.05175194516777992,train,Low,Low
825,Iowa,Adams,19003,48598.0,3822.0,16.70305676855895,7.343,0.0,10.9634,80.4459,0.4091,0.0,0.8386,0.0,0.0,1096700779.0,0.0,3.4849979804746726e-06,0.4091,0,-0.003959067200000006,0.074309565,0.07146927,0.0,0.0714692696928978,train,Low,Low
826,Iowa,Audubon,19009,47048.0,5793.0,13.141634980988592,6.1489,0.0147,13.8864,78.8467,0.4119,0.0,0.6767,0.0147,0.0,1147264555.0,0.0,5.049402053565579e-06,0.44129999999999997,0,-0.003959067200000006,0.049098708,0.046170227,0.0,0.046170227229595184,train,Low,Low
827,Iowa,Clarke,19039,46510.0,9273.0,15.39452495974235,5.7433,0.0,9.4431,83.9322,0.3874,0.0,0.4939,0.0,0.0,1116716129.0,0.0,8.303811290254947e-06,0.3874,0,-0.003959067200000006,0.1141571,0.11145619,0.0,0.11145619302988052,train,Low,Low
828,Iowa,Davis,19051,49696.0,8768.0,16.55820679681851,7.3922,0.0222,10.06,81.514,0.4558,0.0,0.5225,0.0333,0.0,1300661856.0,0.0,6.741183313366883e-06,0.5113,0,-0.003959067200000006,0.122709446,0.12003845,0.0,0.12003844976425171,test,Low,Low
829,Iowa,Ida,19093,49957.0,7041.0,19.035069937157918,6.6097,0.0,13.0585,79.193,0.3218,0.0,0.8046,0.0124,1.0,1117599859.0,14.2025280499929,6.3001081677838686e-06,0.3342,0,-0.003959067200000006,0.09911272,0.096359186,0.008083462952791139,0.08827572292167099,train,Low,Low
830,Iowa,Johnson,19103,56808.0,142006.0,52.43229598644117,2.4532,0.0518,8.568,86.0,2.4695,0.0,0.3732,0.0844,65.0,1590340032.0,45.77271382899314,8.929285381907559e-05,2.6057,1,-0.003959067200000006,0.9983911,0.99878305,0.02605184338893537,0.9727312085786854,train,High,High
831,Iowa,Monroe,19135,47515.0,7964.0,15.366168603578675,6.2485,0.0,10.5725,82.1681,0.4507,0.0,0.5359,0.0244,1.0,1123317229.0,12.556504269211453,7.089715882920905e-06,0.47509999999999997,0,-0.003959067200000006,0.13784744,0.1352294,0.00714661761057288,0.12808277622926323,test,Low,Low
832,Iowa,Wapello,19179,42494.0,35242.0,17.619995026112907,3.6237,0.0029,9.6936,85.3424,0.7116,0.0,0.5858,0.04,2.0,1118460312.0,5.675046819136258,3.150938805953805e-05,0.7545000000000001,1,-0.003959067200000006,0.62265855,0.6217363,0.0032299905028433354,0.6185062975678354,train,High,High
833,Iowa,Sioux,19167,63466.0,34621.0,26.876584129459935,4.9122,0.0028,13.544,80.5461,0.3731,0.0,0.6105,0.0113,3.0,1988762058.0,8.665260968776177,1.740831682741204e-05,0.3872,0,-0.003959067200000006,0.816267,0.816022,0.004931890700782971,0.8110900881543501,train,Low,High
834,Iowa,Calhoun,19025,44635.0,9876.0,18.37515950659294,5.5118,0.0088,12.8373,80.3238,0.5574,0.0,0.7432,0.0177,0.0,1475894623.0,0.0,6.691534643527189e-06,0.5839000000000001,1,-0.003959067200000006,0.1801403,0.17767018,0.0,0.1776701807975769,train,High,Low
835,Iowa,Carroll,19027,53785.0,20555.0,21.42704245451302,4.1239,0.0044,14.853,79.6121,0.8475,0.0,0.5504,0.0087,5.0,1474835092.0,24.324981756263682,1.3937151422214735e-05,0.8606,1,-0.003959067200000006,0.72259295,0.72202027,0.013844724556215618,0.7081755438840309,train,High,High
836,Iowa,Cerro Gordo,19033,47788.0,43303.0,21.859288332414284,3.1615,0.0111,10.3566,85.0913,0.8543,0.0,0.5117,0.0133,10.0,1471881731.0,23.09308823869016,2.9420162699199914e-05,0.8786999999999999,1,-0.003959067200000006,0.91550434,0.9156064,0.013143584197538832,0.9024627953114334,train,High,High
837,Iowa,Greene,19073,47264.0,9083.0,17.970968759861154,5.3209,0.0,10.9914,82.3381,0.6408,0.0,0.6797,0.0291,2.0,1475184067.0,22.01915666629968,6.15719773768408e-06,0.6699,1,-0.003959067200000006,0.20631155,0.20393299,0.012532348926698756,0.19140063673671526,train,High,Low
838,Iowa,Hardin,19083,51821.0,17324.0,20.390276170001652,5.3654,0.0108,13.1364,80.2874,0.6135,0.0,0.5543,0.0323,0.0,1474507918.0,0.0,1.1749004388866226e-05,0.6566000000000001,1,-0.003959067200000006,0.31961238,0.3176301,0.0,0.3176301121711731,test,High,Low
839,Iowa,Lucas,19117,48768.0,8700.0,16.510750041030693,5.4648,0.0,10.0968,83.4808,0.4892,0.0,0.458,0.0104,0.0,1115257644.0,0.0,7.80088802511718e-06,0.49960000000000004,0,-0.003959067200000006,0.11362228,0.11091949,0.0,0.11091949045658112,train,Low,Low
840,Iowa,Lyon,19119,59888.0,11730.0,21.268754935509346,6.8,0.0071,11.3214,80.9,0.3,0.0,0.6643,0.0071,1.0,1522007072.0,8.525149190110827,7.706928709986966e-06,0.3142,0,-0.003959067200000006,0.18536115,0.1829093,0.0048521451535040415,0.17805714980937895,train,Low,Low
841,Iowa,Winnebago,19189,49278.0,10580.0,21.554530656538255,5.8529,0.0091,10.8789,81.9686,0.5362,0.0,0.7543,0.0,8.0,1037261946.0,75.61436672967864,1.0199930731865488e-05,0.5453,0,-0.003959067200000006,0.35553405,0.35367742,0.043036417883253235,0.31064100392498956,train,Low,Low
842,Iowa,Palo Alto,19147,49109.0,9155.0,22.07379134860051,5.396,0.0099,12.5446,81.0099,0.3861,0.0,0.6337,0.0198,0.0,1460391660.0,0.0,6.268866257425765e-06,0.4158,0,-0.003959067200000006,0.09422681,0.09145618,0.0,0.09145618230104446,train,Low,Low
843,Iowa,Shelby,19165,52757.0,11944.0,21.08819345661451,5.2782,0.0,12.7062,81.0014,0.3643,0.0,0.6071,0.0429,2.0,1530110554.0,16.744809109176156,7.805971907569759e-06,0.4072,0,-0.003959067200000006,0.18903461,0.1865956,0.009530419064066042,0.17706518475959576,train,Low,Low
844,Iowa,Appanoose,19007,40817.0,12602.0,18.122905027932962,5.0819,0.0071,9.9238,83.8439,0.4588,0.0,0.6776,0.0071,6.0,1287983075.0,47.6114902396445,9.784290061420256e-06,0.473,0,-0.003959067200000006,0.3924818,0.39075443,0.027098395167720557,0.3636560363184092,train,Low,Low
845,Iowa,Henry,19087,49606.0,19941.0,18.842174774378165,4.1462,0.0102,10.4218,84.2933,0.623,0.0,0.48,0.0255,4.0,1124896598.0,20.05917456496665,1.772696266968353e-05,0.6587,1,-0.003959067200000006,0.7013539,0.7007069,0.011416812125891861,0.6892900870402153,train,High,High
846,Iowa,Iowa,19095,55099.0,16326.0,18.63255403617115,5.1766,0.0,11.5121,82.1578,0.5298,0.0,0.6015,0.0221,4.0,1518916011.0,24.50079627587897,1.0748454741254288e-05,0.5519000000000001,0,-0.003959067200000006,0.4021801,0.40048665,0.013944790555090632,0.38654185752764253,train,Low,Low
847,Iowa,Jasper,19099,55503.0,36715.0,17.90894283719848,3.5365,0.0053,11.0732,84.0738,0.6343,0.0,0.6369,0.04,3.0,1891773617.0,8.171047255889963,1.940771330674499e-05,0.6796,1,-0.003959067200000006,0.5147656,0.513466,0.004650605691183637,0.5088153948657622,train,High,High
848,Iowa,Page,19145,46128.0,15552.0,21.8817591925018,5.0207,0.0067,11.0977,82.725,0.4546,0.0,0.6619,0.0334,0.0,1385497544.0,0.0,1.1224848479413832e-05,0.4947,0,-0.003959067200000006,0.41954628,0.41791356,0.0,0.417913556098938,train,Low,Low
849,Iowa,Winneshiek,19191,57009.0,20789.0,27.58087097487289,5.2452,0.0178,11.7417,81.0783,1.0739,0.0,0.7366,0.1065,7.0,1786713778.0,33.67165327817596,1.1635327524742466e-05,1.1982000000000002,1,-0.003959067200000006,0.9129589,0.9130521,0.019164444588687136,0.8938876374730804,train,High,High
850,Iowa,Poweshiek,19157,50725.0,18622.0,22.868539139105867,4.3159,0.0,12.2551,82.1316,0.6513,0.0,0.6203,0.0258,2.0,1514929498.0,10.73998496402105,1.2292321210052773e-05,0.6771,1,-0.003959067200000006,0.8420545,0.84189963,0.006112733610847643,0.8357868997967451,train,High,High
851,Iowa,Pottawattamie,19155,53260.0,93198.0,20.65787585503133,3.5951,0.0058,9.2863,85.885,0.6736,0.0,0.531,0.0232,8.0,2461943637.0,8.58387519045473,3.785545639605559e-05,0.7026,1,-0.003959067200000006,0.9004496,0.900499,0.004885569445747969,0.8956134167984537,train,High,High
852,Iowa,Marshall,19127,54193.0,40735.0,19.52890633680234,2.9338,0.013,10.3669,85.5363,0.6205,0.0,0.5011,0.0286,7.0,1482776070.0,17.184239597397816,2.747211856474053e-05,0.6621,1,-0.003959067200000006,0.8183698,0.8181321,0.009780523838326179,0.8083515786511453,train,High,High
853,Iowa,Clayton,19043,48482.0,17735.0,15.308877243131649,5.0996,0.0047,12.238,81.7399,0.3406,0.0,0.5724,0.0047,6.0,2016303675.0,33.83140682266704,8.795798083341787e-06,0.35,0,-0.003959067200000006,0.33318555,0.33125076,0.01925536937714206,0.3119953876018466,train,Low,Low
854,Iowa,Boone,19015,54513.0,26411.0,22.44287268770403,3.682,0.0072,10.4522,84.2946,0.858,0.0,0.6481,0.0579,2.0,1480363619.0,7.572602324788914,1.784088696927103e-05,0.9230999999999999,1,-0.003959067200000006,0.84302545,0.842874,0.004309996793048533,0.8385639937426875,train,High,High
855,Iowa,Bremer,19017,64264.0,24663.0,27.85334487448992,4.5246,0.0,12.2666,81.7344,0.7742,0.0,0.673,0.0272,2.0,1127885472.0,8.10931354660828,2.1866581858055885e-05,0.8014,1,-0.003959067200000006,0.9656033,0.9658806,0.00461546954146717,0.9612651032544007,train,High,High
856,Iowa,Buena Vista,19021,49942.0,20445.0,18.698427526078156,3.5572,0.0144,11.234,83.9927,0.6249,0.0,0.5528,0.024,0.0,1488989045.0,0.0,1.3730792760802348e-05,0.6633,1,-0.003959067200000006,0.43029284,0.42869774,0.0,0.42869773507118225,test,High,Low
857,Iowa,Howard,19089,49199.0,9430.0,13.219017926734217,5.6164,0.0086,11.4812,81.9692,0.2397,0.0,0.6849,0.0,2.0,1225706340.0,21.208907741251323,7.693523066870977e-06,0.2483,0,-0.003959067200000006,0.14630938,0.14372092,0.012071190381888102,0.13164973447239045,train,Low,Low
858,Iowa,Emmet,19063,45536.0,9820.0,17.478766204738488,5.7799,0.0,11.9323,81.1399,0.4431,0.0,0.6948,0.0101,1.0,1025328490.0,10.183299389002038,9.577418452500037e-06,0.4532,0,-0.003959067200000006,0.2951498,0.29308197,0.005795892326945256,0.2872860766958056,train,Low,Low
859,Iowa,Guthrie,19077,52702.0,10691.0,20.543966200158437,5.8034,0.0081,11.7443,81.1914,0.59,0.0,0.6466,0.0162,2.0,1529698836.0,18.70732391731363,6.988957400239533e-06,0.6143,1,-0.003959067200000006,0.19153315,0.18910289,0.010647397371733685,0.17845549073556613,train,High,Low
860,Iowa,Hancock,19081,54813.0,11006.0,19.93308454510359,5.6508,0.0072,10.513,82.2878,0.4992,0.0,1.0274,0.0145,0.0,1478895055.0,0.0,7.442042599838161e-06,0.5208999999999999,0,-0.003959067200000006,0.14228033,0.13967778,0.0,0.13967777788639069,train,Low,Low
861,Iowa,Madison,19121,60326.0,15661.0,22.455908705083466,6.7972,0.0,10.7402,81.1483,0.7204,0.0,0.5609,0.033,2.0,1452999203.0,12.770576591533109,1.0778395451053802e-05,0.7534000000000001,1,-0.003959067200000006,0.65993536,0.6591435,0.007268458291373784,0.6518750491892475,train,High,High
862,Iowa,Marion,19125,57412.0,33197.0,25.43713572023314,3.9532,0.0,10.533,84.1484,0.7258,0.0,0.6157,0.0238,2.0,1436124183.0,6.024640780793446,2.3115689014199965e-05,0.7496,1,-0.003959067200000006,0.91491115,0.91501117,0.0034289642227070165,0.9115822033035381,test,High,High
863,Iowa,Wright,19197,46071.0,12891.0,16.993755575379126,4.535,0.0,11.4564,82.8911,0.4831,0.0,0.62,0.0144,1.0,1503286935.0,7.757350089209526,8.575209229766904e-06,0.4975,0,-0.003959067200000006,0.20964141,0.20727448,0.0044151472074006985,0.2028593344467665,train,Low,Low
864,Iowa,Cass,19029,45469.0,13433.0,19.83104540654699,5.0633,0.0066,12.4263,81.5495,0.4043,0.0,0.5368,0.0133,0.0,1461450798.0,0.0,9.191551312150297e-06,0.42419999999999997,0,-0.003959067200000006,0.19813369,0.19572651,0.0,0.19572651386260986,train,Low,Low
865,Iowa,Crawford,19047,49699.0,17147.0,11.653214836310873,4.9216,0.0057,12.438,81.7337,0.4334,0.0,0.4619,0.0057,0.0,1849742884.0,0.0,9.269936999525172e-06,0.4448,0,-0.003959067200000006,0.11815609,0.115469165,0.0,0.11546916514635086,train,Low,Low
866,Iowa,Fayette,19065,47711.0,20391.0,19.5777075553002,4.7751,0.0048,12.497,81.79,0.3475,0.0,0.5618,0.0238,2.0,1892840962.0,9.808248737187975,1.0772695862654307e-05,0.3761,0,-0.003959067200000006,0.3922752,0.39054713,0.005582429763189878,0.38496469676841105,train,Low,Low
867,Iowa,Harrison,19085,55845.0,14335.0,17.439425665569846,7.0196,0.0,11.253,80.4506,0.4994,0.0,0.7491,0.0284,0.0,1804808356.0,0.0,7.942671559749804e-06,0.5278,0,-0.003959067200000006,0.16127421,0.1587381,0.0,0.15873810648918152,train,Low,Low
868,Iowa,Mills,19129,66203.0,14841.0,23.913898171810498,6.0273,0.0062,10.3228,82.216,0.7635,0.0,0.6518,0.0124,2.0,1132950323.0,13.476180850347012,1.309942695519228e-05,0.7820999999999999,1,-0.003959067200000006,0.7477028,0.7472179,0.007670057630968588,0.7395478359694952,train,High,High
869,Iowa,Monona,19133,41455.0,9013.0,16.615946439440048,6.0128,0.0,10.67,82.1456,0.3098,0.0,0.8424,0.0194,0.0,1797637874.0,0.0,5.013801795321987e-06,0.32920000000000005,0,-0.003959067200000006,0.07799675,0.075169355,0.0,0.07516935467720032,train,Low,Low
870,Iowa,Osceola,19143,48457.0,6154.0,16.608756080611535,8.1381,0.0,11.0289,79.8877,0.3425,0.0,0.5754,0.0274,0.0,1032593860.0,0.0,5.959748782546509e-06,0.3699,0,-0.003959067200000006,0.06014426,0.057254415,0.0,0.05725441500544548,train,Low,Low
871,Iowa,Webster,19187,42196.0,37050.0,20.610379675484154,3.4769,0.0027,10.9164,84.3376,0.6277,0.0,0.614,0.0246,2.0,1853443705.0,5.398110661268556,1.9989816739537822e-05,0.655,1,-0.003959067200000006,0.7214364,0.72085965,0.003072370453473814,0.7177872763437063,train,High,High
872,Iowa,Story,19169,51201.0,94834.0,50.2519072981143,2.8797,0.0425,10.5282,84.0766,1.9557,0.0,0.4422,0.0751,20.0,1483235262.0,21.08948267498998,6.393726095220086e-05,2.0733,1,-0.003959067200000006,0.99464107,0.99502,0.012003218814054537,0.9830167535103168,train,High,High
873,Iowa,Black Hawk,19013,50348.0,132821.0,26.98163044783287,2.2119,0.0145,10.1158,86.2829,0.8849,0.0,0.4549,0.0351,14.0,1465369216.0,10.540501878468014,9.063995513878735e-05,0.9345,1,-0.003959067200000006,0.9756647,0.9759772,0.005999196490829264,0.9699779858974764,train,High,High
874,Iowa,Grundy,19075,61606.0,12373.0,25.13623188405797,5.2828,0.0076,12.479,81.0489,0.4345,0.0,0.7318,0.0152,0.0,1299797785.0,0.0,9.519173015054799e-06,0.4573,0,-0.003959067200000006,0.40792853,0.4062552,0.0,0.40625518560409546,train,Low,Low
875,Iowa,Jones,19105,55507.0,20481.0,16.734050572192146,5.15,0.0047,10.7516,83.0496,0.5315,0.0,0.5032,0.0094,0.0,1490851949.0,0.0,1.3737782624047802e-05,0.5456,0,-0.003959067200000006,0.2964729,0.2944097,0.0,0.29440969228744507,train,Low,Low
876,Iowa,Mitchell,19131,52564.0,10757.0,15.650628758884636,6.0017,0.0,11.4224,81.5178,0.3122,0.0,0.7285,0.0173,2.0,1215049040.0,18.59254438969973,8.853140610686792e-06,0.32949999999999996,0,-0.003959067200000006,0.1486281,0.14604776,0.010582069843005002,0.13546568623285407,train,Low,Low
877,Iowa,Montgomery,19137,42641.0,10380.0,15.523809523809524,6.0707,0.0,10.8948,81.9331,0.4184,0.0,0.6745,0.0085,0.0,1098405722.0,0.0,9.450060020717918e-06,0.4269,0,-0.003959067200000006,0.102568656,0.09982721,0.0,0.09982720762491226,train,Low,Low
878,Iowa,Sac,19161,49570.0,10034.0,19.342142254709024,5.1751,0.0083,13.878,79.5906,0.5907,0.0,0.7239,0.0333,0.0,1489300181.0,0.0,6.737392587478642e-06,0.6323,1,-0.003959067200000006,0.17704925,0.17456833,0.0,0.1745683252811432,train,High,Low
879,Iowa,Mahaska,19123,49599.0,22324.0,23.904091392136024,4.0558,0.0089,11.35,83.337,0.7419,0.0,0.4931,0.0133,0.0,1478527855.0,0.0,1.5098802450360327e-05,0.7641,1,-0.003959067200000006,0.7353143,0.7347861,0.0,0.7347860932350159,train,High,High
880,Iowa,Buchanan,19019,55881.0,21031.0,17.998709769908967,5.2972,0.0181,11.8067,81.6882,0.4931,0.0,0.6605,0.0362,0.0,1478934777.0,0.0,1.4220370179313188e-05,0.5474,0,-0.003959067200000006,0.3513566,0.34948537,0.0,0.3494853675365448,train,Low,Low
881,Iowa,Clinton,19045,50067.0,47972.0,19.368675426672706,3.3084,0.0271,10.6283,84.8554,0.68,0.0,0.484,0.0167,2.0,1799830899.0,4.169098640873843,2.665361508498027e-05,0.7238000000000001,1,-0.003959067200000006,0.8291421,0.82894206,0.0023728701180106065,0.8265691903525705,train,High,High
882,Iowa,Decatur,19053,38467.0,8210.0,20.10847730012053,7.6514,0.0,9.567,81.8071,0.4429,0.0,0.5094,0.0221,2.0,1377567314.0,24.3605359317905,5.959781359911099e-06,0.465,0,-0.003959067200000006,0.21211962,0.20976137,0.013864960450816664,0.19589640579731413,train,Low,Low
883,Iowa,Jefferson,19101,45257.0,17662.0,33.113488297273385,4.6431,0.0477,7.7883,85.0203,2.0769,0.0,0.3461,0.0776,3.0,1127979901.0,16.98561884271317,1.5658080418225466e-05,2.2022,1,-0.003959067200000006,0.9736736,0.9739791,0.009667477519635783,0.9643116379665092,train,High,High
884,Iowa,Allamakee,19005,48089.0,14001.0,17.02861782017455,5.8446,0.0,12.2692,81.0254,0.3368,0.0,0.5177,0.0062,2.0,1655214176.0,14.284693950432112,8.458724075113286e-06,0.34299999999999997,0,-0.003959067200000006,0.25086018,0.24863744,0.008130228219498952,0.2405072096009356,train,Low,Low
885,Iowa,Linn,19113,60989.0,218076.0,32.230345711509706,2.3381,0.0167,9.4364,86.6459,1.1193,0.0,0.3886,0.055,29.0,1856758893.0,13.298116253049395,0.00011744982120303758,1.1909999999999998,1,-0.003959067200000006,0.99665254,0.9970384,0.007568710985470522,0.9894697130295746,test,High,High
886,Iowa,Dallas,19049,78918.0,78074.0,47.41927881216121,2.8694,0.04,11.1516,84.2675,1.1841,0.0,0.4013,0.0861,17.0,1523954917.0,21.77421420703435,5.1231174314325206e-05,1.3102,1,-0.003959067200000006,0.99585116,0.9962343,0.012392938302895213,0.9838413594494851,train,High,High
887,Iowa,O Brien,19141,52474.0,14055.0,19.993857493857494,5.1529,0.0,12.643,81.0181,0.319,0.0,0.853,0.0139,0.0,1484154165.0,0.0,9.470040465776006e-06,0.33290000000000003,0,-0.003959067200000006,0.20788766,0.20551461,0.0,0.20551460981369019,train,Low,Low
888,Kansas,Jewell,20089,37750.0,3003.0,15.30566711289603,11.6201,0.0,9.6191,76.2777,0.2652,0.0,2.2179,0.0,0.0,2356321281.0,0.0,1.274444204283363e-06,0.2652,0,0.02716135868747126,0.04639587,0.043457936,0.0,0.043457936495542526,train,Low,Low
889,Kansas,Kearny,20093,49396.0,3943.0,14.256947241240436,7.3922,0.0,10.7004,80.105,0.3194,0.0,1.4602,0.0228,0.0,2254696689.0,0.0,1.748793981574876e-06,0.3422,0,0.02716135868747126,0.052612998,0.04969681,0.0,0.04969681054353714,train,Low,Low
890,Kansas,Rice,20159,46335.0,9949.0,22.382445141065833,6.9126,0.0,10.716,80.2986,0.4944,0.0,1.5689,0.0095,2.0,1880933854.0,20.10252286661976,5.289393871476354e-06,0.5039,0,0.02716135868747126,0.2630271,0.2608469,0.011441484099025512,0.24940542876184485,train,Low,Low
891,Kansas,Stafford,20185,46830.0,4284.0,21.706989247311828,10.2307,0.0189,9.4175,78.177,0.2837,0.0,1.8722,0.0,0.0,2051389760.0,0.0,2.0883403454251425e-06,0.3026,0,0.02716135868747126,0.050024673,0.04709943,0.0,0.04709943011403084,train,Low,Low
892,Kansas,Mcpherson,20113,56783.0,29164.0,28.327283726557773,4.948,0.0221,9.9054,82.9612,0.7032,0.0,1.4254,0.0347,7.0,2326520576.0,24.00219448635304,1.2535457584536747e-05,0.76,1,0.02716135868747126,0.9167758,0.91688234,0.013661008042594187,0.9032213280970848,test,High,High
893,Kansas,Osage,20139,52171.0,16001.0,19.943718228031955,6.1712,0.0,8.1755,83.8072,0.4905,0.0,1.345,0.0105,0.0,1827283236.0,0.0,8.75671580888952e-06,0.501,0,0.02716135868747126,0.23102367,0.22873154,0.0,0.22873154282569885,test,Low,Low
894,Kansas,Greeley,20071,47000.0,1235.0,29.587155963302752,10.5611,0.055,11.6612,75.1375,0.385,0.0,2.2002,0.0,0.0,2016057984.0,0.0,6.125815873359325e-07,0.44,0,0.02716135868747126,0.17407683,0.1715855,0.0,0.17158550024032593,test,Low,Low
895,Kansas,Coffey,20031,57442.0,8433.0,21.14026236125126,8.0148,0.0,9.6774,80.2205,0.6687,0.0,1.4006,0.0181,1.0,1623630869.0,11.858176212498517,5.1939145534932545e-06,0.6868,1,0.02716135868747126,0.075545736,0.07270977,0.006749159569619637,0.06596060944092419,test,High,Low
896,Kansas,Crawford,20037,37607.0,39281.0,28.353827170999445,3.3881,0.0085,9.4046,85.4834,0.5671,0.0,1.1341,0.0142,8.0,1527463438.0,20.366080293271555,2.571649115963979e-05,0.5898,1,0.02716135868747126,0.9446176,0.94482154,0.011591489554869255,0.9332300469861159,train,High,High
897,Kansas,Ellis,20051,50140.0,29032.0,34.13450559488468,5.0461,0.0035,11.4764,81.6978,0.6956,0.0,1.0629,0.0177,7.0,2330762263.0,24.11132543400386,1.24560108342547e-05,0.7168,1,0.02716135868747126,0.9650312,0.9653065,0.013723120644606533,0.9515833998174296,train,High,High
898,Kansas,Greenwood,20073,39671.0,6304.0,17.663880334359877,8.8697,0.0,8.6543,80.6006,0.3675,0.0,1.4952,0.0127,0.0,2961133006.0,0.0,2.1289148401056323e-06,0.3802,0,0.02716135868747126,0.058673155,0.055778164,0.0,0.05577816441655159,train,Low,Low
899,Kansas,Labette,20099,41851.0,20833.0,17.999432865447325,4.541,0.0097,8.1457,85.6055,0.524,0.0,1.1595,0.0146,3.0,1671305472.0,14.400230403686459,1.2465106079662258e-05,0.5483,0,0.02716135868747126,0.40540904,0.40372688,0.008195986557471667,0.39553088922454127,train,Low,Low
900,Kansas,Linn,20107,45790.0,9524.0,15.986241962015852,7.1955,0.0248,8.4127,82.6778,0.414,0.0,1.2669,0.0083,3.0,1538618894.0,31.49937001259975,6.189966883378205e-06,0.44709999999999994,0,0.02716135868747126,0.15102856,0.14845662,0.01792807517343629,0.13052854301637543,train,Low,Low
901,Kansas,Sedgwick,20173,51157.0,508221.0,30.041319140439,2.2678,0.0114,8.7081,87.4122,0.9338,0.0,0.6342,0.0325,43.0,2583548945.0,8.460886110570009,0.00019671429139500975,0.9776999999999999,1,0.02716135868747126,0.9914289,0.99179655,0.004815569395943701,0.9869809837389745,train,High,High
902,Kansas,Seward,20175,47507.0,23185.0,11.57344247385175,4.0067,0.0,11.1565,83.789,0.3935,0.0,0.6491,0.0051,1.0,1655865961.0,4.313133491481561,1.4001737185296245e-05,0.3986,0,0.02716135868747126,0.11967977,0.11699817,0.002454848507681794,0.11454332478876977,train,Low,Low
903,Kansas,Republic,20157,41489.0,4768.0,20.975472230053565,7.4008,0.0,12.5569,77.4236,0.2115,0.0,2.391,0.0163,2.0,1857983299.0,41.946308724832214,2.566223282290117e-06,0.2278,0,0.02716135868747126,0.14928687,0.14670883,0.023874019568205708,0.12283481162285723,test,Low,Low
904,Kansas,Graham,20065,45982.0,2577.0,25.450798557444614,7.8328,0.0,10.2408,79.38,0.3321,0.0,2.2142,0.0,0.0,2327173519.0,0.0,1.1073518923106997e-06,0.3321,0,0.02716135868747126,0.12322814,0.120558955,0.0,0.1205589547753334,test,Low,Low
905,Kansas,Johnson,20091,78186.0,572428.0,53.580746151839286,1.4878,0.0649,7.932,88.2267,1.9065,0.0,0.3025,0.0794,381.0,1226247743.0,66.55858902779039,0.0004668126838705219,2.0508,1,0.02716135868747126,0.9981729,0.99856406,0.03788226199605805,0.960681802506658,test,High,High
906,Kansas,Douglas,20045,52698.0,116352.0,49.70013512897985,2.5202,0.0524,6.3289,88.1994,2.2843,0.0,0.5471,0.0677,19.0,1180703878.0,16.32975797579758,9.854460730415252e-05,2.4044,1,0.02716135868747126,0.9943462,0.99472404,0.009294189961164791,0.9854298453018967,test,High,High
907,Kansas,Sheridan,20179,50822.0,2522.0,22.874058127018298,9.3228,0.0,13.3749,75.6305,0.1417,0.0,1.5302,0.0,0.0,2320518304.0,0.0,1.0868261610575083e-06,0.1417,0,0.02716135868747126,0.094868526,0.09210014,0.0,0.09210014343261719,train,Low,Low
908,Kansas,Miami,20121,63353.0,32787.0,24.703683442742523,5.6803,0.0147,9.6812,83.0917,0.8073,0.0,0.6894,0.0354,12.0,1490957045.0,36.59987190044835,2.1990573175768453e-05,0.8574,1,0.02716135868747126,0.9293623,0.92951286,0.020831059621411806,0.9086817987693963,train,High,High
909,Kansas,Wallace,20199,45804.0,1584.0,24.882186616399622,12.6984,0.0,12.7413,72.3724,0.2145,0.0,1.9734,0.0,0.0,2366348300.0,0.0,6.693858211827904e-07,0.2145,0,0.02716135868747126,0.08329054,0.08048166,0.0,0.08048166334629059,test,Low,Low
910,Kansas,Stevens,20189,54333.0,5738.0,16.483516483516482,8.6344,0.0,12.6357,77.434,0.2916,0.0,0.9882,0.0162,0.0,1883604186.0,0.0,3.0462875601190663e-06,0.3078,0,0.02716135868747126,0.037220184,0.034250155,0.0,0.034250155091285706,train,Low,Low
911,Kansas,Smith,20183,43913.0,3701.0,21.964479884015947,7.8128,0.0,10.7426,78.6979,0.1831,0.0,2.5636,0.0,0.0,2319241842.0,0.0,1.595780109248305e-06,0.1831,0,0.02716135868747126,0.061048776,0.058162093,0.0,0.05816209316253662,train,Low,Low
912,Kansas,Jackson,20085,54700.0,13365.0,20.432263814616753,6.439,0.0,8.2866,83.5637,0.4448,0.0,1.2522,0.0137,1.0,1699600369.0,7.482229704451926,7.863613260959465e-06,0.45849999999999996,0,0.02716135868747126,0.17177697,0.1692776,0.004258560617329024,0.1650190328761326,train,Low,Low
913,Kansas,Kingman,20095,56142.0,7697.0,23.474436503573394,7.8051,0.0,9.7113,79.9346,0.406,0.0,2.143,0.0,1.0,2236099556.0,12.992074834351046,3.442154433306457e-06,0.406,0,0.02716135868747126,0.17638694,0.17390369,0.007394525484033052,0.16650916330438095,test,Low,Low
914,Kansas,Nemaha,20131,50400.0,10177.0,21.781004593273074,6.2279,0.0,12.2251,79.6524,0.2471,0.0,1.6393,0.0082,2.0,1858124408.0,19.652156824211456,5.4770283174709795e-06,0.25529999999999997,0,0.02716135868747126,0.14764678,0.14506301,0.011185155281635531,0.13387785755672812,test,Low,Low
915,Kansas,Wyandotte,20209,40757.0,161777.0,16.273800963366465,1.5617,0.0117,7.3354,89.8615,0.727,0.0,0.4842,0.0185,12.0,392647716.0,7.417618079207798,0.0004120156399941977,0.7572,1,0.02716135868747126,0.65500724,0.6541981,0.004221786482672004,0.6499763236209352,train,High,High
916,Kansas,Cherokee,20021,41240.0,20737.0,18.47321805145508,3.8495,0.0,9.273,84.4307,0.8879,0.0,1.5388,0.0202,2.0,1521793562.0,9.644596614746588,1.3626684011428352e-05,0.9081,1,0.02716135868747126,0.37747794,0.3756981,0.005489286073260588,0.3702088035263488,test,High,Low
917,Kansas,Clay,20027,53041.0,8346.0,25.017265193370164,6.1303,0.0,10.6986,81.0313,0.3424,0.0,1.776,0.0214,4.0,1671328254.0,47.92715073088905,4.993633046067083e-06,0.36379999999999996,0,0.02716135868747126,0.29726487,0.29520443,0.027278055428038538,0.2679263753905192,train,Low,Low
918,Kansas,Lincoln,20105,49583.0,3134.0,19.211370930765703,9.4392,0.0,7.9929,79.5737,0.3299,0.0,2.6643,0.0,0.0,1863226676.0,0.0,1.6820283008872078e-06,0.3299,0,0.02716135868747126,0.06324703,0.060368042,0.0,0.060368042439222336,train,Low,Low
919,Kansas,Sumner,20191,50950.0,23509.0,19.431399923848204,5.8364,0.0041,8.8021,83.2301,0.4667,0.0,1.6522,0.0083,1.0,3060391075.0,4.253690076141052,7.681697999985181e-06,0.47909999999999997,0,0.02716135868747126,0.2930369,0.29096168,0.002421015893938594,0.28854066690253966,train,Low,Low
920,Kansas,Trego,20195,54630.0,2927.0,25.84373555247342,6.7534,0.0,10.8554,79.94,0.3752,0.0,2.076,0.0,0.0,2303731641.0,0.0,1.2705472928823656e-06,0.3752,0,0.02716135868747126,0.08071977,0.0779019,0.0,0.07790189981460571,train,Low,Low
921,Kansas,Wilson,20205,43594.0,8956.0,15.278224509488581,5.6779,0.0098,8.37,83.7004,0.4895,0.0,1.7425,0.0098,0.0,1477377648.0,0.0,6.062092527340038e-06,0.5091,0,0.02716135868747126,0.047266286,0.044331394,0.0,0.044331394135951996,test,Low,Low
922,Kansas,Mitchell,20123,49755.0,6299.0,25.713617220402433,7.209,0.0,12.6528,78.2496,0.3456,0.0,1.5307,0.0123,1.0,1817632928.0,15.875535799333228,3.4654961972607927e-06,0.3579,0,0.02716135868747126,0.1649816,0.16245846,0.009035666399524116,0.15342279810376416,train,Low,Low
923,Kansas,Ness,20135,47298.0,3047.0,20.14519056261343,9.9413,0.021,11.0948,76.2164,0.1678,0.0,2.5587,0.0,0.0,2783557953.0,0.0,1.094642199461331e-06,0.1888,0,0.02716135868747126,0.071423896,0.06857351,0.0,0.06857351213693619,train,Low,Low
924,Kansas,Atchison,20005,46103.0,16557.0,19.9065511535092,4.7604,0.0,9.1605,84.6061,0.5121,0.0,0.9546,0.0063,2.0,1116729915.0,12.07948299812768,1.4826324411664033e-05,0.5184,0,0.02716135868747126,0.5045171,0.5031816,0.006875117793151224,0.4963064589356696,test,Low,High
925,Kansas,Bourbon,20011,41529.0,14751.0,21.731855260405773,5.6709,0.0,7.9461,84.424,0.763,0.0,1.196,0.0,3.0,1645861840.0,20.337604230221682,8.962477676741081e-06,0.763,1,0.02716135868747126,0.36723068,0.36541498,0.011575282214887617,0.3538396948587818,train,High,Low
926,Kansas,Hamilton,20075,48523.0,2567.0,16.28352490421456,8.0906,0.0,9.7087,79.8764,0.1765,0.0,2.1477,0.0,0.0,2580958344.0,0.0,9.94591798030197e-07,0.1765,0,0.02716135868747126,0.0746678,0.07182875,0.0,0.07182875275611877,test,Low,Low
927,Kansas,Leavenworth,20103,66046.0,78785.0,30.055200738521826,3.6656,0.0166,8.4347,86.2136,1.0026,0.0,0.6202,0.0467,11.0,1199524172.0,13.962048613314716,6.568021040262956e-05,1.0658999999999998,1,0.02716135868747126,0.9891171,0.9894766,0.007946592487867315,0.9815300286631031,test,High,High
928,Kansas,Shawnee,20177,52088.0,178567.0,29.250849126672172,2.0985,0.0221,8.3404,87.7106,0.9973,0.0,0.7604,0.0707,24.0,1408921302.0,13.440333320266344,0.00012674022299650063,1.0900999999999998,1,0.02716135868747126,0.9931498,0.9935235,0.007649654771679302,0.9858738237363163,test,High,High
929,Kansas,Wichita,20203,57596.0,2168.0,18.271257905832748,9.6154,0.0,11.6124,77.2189,0.1109,0.0,1.4423,0.0,0.0,1861078209.0,0.0,1.1649161166445102e-06,0.1109,0,0.02716135868747126,0.05691018,0.05400902,0.0,0.05400902032852173,test,Low,Low
930,Kansas,Chautauqua,20019,37927.0,3470.0,18.282548476454295,9.2442,0.0,8.8091,79.4454,0.3806,0.0,2.1207,0.0,0.0,1654693850.0,0.0,2.0970646624449593e-06,0.3806,0,0.02716135868747126,0.05719921,0.054299064,0.0,0.054299063980579376,test,Low,Low
931,Kansas,Norton,20137,47651.0,5558.0,13.794808405438813,7.8456,0.0,12.0486,78.3624,0.2646,0.0,1.4788,0.0,0.0,2274122701.0,0.0,2.4440194003410547e-06,0.2646,0,0.02716135868747126,0.03914943,0.036186147,0.0,0.03618614748120308,train,Low,Low
932,Kansas,Reno,20155,46000.0,63803.0,19.18856615952052,4.0171,0.005,8.5375,85.7463,0.5987,0.0,1.0837,0.0117,7.0,3251332269.0,10.971270943372568,1.962364800679804e-05,0.6154000000000001,1,0.02716135868747126,0.7562653,0.7558104,0.006244371558613495,0.7495660084233812,train,High,High
933,Kansas,Cloud,20029,40947.0,9302.0,20.247867374859165,6.2576,0.0102,10.6634,80.9524,0.3867,0.0,1.7298,0.0,3.0,1852726620.0,32.25112878950763,5.020708343900191e-06,0.3969,0,0.02716135868747126,0.19224721,0.18981944,0.018355943662847474,0.17146349658278087,train,Low,Low
934,Kansas,Edwards,20047,48684.0,2975.0,18.225419664268586,7.6051,0.0,10.753,79.4258,0.3526,0.0,1.8635,0.0,0.0,1610699246.0,0.0,1.8470238980915248e-06,0.3526,0,0.02716135868747126,0.05827078,0.05537438,0.0,0.0553743802011013,test,Low,Low
935,Kansas,Haskell,20081,55453.0,4087.0,17.661290322580644,9.9042,0.0,13.9965,74.5973,0.3483,0.0,1.1537,0.0,0.0,1495773052.0,0.0,2.7323663804046123e-06,0.3483,0,0.02716135868747126,0.046258137,0.04331972,0.0,0.04331972077488899,train,Low,Low
936,Kansas,Rush,20165,40395.0,3144.0,23.733217843222175,6.643,0.0,9.4799,81.3948,0.3073,0.0,2.1749,0.0,0.0,1858997545.0,0.0,1.6912340785259079e-06,0.3073,0,0.02716135868747126,0.095708646,0.09294321,0.0,0.0929432064294815,train,Low,Low
937,Kansas,Scott,20171,61886.0,4958.0,26.331628046945532,7.2943,0.0,13.9241,77.1044,0.2057,0.0,1.4715,0.0,1.0,1858536844.0,20.169423154497782,2.667689917477902e-06,0.2057,0,0.02716135868747126,0.1770265,0.17454548,0.011479560841186448,0.16306592095984657,train,Low,Low
938,Kansas,Neosho,20133,43867.0,16358.0,18.877881677622444,4.9466,0.0,10.4237,82.9149,0.5058,0.0,1.2027,0.0062,1.0,1480106507.0,6.113216774666829,1.1051907361150463e-05,0.512,0,0.02716135868747126,0.30955487,0.30753744,0.0034793778365694093,0.3040580586487211,train,Low,Low
939,Kansas,Ottawa,20143,52241.0,6004.0,21.48219907968031,6.4394,0.0,9.2031,81.9024,0.477,0.0,1.9641,0.014,0.0,1866689484.0,0.0,3.216389255664763e-06,0.491,0,0.02716135868747126,0.035935655,0.032961134,0.0,0.03296113386750221,train,Low,Low
940,Kansas,Phillips,20147,45940.0,5484.0,22.336227308603,9.9023,0.0144,11.2676,77.2061,0.1725,0.0,1.4228,0.0144,0.0,2294398020.0,0.0,2.3901694266629467e-06,0.20129999999999998,0,0.02716135868747126,0.060252782,0.057363316,0.0,0.05736331641674042,train,Low,Low
941,Kansas,Barber,20007,49455.0,4831.0,18.696549690356825,9.9627,0.0169,11.7587,76.347,0.305,0.0,1.6096,0.0,0.0,2937251506.0,0.0,1.6447348788932752e-06,0.32189999999999996,0,0.02716135868747126,0.05807164,0.055174544,0.0,0.05517454445362091,train,Low,Low
942,Kansas,Decatur,20039,41362.0,2886.0,26.165205353022614,9.5083,0.0251,10.0853,78.1485,0.2007,0.0,2.0321,0.0,0.0,2314199312.0,0.0,1.2470835960563106e-06,0.2258,0,0.02716135868747126,0.078468874,0.07564313,0.0,0.0756431296467781,train,Low,Low
943,Kansas,Jefferson,20087,56777.0,18880.0,20.569692366122293,6.4988,0.0089,7.9048,83.7752,0.6874,0.0,1.098,0.0268,0.0,1379361374.0,0.0,1.3687493615433079e-05,0.7231000000000001,1,0.02716135868747126,0.5102493,0.50893384,0.0,0.5089338421821594,train,High,High
944,Kansas,Sherman,20181,47036.0,6038.0,19.022265246853824,7.0856,0.0,12.2549,78.5799,0.3565,0.0,1.7231,0.0,3.0,2735193305.0,49.68532626697582,2.207522221176247e-06,0.3565,0,0.02716135868747126,0.18220846,0.17974558,0.028278732684963104,0.1514668520413705,train,Low,Low
945,Kansas,Thomas,20193,52074.0,7909.0,28.378913991280225,7.861,0.0,12.5264,77.7864,0.4899,0.0,1.3362,0.0,3.0,2783425157.0,37.931470476672146,2.8414631448270696e-06,0.4899,0,0.02716135868747126,0.38305846,0.38129812,0.021588947774915566,0.3597091770152761,train,Low,Low
946,Kansas,Morris,20127,48551.0,5694.0,16.81544028950543,7.3987,0.0147,8.2355,82.017,0.5725,0.0,1.7469,0.0147,0.0,1800762648.0,0.0,3.161993617717464e-06,0.6019000000000001,1,0.02716135868747126,0.047245894,0.04431093,0.0,0.044310931116342545,test,High,Low
947,Kansas,Rooks,20163,46750.0,5160.0,24.262475875379103,8.3384,0.0151,9.8214,79.7064,0.3178,0.0,1.7857,0.0151,0.0,2306481663.0,0.0,2.2371736497087425e-06,0.34800000000000003,0,0.02716135868747126,0.06646423,0.063596494,0.0,0.06359649449586868,train,Low,Low
948,Kansas,Clark,20025,42976.0,2131.0,28.754208754208754,9.9485,0.0396,10.3448,77.0115,0.3964,0.0,2.2196,0.0396,0.0,2524286233.0,0.0,8.44199034222598e-07,0.4756,0,0.02716135868747126,0.15384775,0.15128568,0.0,0.15128567814826965,test,Low,Low
949,Kansas,Harper,20077,46886.0,5798.0,19.683872561126204,6.9927,0.0,10.4962,79.4938,0.3289,0.0,2.6741,0.0143,1.0,2075276144.0,17.247326664367023,2.793845058530196e-06,0.3432,0,0.02716135868747126,0.06588408,0.06301432,0.009816430260538531,0.05319789076864772,train,Low,Low
950,Kansas,Lyon,20111,40611.0,33401.0,26.671333566678335,4.0607,0.0033,8.6896,85.373,0.7533,0.0,1.1069,0.0132,6.0,2194958186.0,17.963534025927366,1.5217146373466269e-05,0.7697999999999999,1,0.02716135868747126,0.827194,0.82698715,0.010224064426322997,0.8167630829049148,train,High,High
951,Kansas,Pawnee,20145,46227.0,6840.0,22.3673792557403,5.2879,0.0,10.2159,82.2121,0.3911,0.0,1.893,0.0,1.0,1953531683.0,14.619883040935672,3.5013509427684056e-06,0.3911,0,0.02716135868747126,0.1378945,0.13527662,0.00832100331149158,0.12695561230816785,train,Low,Low
952,Kansas,Comanche,20033,43542.0,1898.0,20.089619118745333,12.981,0.0,10.4863,74.4186,0.1691,0.0,1.945,0.0,0.0,2041681126.0,0.0,9.296260693355697e-07,0.1691,0,0.02716135868747126,0.08136875,0.07855315,0.0,0.07855314761400223,train,Low,Low
953,Kansas,Gove,20063,46681.0,2682.0,22.439526505404015,10.6969,0.0,11.1598,75.9747,0.4873,0.0,1.6813,0.0,0.0,2775599149.0,0.0,9.662778578694541e-07,0.4873,0,0.02716135868747126,0.10181966,0.099075586,0.0,0.09907558560371399,train,Low,Low
954,Kansas,Harvey,20079,52463.0,34814.0,27.678649142658195,3.8497,0.0089,8.6455,85.5473,0.836,0.0,1.0829,0.0298,1.0,1397961197.0,2.872407652093985,2.4903409389838736e-05,0.8747,1,0.02716135868747126,0.92441565,0.92454886,0.0016348498492159017,0.9229140145154081,test,High,High
955,Kansas,Gray,20069,59629.0,6037.0,19.187898089171977,9.5182,0.0,13.1912,75.5924,0.4213,0.0,1.277,0.0,0.0,2250356168.0,0.0,2.682686450192181e-06,0.4213,0,0.02716135868747126,0.04423964,0.041294165,0.0,0.041294164955616,train,Low,Low
956,Kansas,Chase,20017,41889.0,2694.0,24.266247379454928,8.3038,0.0,8.3038,81.2359,0.3862,0.0,1.7702,0.0,1.0,2002208725.0,37.11952487008166,1.3455140647236965e-06,0.3862,0,0.02716135868747126,0.26723504,0.26506957,0.02112682355256214,0.24394275056509837,train,Low,Low
957,Kansas,Grant,20067,54919.0,7748.0,15.185264510601842,6.1053,0.025,14.0623,78.6063,0.3628,0.0,0.8257,0.0125,0.0,1488724887.0,0.0,5.204453870327486e-06,0.40030000000000004,0,0.02716135868747126,0.041457877,0.03850267,0.0,0.03850267082452774,train,Low,Low
958,Kansas,Logan,20109,48205.0,2800.0,18.338557993730408,9.687,0.0,12.5885,75.851,0.2742,0.0,1.5993,0.0,3.0,2779042518.0,107.14285714285715,1.007541259935484e-06,0.2742,0,0.02716135868747126,0.27151838,0.2693679,0.06098106712564544,0.2083868363453476,train,Low,Low
959,Kansas,Pottawatomie,20149,62500.0,22920.0,31.995277449822908,4.9217,0.0039,9.7537,83.5408,0.7221,0.0,1.046,0.0117,3.0,2178231531.0,13.089005235602096,1.0522297411367332e-05,0.7377,1,0.02716135868747126,0.9406741,0.94086426,0.007449694064214976,0.9334145709008423,train,High,High
960,Kansas,Butler,20015,60338.0,66264.0,28.60522287675681,5.338,0.0092,9.4723,83.5854,0.6893,0.0,0.8904,0.0154,3.0,3703338016.0,4.527345164795364,1.7893046682131433e-05,0.7139,1,0.02716135868747126,0.9331989,0.9333629,0.0025767685010232894,0.9307861327097616,train,High,High
961,Kansas,Saline,20169,48497.0,55547.0,23.76939649295045,2.9839,0.0166,8.9665,85.9315,0.8547,0.0,1.1876,0.0592,17.0,1865381415.0,30.604713125821377,2.977782428479915e-05,0.9305,1,0.02716135868747126,0.951676,0.9519046,0.017418875277877128,0.9344857196203468,train,High,High
962,Kansas,Wabaunsee,20197,57791.0,6960.0,23.730591691145612,6.4477,0.0,9.2761,82.7614,0.3083,0.0,1.1662,0.0402,1.0,2057225109.0,14.367816091954023,3.383198061092691e-06,0.34850000000000003,0,0.02716135868747126,0.14708559,0.14449985,0.008177537737155518,0.13632231551620905,train,Low,Low
963,Kansas,Woodson,20207,35321.0,3186.0,13.728013728013726,8.3483,0.0,10.0896,80.0256,0.1536,0.0,1.3572,0.0256,0.0,1289347405.0,0.0,2.4710174989649123e-06,0.1792,0,0.02716135868747126,0.040198185,0.03723857,0.0,0.03723857179284096,train,Low,Low
964,Kansas,Osborne,20141,41432.0,3746.0,20.986281053021877,7.8706,0.0195,9.9162,79.3298,0.1169,0.0,2.7274,0.0195,0.0,2311575395.0,0.0,1.6205398310185769e-06,0.15589999999999998,0,0.02716135868747126,0.041634433,0.038679842,0.0,0.03867984190583229,train,Low,Low
965,Kansas,Finney,20055,50712.0,36983.0,18.542585286609423,4.0572,0.0141,10.033,84.5498,0.3611,0.0,0.979,0.0056,1.0,3372066552.0,2.7039450558364657,1.096745850940133e-05,0.38079999999999997,0,0.02716135868747126,0.3202632,0.31828323,0.0015389682462375257,0.31674426182006193,train,Low,Low
966,Kansas,Kiowa,20097,44896.0,2520.0,27.328058429701763,8.6272,0.0,12.7204,76.3224,0.4093,0.0,1.8892,0.0315,1.0,1871627772.0,39.682539682539684,1.3464215682732452e-06,0.44079999999999997,0,0.02716135868747126,0.35821965,0.35637245,0.022585580416905716,0.33378686540485636,train,Low,Low
967,Kansas,Washington,20201,47045.0,5613.0,18.425715008858518,8.3631,0.0,10.9638,78.7226,0.2295,0.0,1.7211,0.0,0.0,2317419409.0,0.0,2.422090700630703e-06,0.2295,0,0.02716135868747126,0.044901174,0.04195801,0.0,0.04195801168680191,train,Low,Low
968,Kansas,Morton,20129,44100.0,3033.0,14.31503335043612,7.579,0.0268,12.105,78.602,0.3749,0.0,1.3123,0.0,0.0,1889993251.0,0.0,1.6047676352258043e-06,0.4017,0,0.02716135868747126,0.045789126,0.042849068,0.0,0.042849067598581314,train,Low,Low
969,Kansas,Barton,20009,44449.0,27214.0,16.702426142927877,5.6848,0.0,11.6003,81.1586,0.3386,0.0,1.1961,0.0216,2.0,2319076869.0,7.349158521349305,1.1734841722488847e-05,0.3602,0,0.02716135868747126,0.34819523,0.34631294,0.004182822271669171,0.34213011784902786,train,Low,Low
970,Kansas,Doniphan,20043,49375.0,7793.0,16.87984496124031,6.8715,0.0121,9.7871,82.0227,0.3387,0.0,0.9557,0.0121,0.0,1018914915.0,0.0,7.648332441968424e-06,0.3629,0,0.02716135868747126,0.091559514,0.08877956,0.0,0.08877956122159958,train,Low,Low
971,Kansas,Lane,20101,58077.0,1687.0,21.263877028181042,10.6901,0.0,10.2513,76.3861,0.1197,0.0,2.5529,0.0,0.0,1858093492.0,0.0,9.079198690826694e-07,0.1197,0,0.02716135868747126,0.05752847,0.054629475,0.0,0.05462947487831116,train,Low,Low
972,Kansas,Marion,20115,47926.0,12213.0,22.750505170569358,6.4684,0.0,9.2044,82.1903,0.3898,0.0,1.7326,0.0144,1.0,2445701271.0,8.187996397281585,4.9936597510154375e-06,0.4042,0,0.02716135868747126,0.36921617,0.3674074,0.004660252407320266,0.36274715892957854,test,Low,Low
973,Kansas,Brown,20013,44672.0,9810.0,20.074906367041198,6.4286,0.0092,10.1286,82.0923,0.4532,0.0,0.888,0.0,1.0,1478552720.0,10.193679918450561,6.634866560591766e-06,0.4624,0,0.02716135868747126,0.18947844,0.18704098,0.005801800474067524,0.18123918415651719,train,Low,Low
974,Kansas,Riley,20161,46609.0,75026.0,46.02287985391267,2.8998,0.0339,9.4401,85.4943,1.4251,0.0,0.6527,0.0542,11.0,1579325910.0,14.661583984218804,4.7505077656833987e-05,1.5132,1,0.02716135868747126,0.99284726,0.99321985,0.008344737679692727,0.9848751147678171,train,High,High
975,Kansas,Dickinson,20041,48093.0,19384.0,19.476722392982982,5.4854,0.0,9.1053,83.126,0.5894,0.0,1.6846,0.0093,4.0,2193892430.0,20.63557573256294,8.835437752068819e-06,0.5987,1,0.02716135868747126,0.47704363,0.47561204,0.011744874669955099,0.4638671696644565,train,High,Low
976,Kansas,Stanton,20187,44567.0,2115.0,24.80565371024735,8.0283,0.0,12.318,77.2924,0.7477,0.0,1.6135,0.0,0.0,1762104518.0,0.0,1.20026932477339e-06,0.7477,1,0.02716135868747126,0.17395812,0.17146638,0.0,0.1714663803577423,train,High,Low
977,Kansas,Meade,20119,52960.0,4310.0,21.992145662263475,8.011,0.0,10.734,78.749,0.513,0.0,1.9732,0.0197,0.0,2533234890.0,0.0,1.7013819038312707e-06,0.5327000000000001,0,0.02716135868747126,0.06840305,0.065542094,0.0,0.06554209440946579,train,Low,Low
978,Kansas,Montgomery,20125,42646.0,33765.0,17.58964847200141,4.5886,0.0065,8.312,85.1421,0.6384,0.0,1.2962,0.0162,1.0,1666728645.0,2.9616466755516067,2.025824665658158e-05,0.6610999999999999,1,0.02716135868747126,0.56076074,0.559622,0.0016856408307597335,0.5579363488962605,train,High,High
979,Kansas,Pratt,20151,48995.0,9729.0,25.458280657395704,6.0289,0.0,11.8542,79.8682,0.5137,0.0,1.7253,0.0097,1.0,1903738841.0,10.278548668927948,5.110469876681998e-06,0.5234000000000001,0,0.02716135868747126,0.21881822,0.2164834,0.0058501040857850154,0.21063329518618001,train,Low,Low
980,Kansas,Rawlins,20153,49327.0,2557.0,23.86961093585699,9.4575,0.0,10.6137,77.8832,0.1482,0.0,1.8974,0.0,0.0,2769775731.0,0.0,9.23179437014137e-07,0.1482,0,0.02716135868747126,0.101122536,0.09837603,0.0,0.09837602823972702,test,Low,Low
981,Kansas,Anderson,20003,42146.0,7858.0,19.171177898077282,6.4663,0.0,9.2821,82.5376,0.5008,0.0,1.1909,0.0223,0.0,1501277203.0,0.0,5.234209900941259e-06,0.5231,0,0.02716135868747126,0.059643585,0.05675199,0.0,0.05675198882818222,train,Low,Low
982,Kansas,Ellsworth,20053,49134.0,6375.0,19.69337076225437,6.1266,0.0,10.408,81.1734,0.519,0.0,1.7587,0.0144,0.0,1854030766.0,0.0,3.438454267807981e-06,0.5334,0,0.02716135868747126,0.054318763,0.05140854,0.0,0.051408540457487106,train,Low,Low
983,Kansas,Geary,20061,45243.0,36818.0,20.4381049414162,2.5482,0.0057,9.7941,86.1927,0.7269,0.0,0.7071,0.0255,0.0,996162685.0,0.0,3.695982649661285e-05,0.7581,1,0.02716135868747126,0.7887515,0.7884102,0.0,0.7884101867675781,train,High,High
984,Kansas,Ford,20057,49688.0,34492.0,17.804841970317046,3.7285,0.0067,9.4244,85.3357,0.4994,0.0,0.9987,0.0067,1.0,2844508243.0,2.8992230082337933,1.2125821777764488e-05,0.5128,0,0.02716135868747126,0.4017745,0.4000796,0.0016501119868549926,0.398429495976707,train,Low,Low
985,Kansas,Russell,20167,42656.0,6988.0,24.239391513210567,6.2827,0.0122,10.0741,81.3465,0.3767,0.0,1.9079,0.0,1.0,2295402916.0,14.310246136233541,3.0443457012668534e-06,0.38889999999999997,0,0.02716135868747126,0.12992273,0.12727697,0.008144771415369548,0.11913220052085634,train,Low,Low
986,Kansas,Marshall,20117,47532.0,9963.0,17.882486517172865,5.9831,0.0,10.9449,81.0213,0.2493,0.0,1.8014,0.0,1.0,2331449973.0,10.037137408411121,4.273306361011076e-06,0.2493,0,0.02716135868747126,0.14456369,0.14196913,0.005712703267148691,0.13625642617601996,train,Low,Low
987,Kansas,Allen,20001,40911.0,12951.0,18.321566841266225,4.6856,0.0074,10.8015,82.5834,0.4097,0.0,1.5048,0.0074,2.0,1295778917.0,15.4428229480349,9.994760549109937e-06,0.42450000000000004,0,0.02716135868747126,0.2382927,0.23602599,0.008789385012833356,0.2272366040428002,train,Low,Low
988,Kansas,Cheyenne,20023,46058.0,2679.0,24.56326098464796,10.1415,0.0,11.2159,76.6247,0.3145,0.0,1.7034,0.0,1.0,2641501925.0,37.32736095558044,1.014195740175355e-06,0.3145,0,0.02716135868747126,0.3565951,0.3547422,0.02124511483785084,0.3334970843446595,train,Low,Low
989,Kansas,Cowley,20035,44960.0,35977.0,19.36723453311131,5.0443,0.0119,8.5289,84.6355,0.4694,0.0,1.3101,0.0,1.0,2915656996.0,2.779553603691247,1.233924293884945e-05,0.4813,0,0.02716135868747126,0.4119815,0.4103223,0.0015820013522695724,0.4087403071880747,train,Low,Low
990,Kansas,Elk,20049,37393.0,2635.0,16.78115799803729,10.7229,0.0,7.7887,79.2211,0.3468,0.0,1.9205,0.0,0.0,1668637016.0,0.0,1.5791331336497211e-06,0.3468,0,0.02716135868747126,0.044221308,0.041275766,0.0,0.041275765746831894,train,Low,Low
991,Kansas,Franklin,20059,51465.0,25663.0,19.918627277551742,5.314,0.0,8.1664,84.573,0.6998,0.0,1.2326,0.0142,0.0,1480858186.0,0.0,1.732981607733774e-05,0.714,1,0.02716135868747126,0.444829,0.44328472,0.0,0.4432847201824188,train,High,Low
992,Kansas,Hodgeman,20083,56250.0,1919.0,25.722543352601157,7.164,0.0,10.7459,79.5052,0.2585,0.0,2.3264,0.0,0.0,2227369160.0,0.0,8.615545345882404e-07,0.2585,0,0.02716135868747126,0.1158724,0.113177486,0.0,0.11317748576402664,train,Low,Low
993,Kentucky,Greenup,21089,46771.0,36255.0,16.80361384789127,3.3341,0.003,8.862,86.6124,0.5852,0.0,0.5942,0.009,0.0,892125673.0,0.0,4.063889326050143e-05,0.5972000000000001,1,-0.024252814814634146,0.71858925,0.71800256,0.0,0.7180025577545166,train,High,High
994,Kentucky,Fleming,21069,36063.0,14543.0,12.692268513802588,5.7162,0.0329,8.6928,84.702,0.3688,0.0,0.4873,0.0,0.0,902721336.0,0.0,1.611017644098311e-05,0.4017,0,-0.024252814814634146,0.08200721,0.07919384,0.0,0.0791938379406929,test,Low,Low
995,Kentucky,Carter,21043,37367.0,27292.0,13.13686042085803,4.0574,0.0,8.4407,86.6926,0.2847,0.0,0.5095,0.015,1.0,1060590187.0,3.664077385314378,2.573284227454388e-05,0.2997,0,-0.024252814814634146,0.18141921,0.17895357,0.0020854339238825445,0.17686813918383687,train,Low,Low
996,Kentucky,Elliott,21063,27969.0,7661.0,8.795885795353787,3.843,0.0,8.6221,86.8616,0.2956,0.0,0.3777,0.0,0.0,606876137.0,0.0,1.2623663269857651e-05,0.2956,0,-0.024252814814634146,0.017389022,0.014349627,0.0,0.014349627308547497,train,Low,Low
997,Kentucky,Jefferson,21111,50099.0,759724.0,31.842398211185476,1.5418,0.0271,6.5888,90.2563,1.1137,0.0,0.4296,0.0427,98.0,985427632.0,12.899421368812886,0.000770958693798836,1.1834999999999998,1,-0.024252814814634146,0.9961229,0.9965069,0.007341791150153262,0.9891651382474298,train,High,High
998,Kentucky,Larue,21123,41050.0,14127.0,10.742049469964664,4.952,0.0135,7.526,86.2789,0.3513,0.0,0.8647,0.0135,0.0,677366038.0,0.0,2.0855784328531687e-05,0.3783,0,-0.024252814814634146,0.09561616,0.092850395,0.0,0.09285039454698563,test,Low,Low
999,Kentucky,Mason,21161,38613.0,17229.0,15.84402344745561,3.7729,0.006,9.0838,86.1039,0.5107,0.0,0.5227,0.0,1.0,621927922.0,5.8041673921875905,2.7702567115164833e-05,0.5167,0,-0.024252814814634146,0.3578247,0.3559761,0.003303480332613756,0.3526726244037144,train,Low,Low
1000,Kentucky,Garrard,21079,46373.0,17051.0,15.465116279069768,5.3814,0.0063,7.3296,85.9373,0.679,0.0,0.6473,0.019,1.0,595898801.0,5.864758665180928,2.8613918959706046e-05,0.7043,1,-0.024252814814634146,0.4825995,0.48118734,0.0033379662571463497,0.4778493773402658,train,High,Low
1001,Kentucky,Campbell,21037,56772.0,91456.0,30.58873029743988,2.2583,0.0201,6.8151,89.3202,1.1151,0.0,0.4337,0.0375,12.0,391914321.0,13.12106368089573,0.00023335712705430838,1.1727,1,-0.024252814814634146,0.9921029,0.99247295,0.007467940340789328,0.98500500630304,train,High,High
1002,Kentucky,Grant,21081,44191.0,24705.0,12.3510773130545,5.1064,0.0043,7.4144,86.306,0.657,0.0,0.5034,0.0085,1.0,668126450.0,4.0477636106051404,3.697653340920719e-05,0.6698,1,-0.024252814814634146,0.43273866,0.4311521,0.0023038114815058654,0.428848293849915,train,High,Low
1003,Kentucky,Logan,21141,39027.0,26757.0,13.359679455513476,4.3186,0.0,8.4141,86.3239,0.4205,0.0,0.5119,0.011,0.0,1430014646.0,0.0,1.8710997173940834e-05,0.4315,0,-0.024252814814634146,0.14461327,0.14201888,0.0,0.1420188844203949,train,Low,Low
1004,Kentucky,Mercer,21167,46130.0,21411.0,18.543974376084346,5.4444,0.0045,7.5933,85.969,0.5372,0.0,0.4469,0.0045,1.0,644472908.0,4.670496473775162,3.3222498159689906e-05,0.5461999999999999,0,-0.024252814814634146,0.68319684,0.68248636,0.0026582440171221524,0.6798281112875959,train,Low,High
1005,Kentucky,Union,21225,41255.0,15065.0,12.154241645244216,5.933,0.0,10.7512,82.5079,0.3367,0.0,0.4713,0.0,1.0,887974689.0,6.637902422834384,1.6965573666255705e-05,0.3367,0,-0.024252814814634146,0.12959328,0.12694636,0.0037780061500565817,0.12316835372276141,test,Low,Low
1006,Kentucky,Calloway,21035,36692.0,38302.0,28.5904598195101,3.6273,0.0303,9.6268,85.1846,0.9792,0.0,0.5451,0.0067,3.0,997205946.0,7.832489165056655,3.840931770777869e-05,1.0162,1,-0.024252814814634146,0.90050465,0.90055424,0.004457913110328631,0.8960963266395798,train,High,High
1007,Kentucky,Daviess,21059,46675.0,98724.0,21.234619960542762,2.4304,0.0078,8.7985,87.5648,0.6879,0.0,0.4983,0.0123,6.0,1187163562.0,6.077549532028686,8.315956045153617e-05,0.708,1,-0.024252814814634146,0.86821383,0.8681505,0.003459077589072712,0.8646913950519185,train,High,High
1008,Kentucky,Henderson,21101,41630.0,46362.0,17.434148783082023,2.9419,0.0076,9.4722,86.5985,0.6006,0.0,0.3716,0.0076,1.0,1130483401.0,2.1569388723523573,4.1010774646482406e-05,0.6158000000000001,1,-0.024252814814634146,0.6906558,0.6899714,0.0012276360521677754,0.6887437513341542,test,High,High
1009,Kentucky,Jackson,21109,30884.0,13357.0,11.193788417987706,3.4069,0.0,7.149,88.5944,0.2885,0.0,0.5613,0.0,0.0,894055728.0,0.0,1.4939784603672938e-05,0.2885,0,-0.024252814814634146,0.013099893,0.010045495,0.0,0.010045494884252548,train,Low,Low
1010,Kentucky,Meade,21163,50034.0,28751.0,15.326291570801088,4.1065,0.0,8.9859,85.737,0.4698,0.0,0.663,0.0379,1.0,791044349.0,3.4781398907864074,3.634562339816424e-05,0.5077,0,-0.024252814814634146,0.5097095,0.50839216,0.0019796063667560228,0.5064125488036847,train,Low,High
1011,Kentucky,Oldham,21185,86324.0,63876.0,39.79401412609548,3.2429,0.0204,7.6317,87.1285,1.2886,0.0,0.6026,0.0853,1.0,484931825.0,1.5655332206149415,0.0001317216084962046,1.3942999999999999,1,-0.024252814814634146,0.9885543,0.98891187,0.0008910336065283113,0.9880208335351953,train,High,High
1012,Kentucky,Rockcastle,21203,33500.0,16893.0,9.722691917483935,3.7367,0.0,7.0312,88.354,0.3986,0.0,0.4733,0.0062,1.0,819848737.0,5.91961167347422,2.0605020460012004e-05,0.4048,0,-0.024252814814634146,0.060027685,0.057137433,0.003369186210300267,0.05376824722919291,train,Low,Low
1013,Kentucky,Allen,21003,41166.0,20421.0,13.63274752296232,4.8575,0.0,7.7754,86.1669,0.5062,0.0,0.6826,0.0114,0.0,891830441.0,0.0,2.2897850377367865e-05,0.5176,0,-0.024252814814634146,0.2541318,0.2519205,0.0,0.2519204914569855,test,Low,Low
1014,Kentucky,Bullitt,21029,58702.0,77727.0,14.187229233377282,3.2163,0.0051,7.5446,88.05,0.5528,0.0,0.6042,0.027,8.0,769289863.0,10.292433774621431,0.0001010373381197147,0.5849,1,-0.024252814814634146,0.7973462,0.7970349,0.005858006885700197,0.7911769123762322,train,High,High
1015,Kentucky,Fulton,21075,26841.0,6323.0,13.432499436556231,3.0984,0.0,10.1629,85.7295,0.4603,0.0,0.5489,0.0,0.0,533358346.0,0.0,1.1855069012082169e-05,0.4603,0,-0.024252814814634146,0.016267385,0.013224066,0.0,0.013224066235125065,train,Low,Low
1016,Kentucky,Knott,21119,28165.0,15884.0,12.91120681755704,3.7022,0.0081,8.809,86.8312,0.2436,0.0,0.4059,0.0,0.0,910427521.0,0.0,1.7446748514975966e-05,0.25170000000000003,0,-0.024252814814634146,0.019480083,0.016448002,0.0,0.0164480023086071,train,Low,Low
1017,Kentucky,Muhlenberg,21177,40445.0,31216.0,12.134509677121345,3.3628,0.0034,8.752,86.8466,0.4804,0.0,0.5345,0.0203,3.0,1209734539.0,9.610456176319836,2.5804008229610446e-05,0.5041,0,-0.024252814814634146,0.2119994,0.20964073,0.005469854816498181,0.20417087163060724,test,Low,Low
1018,Kentucky,Wolfe,21237,21797.0,7221.0,11.81745715424472,5.016,0.0,7.8166,86.0666,0.3065,0.0,0.7942,0.0,1.0,575419340.0,13.848497438027975,1.2549108968078828e-05,0.3065,0,-0.024252814814634146,0.017051734,0.014011159,0.007881964084005318,0.006129194523894824,train,Low,Low
1019,Kentucky,Bell,21013,22603.0,27676.0,9.548074943380689,2.638,0.0,7.6492,89.0014,0.322,0.0,0.3843,0.0052,0.0,929806778.0,0.0,2.9765323995089225e-05,0.3272,0,-0.024252814814634146,0.010843328,0.007781037,0.0,0.007781037129461765,train,Low,Low
1020,Kentucky,Cumberland,21057,33268.0,6780.0,14.208106978687841,4.8545,0.0,7.9721,86.0897,0.193,0.0,0.8907,0.0,0.0,790416910.0,0.0,8.577751708272537e-06,0.193,0,-0.024252814814634146,0.056229565,0.053326026,0.0,0.05332602560520172,test,Low,Low
1021,Kentucky,Lee,21129,21185.0,6896.0,7.617896009673519,3.8111,0.0,6.8327,88.1263,0.2885,0.0,0.9262,0.0152,0.0,540937712.0,0.0,1.2748233016521503e-05,0.30369999999999997,0,-0.024252814814634146,0.01418445,0.011133846,0.0,0.011133845895528793,train,Low,Low
1022,Kentucky,Edmonson,21061,41689.0,12086.0,11.902268760907504,4.1711,0.0106,7.4105,87.1692,0.3599,0.0,0.8575,0.0212,0.0,784468319.0,0.0,1.5406613252918375e-05,0.3917,0,-0.024252814814634146,0.10283737,0.10009686,0.0,0.10009685903787613,train,Low,Low
1023,Kentucky,Bracken,21023,35887.0,8404.0,14.636714636714638,5.2643,0.0,7.5512,86.1057,0.4207,0.0,0.658,0.0,0.0,532533651.0,0.0,1.578116234386097e-05,0.4207,0,-0.024252814814634146,0.11645186,0.113758974,0.0,0.11375897377729416,test,Low,Low
1024,Kentucky,Nelson,21179,51408.0,44875.0,17.242304339078533,4.3401,0.0,8.0238,86.4962,0.4458,0.0,0.6808,0.0133,6.0,1081354528.0,13.370473537604457,4.149887834011086e-05,0.45909999999999995,0,-0.024252814814634146,0.80535805,0.8050749,0.007609893613451019,0.7974649769729443,train,Low,High
1025,Kentucky,Marion,21155,40392.0,19497.0,13.031653697967819,4.3367,0.0,7.9388,86.794,0.2612,0.0,0.653,0.0163,3.0,888390643.0,15.386982612709648,2.1946426556408474e-05,0.27749999999999997,0,-0.024252814814634146,0.25507915,0.25287116,0.00875760311595667,0.2441135526228739,test,Low,Low
1026,Kentucky,Boone,21015,69165.0,125656.0,31.061042767958984,2.6652,0.0159,7.4448,88.2283,1.262,0.0,0.353,0.0309,20.0,637696482.0,15.916470363532182,0.00019704671979043473,1.3088,1,-0.024252814814634146,0.9911049,0.9914714,0.009058964577991086,0.9824124452196774,train,High,High
1027,Kentucky,Knox,21121,26553.0,31740.0,10.89815858699737,3.0005,0.0,8.4202,87.6567,0.425,0.0,0.494,0.0036,2.0,1000508839.0,6.30119722747322,3.1723857663990115e-05,0.4286,0,-0.024252814814634146,0.01232992,0.009272829,0.0035863681569377696,0.005686460541220495,train,Low,Low
1028,Kentucky,Letcher,21133,29181.0,23382.0,11.19768073926436,3.1392,0.005,8.6601,87.3242,0.2971,0.0,0.5645,0.0099,0.0,875193084.0,0.0,2.6716390277142546e-05,0.312,0,-0.024252814814634146,0.012736365,0.009680696,0.0,0.009680695831775665,train,Low,Low
1029,Kentucky,Pike,21195,32816.0,62791.0,12.869933702412686,2.8331,0.002,9.6558,86.6354,0.3573,0.0,0.5144,0.002,2.0,2037853572.0,3.185169849182208,3.0812321779515965e-05,0.3613,0,-0.024252814814634146,0.0938064,0.0910343,0.0018128605262092469,0.08922144009911501,train,Low,Low
1030,Kentucky,Pendleton,21191,49766.0,14509.0,10.292198011848578,6.1255,0.0,7.0958,85.764,0.4,0.0,0.6148,0.0,0.0,717839313.0,0.0,2.0212044307470242e-05,0.4,0,-0.024252814814634146,0.17026958,0.16776493,0.0,0.16776493191719055,train,Low,Low
1031,Kentucky,Robertson,21201,30964.0,2191.0,16.95022054190296,6.247,0.0,6.9734,86.1501,0.2421,0.0,0.3874,0.0,0.0,258774035.0,0.0,8.466846374289445e-06,0.2421,0,-0.024252814814634146,0.058498055,0.05560245,0.0,0.05560244992375374,train,Low,Low
1032,Kentucky,Russell,21207,31539.0,17684.0,12.717321313586607,3.8728,0.0055,7.2402,87.9477,0.2966,0.0,0.6262,0.011,1.0,656969513.0,5.654829224157431,2.6917535212931564e-05,0.3131,0,-0.024252814814634146,0.02464292,0.021628898,0.0032184835246891206,0.01841041411243971,train,Low,Low
1033,Kentucky,Spencer,21215,65700.0,17798.0,18.6663381785333,5.2336,0.0,7.2879,86.2294,0.5565,0.0,0.6631,0.0296,0.0,483493837.0,0.0,3.681122413148774e-05,0.5861,1,-0.024252814814634146,0.71323174,0.7126263,0.0,0.7126262784004211,test,High,High
1034,Kentucky,Washington,21229,43719.0,12017.0,14.820359281437126,5.0288,0.0,7.6608,86.3953,0.366,0.0,0.5491,0.0,1.0,769931069.0,8.321544478655237,1.560789073703428e-05,0.366,0,-0.024252814814634146,0.17028253,0.16777793,0.0047362621827912454,0.16304166354696034,train,Low,Low
1035,Kentucky,Bath,21011,34986.0,12113.0,12.101047443006777,4.7812,0.0088,8.4421,85.7975,0.344,0.0,0.6263,0.0,0.0,722081570.0,0.0,1.6775113094217318e-05,0.35279999999999995,0,-0.024252814814634146,0.08386223,0.08105535,0.0,0.08105535060167313,train,Low,Low
1036,Kentucky,Ballard,21007,43923.0,8216.0,15.261879986125566,4.044,0.0,11.0762,83.6441,0.4943,0.0,0.7302,0.0112,0.0,638843942.0,0.0,1.286073086062073e-05,0.5055000000000001,0,-0.024252814814634146,0.09739346,0.094633915,0.0,0.09463391453027725,train,Low,Low
1037,Kentucky,Barren,21009,39034.0,43287.0,15.528963829208594,3.7143,0.0096,8.0712,87.0108,0.4484,0.0,0.7337,0.012,5.0,1262733192.0,11.550812022085152,3.428040085921809e-05,0.47000000000000003,0,-0.024252814814634146,0.3771608,0.37537983,0.006574221203895211,0.36880560939493595,test,Low,Low
1038,Kentucky,Boyle,21021,40758.0,29650.0,23.004482046633427,3.548,0.0154,7.316,87.7423,0.8223,0.0,0.5444,0.0116,4.0,467271034.0,13.490725126475548,6.345353733182613e-05,0.8492999999999999,1,-0.024252814814634146,0.8884416,0.888449,0.007678335602104878,0.88077067763108,train,High,High
1039,Kentucky,Green,21087,36681.0,11123.0,10.346134411318848,4.43,0.0,7.3216,87.2104,0.3522,0.0,0.6766,0.0093,0.0,740837706.0,0.0,1.5014084609780918e-05,0.3615,0,-0.024252814814634146,0.07753554,0.07470653,0.0,0.0747065320611,train,Low,Low
1040,Kentucky,Hancock,21091,49375.0,8716.0,11.779791417336297,3.7,0.0,8.49,86.44,0.54,0.0,0.83,0.0,0.0,486020462.0,0.0,1.7933401330744793e-05,0.54,0,-0.024252814814634146,0.15306666,0.15050185,0.0,0.15050184726715088,train,Low,Low
1041,Kentucky,Harlan,21095,25350.0,28031.0,12.084514300438032,1.7701,0.0,8.4609,89.0566,0.2788,0.0,0.4204,0.0133,1.0,1206487447.0,3.567478862687739,2.32335612522954e-05,0.29209999999999997,0,-0.024252814814634146,0.017569968,0.014531205,0.002030454234618901,0.012500751173656226,train,Low,Low
1042,Kentucky,Martin,21159,29052.0,12478.0,6.2621860305080865,2.6549,0.0,9.4027,87.0796,0.3097,0.0,0.542,0.0111,1.0,594701951.0,8.014104824491104,2.0981938900684723e-05,0.3208,0,-0.024252814814634146,0.020370228,0.01734126,0.004561280866373009,0.012779979000579887,test,Low,Low
1043,Kentucky,Hardin,21093,51541.0,107573.0,23.619438308614704,2.888,0.0052,8.2931,87.5271,0.741,0.0,0.5155,0.0301,21.0,1614335113.0,19.521627174105028,6.663610246331797e-05,0.7763,1,-0.024252814814634146,0.96705204,0.9673344,0.011110863466321945,0.9562235262202625,train,High,High
1044,Kentucky,Lincoln,21137,35185.0,24424.0,9.862508184036663,4.6552,0.0,7.4181,87.0259,0.3276,0.0,0.569,0.0043,1.0,861773600.0,4.094333442515558,2.8341550495396936e-05,0.33190000000000003,0,-0.024252814814634146,0.07625116,0.073417656,0.0023303170099329513,0.0710873391137052,train,Low,Low
1045,Kentucky,Mclean,21149,43005.0,9492.0,9.227728792946184,5.127,0.0,8.9697,84.9596,0.2335,0.0,0.7102,0.0,0.0,653906323.0,0.0,1.4515840673404836e-05,0.2335,0,-0.024252814814634146,0.091473505,0.088693246,0.0,0.08869324624538422,train,Low,Low
1046,Kentucky,Monroe,21171,34120.0,10692.0,15.37119076386092,5.199,0.0,8.4928,85.4625,0.1959,0.0,0.641,0.0089,0.0,853073337.0,0.0,1.2533506248830281e-05,0.20479999999999998,0,-0.024252814814634146,0.10461655,0.10188227,0.0,0.10188227146863937,train,Low,Low
1047,Kentucky,Ohio,21183,39479.0,24152.0,9.891780155642023,3.6038,0.0,8.3185,87.109,0.3777,0.0,0.5821,0.0089,3.0,1521032970.0,12.421331566743955,1.5878682761229037e-05,0.3866,0,-0.024252814814634146,0.11753887,0.11484978,0.007069683171240776,0.10778010030892661,test,Low,Low
1048,Kentucky,Powell,21197,34048.0,12387.0,14.13850946561227,3.2374,0.0163,7.6541,88.108,0.3823,0.0,0.5857,0.0163,0.0,463555578.0,0.0,2.672171490944717e-05,0.41489999999999994,0,-0.024252814814634146,0.11115388,0.10844246,0.0,0.10844246298074722,train,Low,Low
1049,Kentucky,Webster,21233,38374.0,13331.0,8.94593118514473,4.6734,0.0,9.3793,84.8055,0.4649,0.0,0.6769,0.0,0.0,859730022.0,0.0,1.5506030566418906e-05,0.4649,0,-0.024252814814634146,0.05727551,0.05437563,0.0,0.054375629872083664,train,Low,Low
1050,Kentucky,Caldwell,21033,43491.0,12758.0,15.227120161109866,3.8603,0.0,9.8926,85.0914,0.4754,0.0,0.6721,0.0082,1.0,893006769.0,7.838219156607619,1.4286565839009894e-05,0.4836,0,-0.024252814814634146,0.16139382,0.15885814,0.004461174372989685,0.15439696096960828,train,Low,Low
1051,Kentucky,Casey,21045,32315.0,15928.0,12.382756132756132,4.5378,0.0,7.3925,87.1699,0.233,0.0,0.6668,0.0,0.0,1150557995.0,0.0,1.384371763024427e-05,0.233,0,-0.024252814814634146,0.021231739,0.018205784,0.0,0.018205784261226654,train,Low,Low
1052,Kentucky,Christian,21047,40253.0,73936.0,16.740266870360205,2.441,0.0074,9.022,87.4418,0.6645,0.0,0.4031,0.0202,5.0,1858332179.0,6.762605496645747,3.978621305464678e-05,0.6920999999999999,1,-0.024252814814634146,0.64535767,0.6445148,0.003848981730861989,0.64066581738718,train,High,High
1053,Kentucky,Grayson,21085,36129.0,26092.0,10.153549776191285,4.0931,0.007,7.4435,87.0768,0.4294,0.0,0.9326,0.0176,2.0,1291451120.0,7.665184730952016,2.020362954193729e-05,0.454,0,-0.024252814814634146,0.068874314,0.06601501,0.0043626906830141355,0.0616523218792608,train,Low,Low
1054,Kentucky,Henry,21103,50412.0,15528.0,11.264692054536907,5.59,0.0,7.4627,85.9579,0.464,0.0,0.4975,0.028,1.0,741450761.0,6.439979392065946,2.0942725824513652e-05,0.49200000000000005,0,-0.024252814814634146,0.23696975,0.23469841,0.0036653569455565695,0.2310330578569947,train,Low,Low
1055,Kentucky,Hopkins,21107,43169.0,46359.0,15.07036565286278,3.0082,0.0138,8.7559,86.8811,0.8221,0.0,0.5098,0.0092,2.0,1403763241.0,4.314156905886668,3.3024799799555375e-05,0.8451000000000001,1,-0.024252814814634146,0.4331719,0.43158686,0.0024554309907721225,0.4291314306196405,train,High,Low
1056,Kentucky,Laurel,21125,36139.0,59950.0,12.54923065632721,3.1094,0.0103,9.1913,86.5966,0.5068,0.0,0.577,0.0086,6.0,1123945992.0,10.008340283569641,5.333886185520558e-05,0.5257000000000001,0,-0.024252814814634146,0.27671346,0.27458113,0.005696313192720841,0.26888482112658457,train,Low,Low
1057,Kentucky,Marshall,21157,45670.0,31213.0,15.941708986531244,4.2002,0.0,10.9188,83.5146,0.7383,0.0,0.6158,0.0123,1.0,780275897.0,3.2037932912568485,4.000251721219065e-05,0.7505999999999999,1,-0.024252814814634146,0.6675832,0.6668181,0.0018234601816743796,0.6649946221509367,train,High,High
1058,Kentucky,Montgomery,21173,39750.0,27391.0,16.57389894623075,3.6482,0.0038,9.0055,86.3691,0.5621,0.0,0.3961,0.0151,2.0,511177442.0,7.301668431236538,5.358413292423808e-05,0.5810000000000001,1,-0.024252814814634146,0.4783006,0.4768734,0.004155792972188121,0.47271760485496034,train,High,Low
1059,Kentucky,Nicholas,21181,37993.0,7062.0,10.510141364474492,7.7123,0.0,7.5134,83.6266,0.4897,0.0,0.658,0.0,0.0,505485470.0,0.0,1.3970727981558005e-05,0.4897,0,-0.024252814814634146,0.072649956,0.06980386,0.0,0.06980385631322861,train,Low,Low
1060,Kentucky,Owen,21187,41597.0,10673.0,11.291866028708133,5.2459,0.0,7.3914,86.4182,0.3901,0.0,0.5236,0.0308,0.0,909365594.0,0.0,1.1736753699964593e-05,0.4209,0,-0.024252814814634146,0.09145545,0.088675134,0.0,0.0886751338839531,train,Low,Low
1061,Kentucky,Scott,21209,64329.0,51348.0,28.42060683062589,3.5072,0.0175,7.0887,87.3905,1.6532,0.0,0.3145,0.0284,6.0,729781723.0,11.684973124561814,7.036076457069617e-05,1.6991,1,-0.024252814814634146,0.9796037,0.97993,0.006650579884389158,0.9732794037314861,train,High,High
1062,Kentucky,Warren,21227,46929.0,121066.0,29.0562079394055,2.7265,0.0174,7.8694,87.922,0.9468,0.0,0.4696,0.0483,18.0,1402743750.0,14.867923281515868,8.630656882270907e-05,1.0125,1,-0.024252814814634146,0.984368,0.984711,0.008462177058057947,0.9762488143245409,train,High,High
1063,Kentucky,Bourbon,21017,44232.0,20004.0,17.782260969810505,5.8581,0.0,8.7506,84.2479,0.6787,0.0,0.4542,0.0104,1.0,750370999.0,4.999000199960008,2.665881280947533e-05,0.6890999999999999,1,-0.024252814814634146,0.7371066,0.73658466,0.0028452140897121778,0.7337394493014011,train,High,High
1064,Kentucky,Boyd,21019,44140.0,48716.0,19.140849936657837,2.7596,0.0093,8.4396,87.6122,0.7598,0.0,0.3986,0.021,1.0,414053937.0,2.0527136874948684,0.00011765616903191044,0.7901,1,-0.024252814814634146,0.8185841,0.81834716,0.00116831559755732,0.8171788404502637,train,High,High
1065,Kentucky,Crittenden,21055,38739.0,9211.0,12.803839603653817,5.5066,0.0,8.8057,84.5467,0.5209,0.0,0.6077,0.0124,0.0,932275444.0,0.0,9.880127229866198e-06,0.5333,0,-0.024252814814634146,0.08558564,0.08278479,0.0,0.08278478682041168,test,Low,Low
1066,Kentucky,Fayette,21067,50661.0,311529.0,41.441271042178926,1.7338,0.0222,6.5825,89.7061,1.6511,0.0,0.2697,0.0346,36.0,734642357.0,11.555906512716312,0.00042405532029512425,1.7079,1,-0.024252814814634146,0.9972222,0.99761003,0.006577120766996609,0.9910329117914446,train,High,High
1067,Kentucky,Johnson,21115,35060.0,23280.0,11.725499876573686,2.9416,0.005,9.2983,86.9189,0.277,0.0,0.5591,0.0,1.0,678468095.0,4.295532646048111,3.431259357892135e-05,0.28200000000000003,0,-0.024252814814634146,0.13366279,0.1310301,0.002444830869871238,0.12858526673392667,train,Low,Low
1068,Kentucky,Menifee,21165,35280.0,6345.0,12.254688181421718,4.6106,0.0,6.9084,87.4813,0.2835,0.0,0.7162,0.0,0.0,527282799.0,0.0,1.2033390833217755e-05,0.2835,0,-0.024252814814634146,0.047872387,0.044939615,0.0,0.044939614832401276,train,Low,Low
1069,Kentucky,Morgan,21175,32517.0,13379.0,11.94560032477418,5.1409,0.0,8.9693,85.1375,0.2173,0.0,0.535,0.0,1.0,987115107.0,7.474400179385604,1.3553637164627043e-05,0.2173,0,-0.024252814814634146,0.026525721,0.023518283,0.0042541043912551315,0.019264178528867016,train,Low,Low
1070,Kentucky,Perry,21193,31578.0,27818.0,13.956229819076418,3.0298,0.0,10.7446,85.3923,0.2611,0.0,0.5607,0.0115,2.0,879750125.0,7.189589474441009,3.162034219659815e-05,0.2726,0,-0.024252814814634146,0.025747346,0.022737186,0.004092002491236063,0.01864518391084638,train,Low,Low
1071,Kentucky,Pulaski,21199,34673.0,63772.0,14.743992109038736,3.9401,0.0031,7.0534,87.8348,0.6016,0.0,0.5417,0.0252,3.0,1705274602.0,4.70425892241109,3.73969095213206e-05,0.6299,1,-0.024252814814634146,0.42044342,0.41881385,0.00267746013849036,0.4161363943174575,train,High,Low
1072,Kentucky,Clay,21051,22174.0,21160.0,10.592736792642814,3.0286,0.0061,8.4789,87.6586,0.2943,0.0,0.5211,0.0123,1.0,1215344365.0,4.725897920604915,1.7410703179588116e-05,0.3127,0,-0.024252814814634146,0.010005009,0.0069397865,0.002689776117703327,0.0042500103686243206,train,Low,Low
1073,Kentucky,Adair,21001,33873.0,19156.0,16.490237591155022,4.9282,0.0164,7.802,86.3083,0.3661,0.0,0.5737,0.0055,2.0,1049678094.0,10.440593025683858,1.8249404374061367e-05,0.388,0,-0.024252814814634146,0.1673777,0.16486295,0.005942332705220548,0.15892061297062937,test,Low,Low
1074,Kentucky,Gallatin,21077,51180.0,8543.0,9.967960128159488,5.4921,0.0,6.79,86.8045,0.5528,0.0,0.3605,0.0,0.0,254699489.0,0.0,3.354148857361862e-05,0.5528,0,-0.024252814814634146,0.23046878,0.2281747,0.0,0.22817470133304596,test,Low,Low
1075,Kentucky,Breathitt,21025,25484.0,13476.0,12.200829698968194,2.4773,0.0,8.7959,87.6737,0.1813,0.0,0.8632,0.0086,0.0,1275346138.0,0.0,1.0566543151283686e-05,0.18989999999999999,0,-0.024252814814634146,0.014580818,0.0115316,0.0,0.011531599797308445,test,Low,Low
1076,Kentucky,Graves,21083,40268.0,37379.0,16.805495242982907,4.1333,0.0029,10.0893,84.747,0.5195,0.0,0.4994,0.0086,3.0,1429026032.0,8.025896893977901,2.6156976264236453e-05,0.531,0,-0.024252814814634146,0.48606056,0.4846605,0.004567992400861639,0.4800925138476125,train,Low,Low
1077,Kentucky,Hart,21099,35738.0,18510.0,11.41421392677674,4.137,0.0,7.2664,87.74,0.3639,0.0,0.487,0.0056,2.0,1068314377.0,10.804970286331713,1.732636047825087e-05,0.3695,0,-0.024252814814634146,0.050956164,0.04803418,0.006149720437666387,0.041884459518054515,train,Low,Low
1078,Kentucky,Butler,21031,38427.0,12828.0,10.394663702056699,4.2679,0.0,7.2758,87.3425,0.439,0.0,0.6585,0.0163,0.0,1103562551.0,0.0,1.1624171179400596e-05,0.4553,0,-0.024252814814634146,0.05108824,0.04816672,0.0,0.04816671833395958,train,Low,Low
1079,Kentucky,Trimble,21223,45935.0,8751.0,11.617084926042878,5.2565,0.0,8.1432,85.5036,0.4412,0.0,0.6429,0.0126,0.0,392766219.0,0.0,2.2280429366559143e-05,0.4538,0,-0.024252814814634146,0.27082,0.26866707,0.0,0.268667072057724,train,Low,Low
1080,Kentucky,Harrison,21097,40164.0,18629.0,15.447090980085903,6.2306,0.0166,7.3161,85.257,0.5926,0.0,0.5815,0.0055,0.0,793480169.0,0.0,2.3477587377486177e-05,0.6146999999999999,1,-0.024252814814634146,0.2815837,0.27946842,0.0,0.2794684171676636,train,High,Low
1081,Kentucky,Hickman,21105,39756.0,4691.0,8.7772397094431,4.575,0.0,10.2041,84.3687,0.3364,0.0,0.5158,0.0,0.0,627487975.0,0.0,7.475840473277596e-06,0.3364,0,-0.024252814814634146,0.056342557,0.053439416,0.0,0.053439415991306305,train,Low,Low
1082,Kentucky,Lyon,21143,47861.0,8325.0,17.512150668286754,3.8967,0.0123,9.9816,84.413,0.8851,0.0,0.7867,0.0246,2.0,553844796.0,24.024024024024023,1.5031286851704932e-05,0.9219999999999999,1,-0.024252814814634146,0.48036698,0.478947,0.01367343246861319,0.4652735811479487,train,High,Low
1083,Kentucky,Wayne,21231,30260.0,20557.0,9.299442033477991,3.7429,0.0,6.6785,88.5511,0.2778,0.0,0.7339,0.0157,1.0,1186687833.0,4.864523033516564,1.7323005619793862e-05,0.2935,0,-0.024252814814634146,0.00998769,0.006922406,0.0027686755193171383,0.004153730625123036,train,Low,Low
1084,Kentucky,Lewis,21135,29088.0,13646.0,11.578947368421053,4.6083,0.0078,8.152,86.3926,0.2021,0.0,0.6295,0.0078,0.0,1250540456.0,0.0,1.0912081999848551e-05,0.2177,0,-0.024252814814634146,0.010360107,0.0072961254,0.0,0.007296125404536724,train,Low,Low
1085,Kentucky,Trigg,21221,45032.0,14267.0,18.0066510172144,3.9961,0.0,9.6101,84.9102,0.7754,0.0,0.6784,0.0298,0.0,1143307645.0,0.0,1.2478706026670538e-05,0.8052,1,-0.024252814814634146,0.31765014,0.315661,0.0,0.3156610131263733,train,High,Low
1086,Kentucky,Woodford,21239,59471.0,25591.0,31.871179533620104,4.5198,0.0157,7.1227,86.5935,1.4073,0.0,0.3136,0.0274,1.0,489064244.0,3.907623773983041,5.232645877092581e-05,1.4504000000000001,1,-0.024252814814634146,0.98936325,0.9897237,0.0022240499648549256,0.9874996324387095,train,High,High
1087,Kentucky,Leslie,21131,25282.0,10869.0,9.689213893967093,2.3388,0.0,8.9298,87.8911,0.2126,0.0,0.6277,0.0,0.0,1038181754.0,0.0,1.0469265095560521e-05,0.2126,0,-0.024252814814634146,0.017831476,0.01479363,0.0,0.014793629758059978,train,Low,Low
1088,Kentucky,Jessamine,21113,52748.0,51015.0,28.681794770806192,3.7154,0.0111,7.4553,87.3467,0.9839,0.0,0.4675,0.02,3.0,445793092.0,5.880623346074684,0.00011443649736950164,1.015,1,-0.024252814814634146,0.9631323,0.96340096,0.0033469957454044345,0.9600539642231625,test,High,High
1089,Kentucky,Lawrence,21127,35016.0,15870.0,11.450591797412606,3.0453,0.0,8.5907,87.3725,0.3045,0.0,0.6728,0.0142,0.0,1076386125.0,0.0,1.4743779793705535e-05,0.3187,0,-0.024252814814634146,0.047797002,0.04486397,0.0,0.04486396908760071,train,Low,Low
1090,Kentucky,Livingston,21139,43333.0,9353.0,10.03668378576669,4.8329,0.0,9.5952,84.4442,0.4631,0.0,0.6545,0.0101,2.0,810999158.0,21.383513311237035,1.1532687682519147e-05,0.4732,0,-0.024252814814634146,0.1537299,0.15116741,0.01217056829907033,0.13899683933280377,test,Low,Low
1091,Kentucky,Mccracken,21145,42303.0,65292.0,22.926172163559727,2.4162,0.0098,9.8318,86.4046,0.8343,0.0,0.4819,0.0213,8.0,644250936.0,12.252649635483673,0.00010134560363292976,0.8654000000000001,1,-0.024252814814634146,0.9445967,0.94480056,0.006973676732292152,0.9378268789737321,train,High,High
1092,Kentucky,Shelby,21211,61737.0,44967.0,23.84889005994335,4.6046,0.0093,7.7193,86.4558,0.7949,0.0,0.3835,0.0325,2.0,983256960.0,4.447706095581204,4.573270450076448e-05,0.8367,1,-0.024252814814634146,0.9394277,0.9396134,0.0025314413970512783,0.9370819604927497,test,High,High
1093,Kentucky,Whitley,21235,32397.0,35842.0,17.850279524807828,3.2292,0.0035,7.4463,88.354,0.4608,0.0,0.4957,0.0105,5.0,1133976324.0,13.950114390938007,3.1607361848235556e-05,0.4748,0,-0.024252814814634146,0.25545317,0.2532465,0.007939800046119414,0.2453066861408618,train,Low,Low
1094,Kentucky,Anderson,21005,53513.0,21867.0,18.937875751503004,3.9702,0.0076,6.9878,87.7211,0.7895,0.0,0.5124,0.0114,0.0,522745702.0,0.0,4.183104694373939e-05,0.8085,1,-0.024252814814634146,0.6999909,0.69933915,0.0,0.6993391513824463,train,High,High
1095,Kentucky,Breckinridge,21027,43390.0,20000.0,10.506958967332517,4.6867,0.0,8.193,85.9299,0.4233,0.0,0.7521,0.0149,0.0,1469049378.0,0.0,1.3614246259869422e-05,0.43820000000000003,0,-0.024252814814634146,0.085710905,0.08291049,0.0,0.08291049301624298,train,Low,Low
1096,Kentucky,Floyd,21071,30540.0,38144.0,11.765370705244123,2.99,0.0031,9.0535,87.2075,0.26,0.0,0.4798,0.0062,0.0,1018763006.0,0.0,3.7441485188754485e-05,0.2693,0,-0.024252814814634146,0.04860948,0.04567929,0.0,0.04567928984761238,train,Low,Low
1097,Kentucky,Franklin,21073,50999.0,49982.0,28.30851645977938,3.1733,0.015,9.6982,85.4986,0.985,0.0,0.6033,0.0267,13.0,538073031.0,26.009363370813492,9.2890736239111e-05,1.0267,1,-0.024252814814634146,0.98588645,0.9862347,0.014803401513701558,0.9714313230079354,train,High,High
1098,Kentucky,Kenton,21117,56568.0,163393.0,29.093552637557362,1.8468,0.0254,6.4687,89.9354,1.2781,0.0,0.4019,0.0438,8.0,415050645.0,4.896170582583097,0.0003936700303164208,1.3473000000000002,1,-0.024252814814634146,0.9841434,0.9844855,0.00278668793158103,0.9816988190798326,train,High,High
1099,Kentucky,Mccreary,21147,18972.0,17850.0,7.701701538712041,2.9588,0.0,6.7629,89.3484,0.1691,0.0,0.7608,0.0,1.0,1105416732.0,5.602240896358544,1.614775630155741e-05,0.1691,0,-0.024252814814634146,0.013841879,0.010790076,0.0031885525294455134,0.0076015235773412146,test,Low,Low
1100,Kentucky,Madison,21151,43707.0,87324.0,29.11418619975525,2.8639,0.0201,7.5777,88.0238,1.1201,0.0,0.3756,0.0188,21.0,1132603931.0,24.048371581695754,7.710020918159783e-05,1.159,1,-0.024252814814634146,0.98309386,0.98343235,0.013687290042401294,0.9697450625004759,test,High,High
1101,Kentucky,Magoffin,21153,29463.0,12887.0,10.14476362813843,3.6196,0.0,9.5376,86.2704,0.1409,0.0,0.4227,0.0088,0.0,798866620.0,0.0,1.613160404674312e-05,0.1497,0,-0.024252814814634146,0.01260745,0.00955133,0.0,0.009551329538226128,train,Low,Low
1102,Kentucky,Metcalfe,21169,33788.0,9983.0,11.439220183486238,4.8654,0.0,7.403,86.974,0.2921,0.0,0.4564,0.0091,0.0,750178423.0,0.0,1.3307500847701667e-05,0.3012,0,-0.024252814814634146,0.078411326,0.07558538,0.0,0.07558538019657135,train,Low,Low
1103,Kentucky,Owsley,21189,22106.0,4552.0,17.442602040816325,3.495,0.0,6.3565,89.0564,0.1966,0.0,0.8956,0.0,0.0,511282948.0,0.0,8.903093713189902e-06,0.1966,0,-0.024252814814634146,0.042887434,0.039937228,0.0,0.039937227964401245,train,Low,Low
1104,Kentucky,Rowan,21205,36216.0,24302.0,26.64845042065147,3.5773,0.0447,8.6153,86.5206,0.7304,0.0,0.4869,0.0248,2.0,724726297.0,8.229775327133568,3.353265929578929e-05,0.7999,1,-0.024252814814634146,0.8462068,0.8460665,0.004684031162093852,0.841382443752457,train,High,High
1105,Kentucky,Simpson,21213,42288.0,17856.0,14.185970100213568,3.8359,0.0,8.3536,86.6667,0.4564,0.0,0.6817,0.0058,3.0,606584091.0,16.801075268817204,2.9436973809456535e-05,0.46219999999999994,0,-0.024252814814634146,0.268565,0.26640418,0.00956244332167379,0.2568417383971525,train,Low,Low
1106,Kentucky,Taylor,21217,32977.0,25315.0,17.301374863122035,3.7926,0.0043,8.3591,86.8292,0.4214,0.0,0.5891,0.0043,2.0,689809404.0,7.900454276120877,3.6698542892001516e-05,0.43000000000000005,0,-0.024252814814634146,0.24256243,0.24031065,0.0044965959036620505,0.23581405814048925,train,Low,Low
1107,Kentucky,Clark,21049,49069.0,35706.0,20.471558384372123,3.6235,0.0149,8.2326,86.9291,0.7027,0.0,0.4853,0.0119,4.0,653878894.0,11.20259900296869,5.46064421525739e-05,0.7295,1,-0.024252814814634146,0.8756691,0.87563187,0.006376033456629408,0.8692558353826345,test,High,High
1108,Kentucky,Todd,21219,41306.0,12465.0,11.742143033902499,3.8018,0.0095,8.2992,87.0224,0.4288,0.0,0.4383,0.0,0.0,969942076.0,0.0,1.2851282884236893e-05,0.4383,0,-0.024252814814634146,0.075430006,0.07259363,0.0,0.07259362936019897,train,Low,Low
1109,Kentucky,Carlisle,21039,40913.0,4954.0,15.732265446224256,4.8088,0.0167,10.5193,83.8203,0.4341,0.0,0.4007,0.0,0.0,490632724.0,0.0,1.0097165879216813e-05,0.4508,0,-0.024252814814634146,0.063650124,0.060772542,0.0,0.06077254191040993,train,Low,Low
1110,Kentucky,Carroll,21041,42882.0,10776.0,12.534741523068371,4.7338,0.0097,8.0155,86.3988,0.3582,0.0,0.4647,0.0194,0.0,332993895.0,0.0,3.236095364451051e-05,0.3873,0,-0.024252814814634146,0.1994754,0.19707291,0.0,0.19707290828227997,train,Low,Low
1111,Kentucky,Clinton,21053,29872.0,10172.0,10.985391005442567,5.1084,0.0,7.5445,86.5851,0.1395,0.0,0.6225,0.0,0.0,510864294.0,0.0,1.9911354384066624e-05,0.1395,0,-0.024252814814634146,0.023906043,0.020889442,0.0,0.020889442414045334,train,Low,Low
1112,Kentucky,Estill,21065,29694.0,14406.0,9.234543670264966,3.0031,0.0,6.4621,89.4638,0.3546,0.0,0.7164,0.0,0.0,655468668.0,0.0,2.1978167231023163e-05,0.3546,0,-0.024252814814634146,0.012233327,0.0091758985,0.0,0.009175898507237434,train,Low,Low
1113,Louisiana,Vernon,22115,46561.0,52101.0,17.772496627914443,5.3285,0.0024,10.7417,83.0466,0.4912,0.0,0.3775,0.0121,0.0,3439275960.0,0.0,1.5148828010881686e-05,0.5057,0,-0.03585884998484849,0.31594327,0.31394818,0.0,0.3139481842517853,train,Low,Low
1114,Louisiana,Sabine,22085,39372.0,24144.0,13.854319180087849,5.66,0.0,11.7064,81.954,0.2188,0.0,0.4562,0.0047,0.0,2244636627.0,0.0,1.0756306704425883e-05,0.2235,0,-0.03585884998484849,0.09978566,0.097034484,0.0,0.09703448414802551,train,Low,Low
1115,Louisiana,Jefferson Davis,22053,39202.0,31399.0,14.545718573019023,7.2883,0.0223,10.7761,81.3735,0.2196,0.0,0.3127,0.0074,1.0,1687025362.0,3.1848148030192043,1.8612049769528004e-05,0.2493,0,-0.03585884998484849,0.1120038,0.10929536,0.0018126584493328578,0.10748270229466662,train,Low,Low
1116,Louisiana,West Feliciana,22125,53364.0,15384.0,22.482302973100516,7.0947,0.0109,10.5606,81.4211,0.5432,0.0,0.3585,0.0109,3.0,1044342243.0,19.50078003120125,1.4730803147259073e-05,0.5650000000000001,1,-0.03585884998484849,0.684666,0.6839606,0.011098998176794541,0.672861618411798,train,High,High
1117,Louisiana,Bienville,22013,35722.0,13924.0,12.96238407835782,4.9937,0.0,10.8471,83.4089,0.2188,0.0,0.5314,0.0,0.0,2101207370.0,0.0,6.6266662675945216e-06,0.2188,0,-0.03585884998484849,0.042458832,0.039507125,0.0,0.039507124572992325,train,Low,Low
1118,Louisiana,Cameron,22023,65679.0,6739.0,16.930171277997367,10.792,0.0118,12.8163,75.0029,0.3178,0.0,1.0592,0.0,1.0,3327836871.0,14.838996883810655,2.0250391654489243e-06,0.3296,0,-0.03585884998484849,0.05248857,0.049571946,0.008445713407123075,0.041126232856190215,train,Low,Low
1119,Louisiana,Plaquemines,22075,50251.0,23584.0,15.808823529411764,5.5791,0.005,12.4981,80.797,0.3736,0.0,0.7273,0.0199,2.0,2021056000.0,8.480325644504749,1.166914721808797e-05,0.39849999999999997,0,-0.03585884998484849,0.16786893,0.16535589,0.004826633535498847,0.16052925745380475,test,Low,Low
1120,Louisiana,Washington,22117,31013.0,46367.0,11.921946857434849,5.3457,0.0,9.5268,84.477,0.1915,0.0,0.4538,0.0052,0.0,1734071719.0,0.0,2.6738801799235157e-05,0.1967,0,-0.03585884998484849,0.01524966,0.012202782,0.0,0.01220278162509203,train,Low,Low
1121,Louisiana,Acadia,22001,39837.0,62372.0,11.12081659137987,7.2623,0.0214,11.1839,80.9457,0.2592,0.0,0.3177,0.0097,0.0,1696777754.0,0.0,3.67590863641179e-05,0.29029999999999995,0,-0.03585884998484849,0.088592485,0.08580215,0.0,0.08580215275287628,train,Low,Low
1122,Louisiana,Saint Tammany,22103,63686.0,246269.0,31.286698774658277,3.546,0.0195,9.2642,85.9862,0.8705,0.0,0.2927,0.0209,23.0,2190305863.0,9.33938092086296,0.00011243589498623371,0.9109,1,-0.03585884998484849,0.9885909,0.9889486,0.005315570538573087,0.9836330130643322,train,High,High
1123,Louisiana,Caddo,22017,40815.0,253125.0,23.800869927903236,2.6896,0.0179,10.5815,85.8617,0.53,0.0,0.3079,0.0114,9.0,2275355490.0,3.5555555555555554,0.00011124635298196855,0.5593,1,-0.03585884998484849,0.82765245,0.82744724,0.002023668005354752,0.8254235675789042,train,High,High
1124,Louisiana,Ascension,22005,71752.0,117009.0,26.604903612202886,4.7264,0.006,11.3265,83.1603,0.4548,0.0,0.316,0.0101,13.0,751029431.0,11.110256475997573,0.00015579815539878622,0.4709,0,-0.03585884998484849,0.9236879,0.9238186,0.006323476095495486,0.9174951121613405,train,Low,High
1125,Louisiana,Iberia,22045,44573.0,73799.0,13.74441540925567,5.0601,0.0172,11.4602,82.7917,0.3329,0.0,0.3329,0.0051,2.0,1486941064.0,2.710063822003008,4.963142237895718e-05,0.35519999999999996,0,-0.03585884998484849,0.4526851,0.4511683,0.001542450782547254,0.4496258479387662,train,Low,Low
1126,Louisiana,Saint Helena,22091,36418.0,10714.0,10.59445913963525,6.0409,0.0112,8.9827,84.4262,0.1797,0.0,0.3593,0.0,1.0,1057772583.0,9.333582228859436,1.0128831255593246e-05,0.1909,0,-0.03585884998484849,0.04853883,0.04560839,0.005312270174594213,0.04029611994805784,train,Low,Low
1127,Louisiana,De Soto,22031,42368.0,27047.0,13.462485634542768,5.5818,0.0,12.5502,81.0762,0.3033,0.0,0.4845,0.0039,0.0,2269878444.0,0.0,1.1915616041684389e-05,0.30720000000000003,0,-0.03585884998484849,0.11959424,0.11691234,0.0,0.116912342607975,test,Low,Low
1128,Louisiana,Livingston,22063,57334.0,135925.0,17.399762483741448,5.1793,0.0078,10.1487,83.9456,0.3857,0.0,0.3181,0.0147,7.0,1678750673.0,5.149898841272761,8.096794967003418e-05,0.40819999999999995,0,-0.03585884998484849,0.6175393,0.61659914,0.002931099051346087,0.613668043500076,train,Low,High
1129,Louisiana,Natchitoches,22069,30697.0,39258.0,18.747316905640936,4.4648,0.0031,11.312,83.426,0.3522,0.0,0.4357,0.0062,2.0,3243341073.0,5.094503031229303,1.210418488724883e-05,0.3615,0,-0.03585884998484849,0.101817526,0.09907345,0.0028995701589791837,0.09617387712810349,train,Low,Low
1130,Louisiana,Catahoula,22025,34736.0,10145.0,13.09834638816362,7.8283,0.0,13.2845,78.3049,0.151,0.0,0.4313,0.0,0.0,1833782911.0,0.0,5.532279714869696e-06,0.151,0,-0.03585884998484849,0.039943613,0.03698311,0.0,0.03698311001062393,train,Low,Low
1131,Louisiana,Franklin,22041,32440.0,20464.0,11.890492045874954,7.1232,0.0,13.4026,78.7338,0.2353,0.0,0.5051,0.0,0.0,1617667694.0,0.0,1.2650311356220976e-05,0.2353,0,-0.03585884998484849,0.017035438,0.013994806,0.0,0.013994806446135044,test,Low,Low
1132,Louisiana,Jackson,22049,38310.0,15999.0,13.648528099910795,4.9834,0.0,10.8636,83.2779,0.3978,0.0,0.4774,0.0,1.0,1474195902.0,6.250390649415588,1.0852696021128948e-05,0.3978,0,-0.03585884998484849,0.09708816,0.09432754,0.003557451256366173,0.09077008794918498,train,Low,Low
1133,Louisiana,Saint Charles,22089,61691.0,52708.0,20.656370656370658,3.3565,0.0131,10.0478,85.6638,0.4583,0.0,0.4539,0.0065,0.0,719296011.0,0.0,7.327720325700514e-05,0.4779,0,-0.03585884998484849,0.7820331,0.7816683,0.0,0.7816683053970337,train,Low,High
1134,Louisiana,Tensas,22107,22385.0,4793.0,9.082540656643143,5.8519,0.0,13.0243,80.4505,0.1295,0.0,0.5179,0.0259,0.0,1561204507.0,0.0,3.07006543890281e-06,0.1554,0,-0.03585884998484849,0.016603468,0.013561324,0.0,0.013561324216425419,train,Low,Low
1135,Louisiana,Richland,22083,35684.0,20692.0,13.748994956509028,5.9035,0.0,13.0863,80.3566,0.2326,0.0,0.4098,0.0111,0.0,1448537069.0,0.0,1.4284756975038793e-05,0.2437,0,-0.03585884998484849,0.0616321,0.05874746,0.0,0.05874745920300484,train,Low,Low
1136,Louisiana,Saint Martin,22099,46450.0,53385.0,13.790955172316144,5.6418,0.0043,11.7277,81.9622,0.2652,0.0,0.3945,0.0043,2.0,1910535372.0,3.7463707033811,2.794242953173651e-05,0.27380000000000004,0,-0.03585884998484849,0.24551634,0.24327491,0.002132271711177387,0.24114264052694365,train,Low,Low
1137,Louisiana,Winn,22127,32063.0,14695.0,12.644806597290398,6.8322,0.0,12.148,80.2616,0.1916,0.0,0.5582,0.0083,0.0,2460711982.0,0.0,5.971848841917818e-06,0.1999,0,-0.03585884998484849,0.011989647,0.008931365,0.0,0.008931364864110947,test,Low,Low
1138,Louisiana,East Baton Rouge,22033,49942.0,445337.0,34.20210726939874,2.6162,0.021,9.9053,86.4895,0.6376,0.0,0.3037,0.0266,53.0,1179346044.0,11.901099616694774,0.0003776135106957632,0.6851999999999999,1,-0.03585884998484849,0.9932463,0.99362034,0.006773589709550133,0.9868467463462055,train,High,High
1139,Louisiana,Allen,22003,41801.0,25619.0,11.875941317565683,6.1318,0.005,10.2716,83.008,0.2163,0.0,0.3672,0.0,2.0,1973083800.0,7.80670596042,1.2984243244002104e-05,0.2213,0,-0.03585884998484849,0.11837569,0.11568953,0.004443238428557118,0.11124629254010895,train,Low,Low
1140,Louisiana,Madison,22065,25404.0,11803.0,12.016503352243424,3.8919,0.0,11.8718,83.6623,0.126,0.0,0.448,0.0,0.0,1617282478.0,0.0,7.29804481317085e-06,0.126,0,-0.03585884998484849,0.016622866,0.013580791,0.0,0.013580790720880032,train,Low,Low
1141,Louisiana,Saint James,22093,51386.0,21581.0,14.43235050978231,3.1335,0.0053,11.0957,85.2414,0.1765,0.0,0.3422,0.0053,0.0,625582188.0,0.0,3.4497465583211265e-05,0.1871,0,-0.03585884998484849,0.2521397,0.24992141,0.0,0.24992141127586365,train,Low,Low
1142,Louisiana,Grant,22043,40389.0,22372.0,9.333842336323727,5.4834,0.0,10.5743,83.1297,0.293,0.0,0.5196,0.0,1.0,1665429795.0,4.469873055605221,1.343316906372508e-05,0.293,0,-0.03585884998484849,0.0568144,0.053912908,0.002544057869238441,0.05136884996958297,train,Low,Low
1143,Louisiana,Jefferson,22051,49457.0,435204.0,24.81630147024843,1.9355,0.0154,8.9125,88.2492,0.5209,0.0,0.3513,0.0151,25.0,765682137.0,5.744432496024853,0.0005683872967249333,0.5514,0,-0.03585884998484849,0.90817815,0.9082546,0.003269481820629085,0.9049851415924568,train,Low,High
1144,Louisiana,Beauregard,22011,46599.0,36435.0,16.33398348342117,7.8909,0.0032,10.2218,81.1854,0.3123,0.0,0.3863,0.0,0.0,2997502171.0,0.0,1.2155120470803488e-05,0.3155,0,-0.03585884998484849,0.19179334,0.18936399,0.0,0.1893639862537384,test,Low,Low
1145,Louisiana,Bossier,22015,51894.0,124720.0,25.966918924248773,3.5591,0.0059,12.1618,83.4026,0.5419,0.0,0.3158,0.0128,7.0,2176181488.0,5.6125721616420785,5.7311396447280136e-05,0.5606000000000001,1,-0.03585884998484849,0.86474603,0.8646706,0.0031944326375418284,0.8614761420275278,train,High,High
1146,Louisiana,East Feliciana,22037,48997.0,19756.0,12.94539321104786,6.8817,0.0053,10.1555,82.0608,0.2228,0.0,0.6685,0.0053,0.0,1174307241.0,0.0,1.6823535877353923e-05,0.2334,0,-0.03585884998484849,0.14390257,0.1413057,0.0,0.14130569994449615,test,Low,Low
1147,Louisiana,Saint John The Baptist,22095,51406.0,43888.0,16.879902388007668,2.4821,0.0078,10.0195,86.9306,0.2396,0.0,0.3099,0.0104,2.0,555050557.0,4.557054320087495,7.907027467409604e-05,0.25780000000000003,0,-0.03585884998484849,0.58297044,0.58190936,0.0025936776636257017,0.5793156808378086,test,Low,High
1148,Louisiana,Ouachita,22073,38974.0,156398.0,24.181703419462785,3.5136,0.0097,12.0454,83.6496,0.4413,0.0,0.3308,0.0097,10.0,1580943091.0,6.393943656568498,9.892702709562618e-05,0.4607,0,-0.03585884998484849,0.78916585,0.788826,0.0036391554016421187,0.7851868333678891,test,Low,High
1149,Louisiana,Rapides,22079,42132.0,132373.0,19.85298353553858,4.1197,0.0036,10.7776,84.2856,0.3969,0.0,0.4041,0.0125,11.0,3413632352.0,8.309851706919085,3.877775529120601e-05,0.413,0,-0.03585884998484849,0.6495178,0.64868945,0.004729607164275392,0.6439598416691902,train,Low,High
1150,Louisiana,Saint Landry,22097,31424.0,83699.0,13.152517183726548,6.0392,0.0198,10.4117,82.913,0.2615,0.0,0.3506,0.0042,13.0,2392904508.0,15.53184625861719,3.497799419917345e-05,0.2855,0,-0.03585884998484849,0.08626296,0.08346448,0.00884005321996477,0.07462442771656248,train,Low,Low
1151,Louisiana,Tangipahoa,22105,43690.0,127115.0,19.793523013580778,4.5545,0.0086,9.6303,84.9574,0.4279,0.0,0.4031,0.0181,9.0,2049488094.0,7.080202965818353,6.202280480288557e-05,0.4546,0,-0.03585884998484849,0.55797637,0.55682784,0.00402974443500312,0.5527980987542364,train,Low,High
1152,Louisiana,Saint Mary,22101,40771.0,53053.0,10.982888977317947,4.0919,0.0143,11.5552,83.7324,0.3043,0.0,0.2972,0.0048,1.0,1438845622.0,1.8849075452849038,3.687191953661864e-05,0.3234,0,-0.03585884998484849,0.14563663,0.14304583,0.0010728076197501065,0.1419730201266412,train,Low,Low
1153,Louisiana,West Carroll,22123,36670.0,11370.0,12.38390092879257,9.9011,0.0,11.5366,77.7691,0.1273,0.0,0.6659,0.0,0.0,931478638.0,0.0,1.2206399090818442e-05,0.1273,0,-0.03585884998484849,0.041802492,0.03884849,0.0,0.03884848952293396,train,Low,Low
1154,Louisiana,Union,22111,37049.0,22460.0,12.12082179429381,6.1716,0.0093,11.1209,81.9714,0.2824,0.0,0.4352,0.0093,0.0,2271359848.0,0.0,9.888349492387434e-06,0.30099999999999993,0,-0.03585884998484849,0.04554045,0.04259952,0.0,0.042599521577358246,train,Low,Low
1155,Louisiana,Caldwell,22021,29832.0,9997.0,11.755114141713609,8.8147,0.0,11.4237,78.9349,0.204,0.0,0.612,0.0107,0.0,1371203830.0,0.0,7.290673918260569e-06,0.21469999999999997,0,-0.03585884998484849,0.018736577,0.015701894,0.0,0.015701893717050552,train,Low,Low
1156,Louisiana,East Carroll,22035,22093.0,7419.0,11.268218403306504,5.2297,0.0,13.621,80.5727,0.179,0.0,0.3977,0.0,0.0,1089619193.0,0.0,6.808800769719922e-06,0.179,0,-0.03585884998484849,0.018412739,0.015376925,0.0,0.01537692453712225,train,Low,Low
1157,Louisiana,Lafayette,22055,52435.0,234963.0,30.88581948530128,4.7112,0.0403,11.9607,82.4047,0.5996,0.0,0.2613,0.0222,31.0,696045240.0,13.193566646663518,0.00033756857528398587,0.6621,1,-0.03585884998484849,0.9921286,0.9924987,0.007509205884197404,0.9849894899661749,test,High,High
1158,Louisiana,Evangeline,22039,30724.0,33765.0,11.918295669855354,5.9,0.0075,10.7848,82.8037,0.188,0.0,0.3121,0.0038,0.0,1715552082.0,0.0,1.968171083482151e-05,0.1993,0,-0.03585884998484849,0.009774682,0.0067086536,0.0,0.0067086536437273026,train,Low,Low
1159,Louisiana,Lincoln,22061,34527.0,47480.0,35.36470588235294,4.1488,0.0028,11.3262,83.4988,0.5947,0.0,0.4149,0.0138,4.0,1221806136.0,8.424599831508003,3.88605021705342e-05,0.6113000000000001,1,-0.03585884998484849,0.9653377,0.9656141,0.0047949168197643135,0.9608191636093129,train,High,High
1160,Louisiana,Saint Bernard,22087,43565.0,44091.0,13.225519815176826,2.7839,0.0161,9.5792,86.9184,0.3319,0.0,0.3609,0.0097,2.0,977743048.0,4.536073121498719,4.5094669903498e-05,0.35769999999999996,0,-0.03585884998484849,0.32476482,0.32280058,0.002581736075416861,0.3202188406114423,train,Low,Low
1161,Louisiana,Webster,22119,31920.0,40335.0,13.917581820158748,5.1656,0.0,11.0648,83.0928,0.2437,0.0,0.4305,0.0027,3.0,1536282651.0,7.437709185570845,2.6254934255584455e-05,0.2464,0,-0.03585884998484849,0.024384305,0.021369379,0.00423322146899237,0.01713615754478441,train,Low,Low
1162,Louisiana,West Baton Rouge,22121,53882.0,25017.0,19.674689394394093,5.311,0.0131,11.0107,83.0232,0.2227,0.0,0.4018,0.0175,1.0,498293891.0,3.997281848343127,5.020531146748496e-05,0.2533,0,-0.03585884998484849,0.6256662,0.6247545,0.002275079451996739,0.6224794090161734,test,Low,High
1163,Louisiana,Iberville,22047,46480.0,33159.0,13.386757750919601,4.7304,0.0038,11.6831,82.951,0.267,0.0,0.361,0.0038,1.0,1602243611.0,3.015772490123345,2.0695354796456104e-05,0.27460000000000007,0,-0.03585884998484849,0.1864794,0.18403146,0.0017164468967882749,0.18231500981211982,train,Low,Low
1164,Louisiana,Red River,22081,36831.0,8757.0,13.542569793653547,5.941,0.0,11.2173,82.0939,0.1939,0.0,0.5401,0.0138,0.0,1007739206.0,0.0,8.689748248218894e-06,0.2077,0,-0.03585884998484849,0.04245452,0.039502796,0.0,0.03950279578566551,train,Low,Low
1165,Louisiana,Morehouse,22067,30279.0,26739.0,13.655895976337964,3.8086,0.0,10.8675,84.6384,0.2587,0.0,0.4176,0.0091,0.0,2058870205.0,0.0,1.2987219852453011e-05,0.2678,0,-0.03585884998484849,0.017406033,0.014366698,0.0,0.014366698451340199,train,Low,Low
1166,Louisiana,Orleans,22071,37488.0,382922.0,36.17733796942293,1.2777,0.0575,7.4813,89.7915,1.124,0.0,0.2342,0.0337,60.0,438799508.0,15.668987417803105,0.0008726582254964607,1.2152000000000003,1,-0.03585884998484849,0.9845681,0.98491174,0.008918108019482153,0.9759936318067203,test,High,High
1167,Louisiana,Terrebonne,22109,48166.0,113099.0,14.3088369309449,4.4868,0.0023,12.8015,82.0193,0.2956,0.0,0.3842,0.0104,3.0,3190255110.0,2.6525433469791952,3.545139686336871e-05,0.3083,0,-0.03585884998484849,0.39439029,0.3926696,0.0015097126230276768,0.39115987570438016,train,Low,Low
1168,Louisiana,Calcasieu,22019,46457.0,197233.0,20.571623370083135,5.1196,0.0139,11.3513,82.8051,0.4202,0.0,0.2808,0.0091,15.0,2756538200.0,7.6052181937099785,7.155097651104563e-05,0.44320000000000004,0,-0.03585884998484849,0.7821524,0.78178805,0.004328560330974209,0.7774594907974133,train,Low,High
1169,Louisiana,Claiborne,22027,28927.0,16452.0,12.970069071373752,4.9044,0.0,11.8209,82.0339,0.2515,0.0,0.9809,0.0084,0.0,1955125391.0,0.0,8.414805554535403e-06,0.2599,0,-0.03585884998484849,0.016889852,0.01384871,0.0,0.013848709873855114,train,Low,Low
1170,Louisiana,Avoyelles,22009,34985.0,41252.0,10.13501414604448,5.0817,0.0358,11.1814,83.0024,0.1941,0.0,0.4956,0.009,3.0,2155855604.0,7.2723746727431395,1.91348622437702e-05,0.2389,0,-0.03585884998484849,0.037614297,0.034645647,0.004139120235426336,0.030506526575105282,train,Low,Low
1171,Louisiana,Assumption,22007,47822.0,22973.0,11.414232402522199,3.875,0.0058,11.4345,84.1534,0.1444,0.0,0.3869,0.0,0.0,877133400.0,0.0,2.61909989974159e-05,0.1502,0,-0.03585884998484849,0.13917871,0.13656531,0.0,0.13656531274318695,train,Low,Low
1172,Louisiana,Pointe Coupee,22077,44275.0,22366.0,13.936128780994416,6.4546,0.0,11.5883,81.4287,0.1917,0.0,0.3367,0.0,0.0,1443519879.0,0.0,1.549407134974412e-05,0.1917,0,-0.03585884998484849,0.14168836,0.13908374,0.0,0.13908374309539795,test,Low,Low
1173,Louisiana,Vermilion,22113,47083.0,59524.0,12.316488950703137,7.4775,0.0064,11.7127,80.2307,0.2337,0.0,0.3324,0.0064,0.0,3038599776.0,0.0,1.9589285983018515e-05,0.24649999999999997,0,-0.03585884998484849,0.12360127,0.12093339,0.0,0.12093339115381241,train,Low,Low
1174,Louisiana,Lafourche,22057,52071.0,97688.0,16.15804443077869,4.9313,0.0115,12.843,81.5954,0.2455,0.0,0.3708,0.0026,2.0,2766953347.0,2.0473343706494145,3.530525735315189e-05,0.2596,0,-0.03585884998484849,0.47867286,0.47724697,0.0011652539237286545,0.4760817160145495,train,Low,Low
1175,Louisiana,Concordia,22029,28405.0,20288.0,11.27436503248671,5.2467,0.0065,12.3379,81.7115,0.2477,0.0,0.4497,0.0,0.0,1805172274.0,0.0,1.1238816534138724e-05,0.2542,0,-0.03585884998484849,0.008423115,0.0053523583,0.0,0.00535235833376646,train,Low,Low
1176,Louisiana,La Salle,22059,35339.0,14927.0,11.043186748175902,7.9344,0.0,12.5388,78.6904,0.239,0.0,0.5975,0.0,0.0,1617924843.0,0.0,9.226015698184072e-06,0.239,0,-0.03585884998484849,0.0298422,0.026846364,0.0,0.02684636414051056,train,Low,Low
1177,Maine,Oxford,23017,42197.0,57299.0,18.1507340634116,2.6793,0.0162,6.7009,88.7568,0.8649,0.0,0.9405,0.0414,33.0,5379068422.0,57.59262814359762,1.0652216239832764e-05,0.9225,1,0.0230336305945946,0.8698375,0.8697799,0.03277922594582592,0.8370006588693901,train,High,High
1178,Maine,Lincoln,23015,53515.0,34165.0,32.44719732235602,3.5314,0.0359,6.5819,87.3418,1.4645,0.0,1.0058,0.0387,12.0,1180626214.0,35.12366456900337,2.8938032710833912e-05,1.5391,1,0.0230336305945946,0.9875804,0.9879346,0.01999086643662312,0.9679437229493633,test,High,High
1179,Maine,Waldo,23027,45480.0,39071.0,29.18158208745701,3.3819,0.0106,6.5448,87.2138,1.4931,0.0,1.2715,0.0844,13.0,1890504131.0,33.272759847457195,2.066697414690812e-05,1.5881,1,0.0230336305945946,0.97682995,0.9771465,0.01893741174932383,0.9582090945601854,test,High,High
1180,Maine,Penobscot,23019,45302.0,152978.0,24.73105157426356,2.76,0.0108,8.7119,86.5637,1.0747,0.0,0.791,0.0879,39.0,8798667306.0,25.49386186249003,1.7386496690888745e-05,1.1734,1,0.0230336305945946,0.9799612,0.98028874,0.014510000414265409,0.9657787435585129,train,High,High
1181,Maine,Piscataquis,23021,36938.0,17044.0,16.332025540426187,3.4638,0.0,7.7318,86.5219,0.699,0.0,1.5711,0.0124,4.0,10258683458.0,23.46866932644919,1.6614217672062614e-06,0.7113999999999999,1,0.0230336305945946,0.29996392,0.29791293,0.013357348662427226,0.28455557681936905,test,High,Low
1182,Maine,Androscoggin,23001,48728.0,107376.0,20.703830498423052,2.0113,0.024,6.655,89.3813,1.1022,0.0,0.7759,0.0502,29.0,1211937419.0,27.007897481746387,8.859863415109226e-05,1.1764000000000001,1,0.0230336305945946,0.97796965,0.9782902,0.015371723819731316,0.9629184764137282,test,High,High
1183,Maine,Aroostook,23003,38087.0,69405.0,18.093515277832395,3.0743,0.0,10.2747,84.7089,0.6452,0.0,1.2791,0.0177,18.0,17278038268.0,25.934730927166633,4.016949084349603e-06,0.6629,1,0.0230336305945946,0.8622804,0.8621963,0.01476092396384761,0.8474354022919507,train,High,High
1184,Maine,Washington,23029,39469.0,31925.0,20.096346506373365,3.5753,0.0,9.1091,85.1779,0.7949,0.0,1.3023,0.0406,10.0,6637326623.0,31.323414252153484,4.809918482747538e-06,0.8355,1,0.0230336305945946,0.55612725,0.5549723,0.01782792878640639,0.5371443622063304,train,High,High
1185,Maine,Cumberland,23005,61902.0,288204.0,44.05591004591082,2.2085,0.0609,6.3646,88.3274,2.3325,0.0,0.5732,0.1329,160.0,2164390945.0,55.51623155820183,0.00013315709006535325,2.5263,1,0.0230336305945946,0.9988575,0.99925107,0.03159743106999342,0.9676536365684038,train,High,High
1186,Maine,Knox,23013,52239.0,39717.0,30.225533628674988,2.9615,0.0286,6.9387,87.0811,1.9561,0.0,0.9664,0.0675,21.0,945693972.0,52.87408414532819,4.199772989564958e-05,2.0522,1,0.0230336305945946,0.9952311,0.995612,0.030093635361750644,0.9655183898991746,train,High,High
1187,Maine,Sagadahoc,23023,55766.0,35134.0,33.48925313128189,2.8917,0.0263,6.2624,87.9893,1.8635,0.0,0.8646,0.1022,16.0,657803473.0,45.53993282859908,5.341108924184716e-05,1.992,1,0.0230336305945946,0.9948146,0.9951941,0.02591935454003639,0.9692747229517239,train,High,High
1188,Maine,York,23031,59132.0,200536.0,30.065080403567368,2.4386,0.0179,6.4359,88.9636,1.4325,0.0,0.6593,0.0521,81.0,2566108149.0,40.39175010970599,7.814791441200477e-05,1.5025000000000002,1,0.0230336305945946,0.99798965,0.99838024,0.022989232231114588,0.9753910115471142,train,High,High
1189,Maine,Kennebec,23011,48570.0,120953.0,25.264303662617678,2.5351,0.0122,7.6036,87.8194,1.2675,0.0,0.7145,0.0478,43.0,2246806176.0,35.550999148429554,5.383330404375745e-05,1.3275000000000001,1,0.0230336305945946,0.9828387,0.9831763,0.0202340867442387,0.9629422042446835,train,High,High
1190,Maine,Franklin,23007,43007.0,30270.0,25.758772949105275,3.3169,0.0073,7.6945,86.8125,0.8901,0.0,1.2388,0.04,28.0,4395190336.0,92.50082590023125,6.887073752430093e-06,0.9374,1,0.0230336305945946,0.85624915,0.85614395,0.052647458018396674,0.803496493397619,train,High,High
1191,Maine,Somerset,23025,40484.0,51363.0,15.826763264436394,2.9529,0.0021,8.5014,86.6159,0.7461,0.0,1.1477,0.0338,19.0,10164092046.0,36.99160874559507,5.053378085080753e-06,0.782,1,0.0230336305945946,0.5682768,0.56716436,0.021054019242673628,0.5461103422342246,train,High,High
1192,Maine,Hancock,23009,50037.0,54483.0,32.51347378735914,3.313,0.0258,8.1212,85.6437,1.7312,0.0,1.0361,0.1291,47.0,4110284947.0,86.26544059614925,1.3255285388368478e-05,1.8861,1,0.0230336305945946,0.9848889,0.98523366,0.04909854715376012,0.9361351173588741,train,High,High
1193,Maryland,Allegany,24001,41559.0,73060.0,17.963105152284765,2.9588,0.0064,7.0202,88.2782,0.5095,0.0,1.2011,0.0257,23.0,1098571612.0,31.480974541472758,6.650454026114048e-05,0.5415999999999999,0,-0.11380678337698719,0.7264958,0.7259368,0.017917605269146663,0.7080191651700013,train,Low,High
1194,Maryland,Anne Arundel,24003,91918.0,559737.0,39.36501880273979,2.6086,0.0551,7.2472,87.6896,1.7778,0.0002,0.5348,0.0867,156.0,1074553083.0,27.870231912487473,0.0005209021395548869,1.9196,1,-0.11380678337698719,0.99518436,0.9955651,0.015862527175251905,0.9797025892302351,train,High,High
1195,Maryland,Calvert,24009,96808.0,90527.0,29.28563181420819,3.9374,0.025,7.758,85.8677,1.715,0.0,0.6175,0.0795,8.0,552178304.0,8.837142509969402,0.00016394523171993372,1.8195,1,-0.11380678337698719,0.9563207,0.95656556,0.005029718218927163,0.9515358406914427,train,High,High
1196,Maryland,Montgomery,24031,100352.0,1026371.0,58.10544946780932,1.5188,0.1558,4.7472,89.7662,3.2547,0.0,0.3873,0.17,363.0,1276884959.0,35.367328188345155,0.0008038085128701089,3.5805000000000002,1,-0.11380678337698719,0.9949791,0.9953591,0.02012954920020994,0.9752295735529334,train,High,High
1197,Maryland,Saint Mary'S,24037,86810.0,110675.0,29.90194050229633,3.9164,0.0186,7.3907,86.4041,1.4307,0.0,0.7619,0.0776,19.0,925665243.0,17.16738197424893,0.00011956266137995202,1.5269,1,-0.11380678337698719,0.9756074,0.9759197,0.009770929210403848,0.9661487943003383,train,High,High
1198,Maryland,Dorchester,24019,47907.0,32451.0,20.7675334227491,3.837,0.0183,6.5558,87.886,0.8734,0.0,0.7966,0.0329,12.0,1400542033.0,36.978829620042525,2.317031494619912e-05,0.9246,1,-0.11380678337698719,0.77958417,0.7792108,0.021046745918684443,0.7581640599742598,test,High,High
1199,Maryland,Cecil,24015,67938.0,102175.0,22.49166895079271,4.1853,0.0089,8.1504,85.6463,1.0033,0.0,0.9679,0.038,16.0,896852795.0,15.65940787863959,0.00011392616555317754,1.0502,1,-0.11380678337698719,0.89687365,0.89691055,0.008912655761288362,0.8879978924488556,test,High,High
1200,Maryland,Worcester,24047,57227.0,51441.0,29.935777915889787,3.0613,0.0292,7.6846,87.3313,1.074,0.0,0.7612,0.0584,22.0,1212832596.0,42.76744231255224,4.2413932614983906e-05,1.1616,1,-0.11380678337698719,0.98575634,0.98610413,0.024341373190903227,0.9617627575540308,train,High,High
1201,Maryland,Baltimore City,24510,44262.0,621000.0,29.719611109399768,0.6191,0.0367,2.6931,45.4572,0.9149,0.0,0.2451,0.0339,229.0,209643557.0,36.876006441223836,0.0029621706905116098,0.9855,1,-0.11380678337698719,0.9884942,0.9888516,0.02098822342510137,0.9678633834207544,train,High,High
1202,Maryland,Somerset,24039,35886.0,25899.0,13.97488059437467,2.9893,0.0058,7.4472,88.182,0.5166,0.0,0.8358,0.0232,0.0,828090979.0,0.0,3.1275549011867694e-05,0.5456,0,-0.11380678337698719,0.118644975,0.115959756,0.0,0.11595975607633591,test,Low,Low
1203,Maryland,Talbot,24041,61395.0,37668.0,35.83410334778591,4.0865,0.0452,6.7245,86.3764,1.9755,0.0,0.7197,0.0723,16.0,695519249.0,42.476372517786984,5.415809850576831e-05,2.093,1,-0.11380678337698719,0.98653907,0.9868896,0.02417570888843683,0.9627138918653474,train,High,High
1204,Maryland,Harford,24025,81052.0,249776.0,34.46659810200552,3.0272,0.0283,6.9677,88.0145,1.2026,0.0,0.6918,0.0679,48.0,1132089349.0,19.217218627890592,0.00022063276208775638,1.2988,1,-0.11380678337698719,0.99099123,0.9913573,0.010937607325078934,0.9804197191824894,train,High,High
1205,Maryland,Howard,24027,113800.0,308447.0,61.04420382472809,1.9045,0.1226,5.2404,89.3292,2.8531,0.0,0.3821,0.1681,185.0,649942723.0,59.97788923218576,0.00047457566503133233,3.1437999999999997,1,-0.11380678337698719,0.99592304,0.9963064,0.03413681310034283,0.9621696062722158,train,High,High
1206,Maryland,Prince George'S,24033,75925.0,897693.0,31.454209421544277,1.2341,0.0357,6.0976,90.8005,1.3448,0.0,0.433,0.0544,241.0,1250258133.0,26.846594548470357,0.0007180061271395065,1.4349,1,-0.11380678337698719,0.9910513,0.99141765,0.015279917186382405,0.9761377292216986,train,High,High
1207,Maryland,Baltimore,24005,68989.0,825666.0,37.198464912280706,1.0168,0.0262,4.1209,43.7845,0.7581,0.0,0.2083,0.0852,168.0,1549750698.0,20.347210615430452,0.0005327734332144821,0.8694999999999999,1,-0.11380678337698719,0.9941705,0.9945477,0.011580749752685958,0.98296697497113,train,High,High
1208,Maryland,Frederick,24021,85715.0,243465.0,39.73637069508385,3.4744,0.0463,6.3227,87.5972,1.8293,0.0,0.6182,0.1118,87.0,1710554389.0,35.73408908878073,0.00014233104867383438,1.9873999999999998,1,-0.11380678337698719,0.9949791,0.9953591,0.020338293597036164,0.9750208291561071,train,High,High
1209,Maryland,Garrett,24023,46277.0,29677.0,19.24235294117647,5.0068,0.0038,9.6392,83.9964,0.4311,0.0,0.9076,0.0151,15.0,1676036320.0,50.544192472284934,1.770665685812823e-05,0.45,0,-0.11380678337698719,0.5570857,0.5559341,0.028767562076996867,0.5271665094638357,train,Low,High
1210,Maryland,Kent,24029,55028.0,19819.0,30.542791499138428,6.0946,0.0319,7.4017,83.762,1.61,0.0,1.0202,0.0797,14.0,717510794.0,70.63928553408346,2.76218841106382e-05,1.7216,1,-0.11380678337698719,0.97644275,0.976758,0.040204817453374724,0.9365531857814886,train,High,High
1211,Maryland,Carroll,24013,87060.0,167535.0,33.701431136367596,4.1717,0.0273,6.4674,87.1602,1.3349,0.0,0.772,0.0665,13.0,1159279521.0,7.759572626615334,0.00014451648369970645,1.4287,1,-0.11380678337698719,0.9822719,0.98260754,0.004416412179292872,0.9781911312891824,train,High,High
1212,Maryland,Queen Anne'S,24035,85891.0,48712.0,34.973591549295776,5.7069,0.0322,7.3607,84.617,1.5014,0.0,0.7432,0.0387,13.0,962645492.0,26.687469206766302,5.060222107184604e-05,1.5723,1,-0.11380678337698719,0.9895448,0.98990583,0.015189349943706507,0.9747164842542916,train,High,High
1213,Maryland,Charles,24017,91373.0,154357.0,27.363184079601986,2.3248,0.0208,7.0705,88.4975,1.4111,0.0,0.6208,0.0545,22.0,1185656914.0,14.252673995996295,0.0001301869016048263,1.4864,1,-0.11380678337698719,0.96131164,0.96157396,0.008112003850251384,0.9534619545466603,train,High,High
1214,Maryland,Washington,24043,56316.0,149571.0,20.097566619104544,3.6751,0.0162,5.8706,88.4962,0.9841,0.0,0.9032,0.0545,49.0,1185609336.0,32.76036129998462,0.00012615538310842045,1.0548,1,-0.11380678337698719,0.94255185,0.94274855,0.018645776720617752,0.9241027698797241,train,High,High
1215,Maryland,Wicomico,24045,53508.0,101527.0,27.37731269896303,2.6701,0.0176,6.7219,88.8139,1.0302,0.0,0.7017,0.0446,16.0,969736590.0,15.759354654426902,0.00010469544105786501,1.0924,1,-0.11380678337698719,0.94217384,0.9423692,0.008969541131025624,0.9333996815099656,train,High,High
1216,Maryland,Caroline,24011,50830.0,32653.0,15.297000499160504,4.8647,0.013,7.2125,85.9716,0.8097,0.0,1.1154,0.013,1.0,827350236.0,3.0625057421982667,3.946696160729687e-05,0.8357,1,-0.11380678337698719,0.5436056,0.54240686,0.0017430454368848928,0.5406638115768175,train,High,High
1217,Massachusetts,Barnstable,25001,65382.0,214703.0,41.09605664739183,2.1824,0.0485,6.2256,88.9514,2.2282,0.0,0.3011,0.0627,137.0,1020989893.0,63.80907579307229,0.00021028905523161727,2.3394000000000004,1,-0.050767776076712325,0.9989411,0.999335,0.03631735831885222,0.9630176326593888,train,High,High
1218,Massachusetts,Berkshire,25003,52253.0,128563.0,32.63307432359715,2.1483,0.0347,5.8645,89.7761,1.7671,0.0,0.3446,0.0648,92.0,2400678867.0,71.56024672728546,5.355276866358153e-05,1.8665999999999998,1,-0.050767776076712325,0.9972721,0.9976601,0.04072898861924054,0.9569311118408119,train,High,High
1219,Massachusetts,Plymouth,25023,77627.0,506657.0,35.01765832291798,1.8971,0.0376,7.4215,89.0051,1.3146,0.0,0.2651,0.059,174.0,1706313612.0,34.342760486877715,0.0002969307614009704,1.4112,1,-0.050767776076712325,0.9986272,0.99902004,0.0195464097036157,0.9794736303316322,train,High,High
1220,Massachusetts,Norfolk,25021,90226.0,691218.0,51.20794002640034,1.4211,0.0849,6.1228,89.9826,2.0828,0.0,0.1925,0.1132,353.0,1025875907.0,51.069271922895524,0.0006737832473533273,2.2809000000000004,1,-0.050767776076712325,0.99888605,0.9992798,0.02906641452575403,0.970213382551425,train,High,High
1221,Massachusetts,Nantucket,25019,89428.0,10694.0,42.01669877970456,2.4147,0.1167,9.8679,86.0338,1.1797,0.0,0.3379,0.0492,19.0,119431671.0,177.66972133906864,8.954073831890035e-05,1.3456,1,-0.050767776076712325,0.99534494,0.9957263,0.10112189922960967,0.89460438813535,train,High,High
1222,Massachusetts,Suffolk,25025,57439.0,767719.0,42.72083824191401,1.0071,0.1198,5.419,90.752,2.2963,0.0,0.3259,0.0798,709.0,150865086.0,92.35149839980514,0.005088778459981125,2.4959000000000002,1,-0.050767776076712325,0.9989411,0.999335,0.05256246728200957,0.9467725236962314,train,High,High
1223,Massachusetts,Dukes,25007,63534.0,17137.0,39.784692754989784,2.972,0.2323,6.9303,87.1433,2.2663,0.0,0.3375,0.1184,18.0,267455938.0,105.035887261481,6.407410554481687e-05,2.617,1,-0.050767776076712325,0.9974486,0.99783736,0.05978187125581159,0.9380554934178029,test,High,High
1224,Massachusetts,Middlesex,25017,89019.0,1567610.0,53.004569304165486,1.3893,0.1198,5.4549,89.9794,2.7136,0.0,0.1825,0.1605,1341.0,2117856970.0,85.54423613015993,0.0007401869069562332,2.9939,1,-0.050767776076712325,0.99888605,0.9992798,0.04868806885287656,0.9505917282243024,train,High,High
1225,Massachusetts,Bristol,25005,59343.0,554868.0,26.519050645440245,1.7748,0.0268,5.5642,91.1839,1.1242,0.0,0.2835,0.0426,164.0,1432482514.0,29.556579222445702,0.0003873471365808239,1.1936,1,-0.050767776076712325,0.9942456,0.99462306,0.01682232292130524,0.9778007420735068,train,High,High
1226,Massachusetts,Hampden,25013,51005.0,468072.0,26.234486739569636,1.6405,0.0222,5.3655,91.5692,1.0609,0.0,0.27,0.0717,190.0,1598136446.0,40.5920456681878,0.0002928861307002569,1.1548,1,-0.050767776076712325,0.9946201,0.9949989,0.023103231775484234,0.9718956405046366,train,High,High
1227,Massachusetts,Essex,25009,70886.0,769362.0,38.04032560767081,1.3454,0.0535,5.6455,91.1844,1.4873,0.0,0.1942,0.0897,337.0,1275359633.0,43.80252728884452,0.0006032510204123734,1.6305,1,-0.050767776076712325,0.9988134,0.99920684,0.024930498664156808,0.9742763423278171,train,High,High
1228,Massachusetts,Franklin,25011,56347.0,70916.0,35.89993130295397,3.2115,0.0616,5.1364,88.2931,2.7286,0.0,0.4245,0.1442,65.0,1810952650.0,91.65773591291105,3.915949983562519e-05,2.9344,1,-0.050767776076712325,0.9984243,0.99881643,0.052167607765372506,0.9466488228033225,test,High,High
1229,Massachusetts,Worcester,25027,67005.0,813589.0,34.826148684698374,1.8537,0.0498,6.1748,90.0478,1.5367,0.0,0.2674,0.0698,348.0,3912530796.0,42.773439660565714,0.00020794443351903523,1.6563,1,-0.050767776076712325,0.9988721,0.99926573,0.024344786621266556,0.9749209437597454,train,High,High
1230,Massachusetts,Hampshire,25015,62608.0,161035.0,44.72253554044854,2.571,0.1067,4.9446,88.6374,3.2394,0.0,0.3175,0.1833,130.0,1365512869.0,80.7277920948862,0.00011793004932859406,3.5294,1,-0.050767776076712325,0.99901485,0.999409,0.045946757814005104,0.9534622621330469,test,High,High
1231,Michigan,Mason,26105,43497.0,28755.0,20.762052877138416,3.739,0.0,11.7734,83.5538,0.6098,0.0,0.3049,0.0191,14.0,1282237606.0,48.68718483741958,2.2425640821518692e-05,0.6289,1,-0.06885448930004273,0.9027831,0.9028407,0.027710633876140974,0.8751300400473515,train,High,High
1232,Michigan,Menominee,26109,41235.0,23568.0,15.85605360443623,4.1922,0.0,11.72,83.1256,0.6002,0.0,0.3345,0.0275,0.0,2704030473.0,0.0,8.715878106895875e-06,0.6276999999999999,1,-0.06885448930004273,0.21872365,0.2163885,0.0,0.2163884937763214,train,High,Low
1233,Michigan,Montcalm,26117,43126.0,62922.0,12.561792561792561,4.069,0.0051,10.9825,84.107,0.4584,0.0,0.3369,0.041,6.0,1826967219.0,9.535615523982072,3.444068363440078e-05,0.5045,0,-0.06885448930004273,0.31844383,0.31645748,0.005427258763288109,0.31103022142889636,train,Low,Low
1234,Michigan,Missaukee,26113,42077.0,15032.0,13.408894438574585,4.8155,0.0,13.0508,81.3299,0.3654,0.0,0.4238,0.0146,1.0,1462638198.0,6.652474720596062,1.0277319449577236e-05,0.38,0,-0.06885448930004273,0.15943831,0.15689579,0.0037863000698910593,0.1531094864539279,train,Low,Low
1235,Michigan,Saint Joseph,26149,45410.0,60923.0,15.323116282502275,3.8123,0.0116,10.5195,84.7374,0.5601,0.0,0.3225,0.0367,4.0,1296553523.0,6.565664855637444,4.698841884987111e-05,0.6084,1,-0.06885448930004273,0.53416985,0.53293806,0.0037368916600037695,0.52920117148468,train,High,High
1236,Michigan,Saint Clair,26147,50930.0,160069.0,17.59054483592246,3.3319,0.0102,13.4631,82.4999,0.3634,0.0,0.3028,0.0286,10.0,1867861159.0,6.2473058493524665,8.569641229956107e-05,0.4022,0,-0.06885448930004273,0.8056524,0.8053702,0.0035556955219688013,0.8018145160792886,train,Low,High
1237,Michigan,Van Buren,26159,47141.0,75216.0,20.329659535176127,3.3416,0.0173,9.9324,85.4013,0.9082,0.0,0.3517,0.0476,11.0,1574150150.0,14.624547968517337,4.778197302207798e-05,0.9731,1,-0.06885448930004273,0.9121397,0.91223,0.008323658385936855,0.9039063564150885,train,High,High
1238,Michigan,Washtenaw,26161,62484.0,358082.0,53.23583841119386,1.8944,0.0768,8.7026,86.4268,2.3955,0.0,0.2102,0.2936,134.0,1828428383.0,37.421596170709506,0.00019584141404131768,2.7659000000000002,1,-0.06885448930004273,0.9977622,0.99815196,0.02129874943499177,0.9768532085537472,train,High,High
1239,Michigan,Arenac,26011,39240.0,15327.0,11.38631192018204,3.7779,0.0,13.0752,82.3699,0.4354,0.0,0.3282,0.0134,0.0,940660641.0,0.0,1.6293867662737683e-05,0.44880000000000003,0,-0.06885448930004273,0.06172752,0.058843214,0.0,0.0588432140648365,train,Low,Low
1240,Michigan,Barry,26015,56883.0,59316.0,18.91648843087692,4.6372,0.0094,10.6025,83.6629,0.7185,0.0,0.3358,0.0338,3.0,1432507987.0,5.0576572931418164,4.140709897486945e-05,0.7617,1,-0.06885448930004273,0.82680416,0.82659596,0.0028785991629881854,0.8237173628845887,train,High,High
1241,Michigan,Cass,26027,47991.0,51795.0,17.374527940452083,4.1151,0.0306,10.0227,84.7531,0.7343,0.0,0.3213,0.0229,5.0,1269354633.0,9.653441451877594,4.080419975116599e-05,0.7878,1,-0.06885448930004273,0.82370776,0.8234887,0.005494320170924066,0.8179943921398669,train,High,High
1242,Michigan,Iron,26071,33137.0,11393.0,18.14000448732331,3.628,0.0,12.7719,82.5636,0.6386,0.0,0.398,0.0,3.0,3020278450.0,26.331958219959624,3.7721687548378198e-06,0.6386,1,-0.06885448930004273,0.43870747,0.43714178,0.01498700850976979,0.4221547675751301,train,High,Low
1243,Michigan,Benzie,26019,48694.0,17462.0,25.628411100007686,3.3985,0.0106,10.6834,84.6403,0.9384,0.0,0.2916,0.0371,7.0,828029228.0,40.08704615737029,2.108862756231112e-05,0.9861000000000001,1,-0.06885448930004273,0.9619981,0.9622628,0.022815807957520147,0.9394470013190607,train,High,High
1244,Michigan,Roscommon,26143,35959.0,23900.0,13.936987026740798,2.9922,0.004,12.8075,83.4624,0.4033,0.0,0.2662,0.0645,5.0,1345852870.0,20.920502092050206,1.775825614578509e-05,0.4718,0,-0.06885448930004273,0.13727131,0.13465126,0.011907042395523515,0.12274421619231371,train,Low,Low
1245,Michigan,Schoolcraft,26153,36649.0,8186.0,15.730888852512686,3.6873,0.0,14.3062,81.1726,0.5081,0.0,0.3127,0.013,0.0,3033820559.0,0.0,2.6982479157232185e-06,0.5211,0,-0.06885448930004273,0.05840492,0.05550899,0.0,0.055508989840745926,train,Low,Low
1246,Michigan,Wayne,26163,42043.0,1767593.0,22.338065395235297,0.9733,0.0212,10.5241,87.3532,0.603,0.0002,0.2212,0.3038,272.0,1585112017.0,15.388157794243357,0.001115121821702775,0.9279999999999999,1,-0.06885448930004273,0.940038,0.9402259,0.00875827197831393,0.931467627241199,train,High,High
1247,Michigan,Branch,26023,46428.0,43603.0,13.627395244624285,3.7046,0.0,11.0235,84.198,0.7121,0.0,0.3363,0.0254,5.0,1311513992.0,11.46710088755361,3.324630943014751e-05,0.7374999999999999,1,-0.06885448930004273,0.47980657,0.47838464,0.006526576456964247,0.47185806733614183,train,High,Low
1248,Michigan,Grand Traverse,26055,55597.0,90715.0,31.671327698892167,2.8004,0.0162,11.0492,84.8397,0.9958,0.0,0.2435,0.0554,56.0,1202643276.0,61.73179738742214,7.542968210965992e-05,1.0674,1,-0.06885448930004273,0.9914225,0.9917901,0.03513506154917857,0.9566550542841039,train,High,High
1249,Michigan,Jackson,26075,47709.0,159483.0,20.585925371226097,3.1298,0.0097,11.9318,83.8064,0.6499,0.0,0.3981,0.0743,25.0,1817308326.0,15.675651950364616,8.775781066883198e-05,0.7339000000000001,1,-0.06885448930004273,0.9665318,0.9668124,0.008921901182352102,0.9578904710252895,train,High,High
1250,Michigan,Genesee,26049,43246.0,413090.0,19.903332722878762,1.948,0.0062,14.0127,83.2389,0.4369,0.0,0.2727,0.0847,31.0,1649729500.0,7.504417923454937,0.0002503986259565583,0.5278,0,-0.06885448930004273,0.79605657,0.79574084,0.004271189189204954,0.7914696536300089,test,Low,High
1251,Michigan,Antrim,26009,48825.0,23215.0,26.685945633314056,3.6027,0.0177,11.3606,84.1659,0.557,0.0,0.2608,0.0354,6.0,1232064099.0,25.845358604350636,1.8842363817631214e-05,0.6101000000000001,1,-0.06885448930004273,0.9152801,0.9153814,0.01471005711409065,0.9006713148608544,train,High,High
1252,Michigan,Livingston,26093,76764.0,185841.0,34.00237603951729,2.8912,0.0162,13.0689,82.8312,0.8066,0.0,0.253,0.1329,21.0,1463696909.0,11.299982242885047,0.0001269668596396551,0.9557,1,-0.06885448930004273,0.99472886,0.99510807,0.006431459772938429,0.9886766082164109,train,High,High
1253,Michigan,Iosco,26069,38900.0,25373.0,16.254869797006357,2.9154,0.0041,12.8222,83.444,0.4031,0.0,0.3542,0.057,8.0,1422205035.0,31.529578686004808,1.7840606224544832e-05,0.4642,0,-0.06885448930004273,0.41868085,0.41704512,0.017945268640082734,0.3990998477844778,train,Low,Low
1254,Michigan,Manistee,26101,42530.0,24465.0,19.917264202978487,3.3594,0.0088,11.6591,84.0242,0.5797,0.0,0.3381,0.0307,10.0,1404203525.0,40.87471898630697,1.742268806795653e-05,0.6192,1,-0.06885448930004273,0.68755394,0.68685865,0.023264117167628207,0.6635945368545886,train,High,High
1255,Michigan,Montmorency,26119,37145.0,9317.0,11.78369652945924,4.278,0.0,13.3034,81.6987,0.4382,0.0,0.2817,0.0,3.0,1415851589.0,32.19920575292476,6.580491961435373e-06,0.4382,0,-0.06885448930004273,0.10254024,0.099798694,0.01832639132250802,0.08147230293045982,train,Low,Low
1256,Michigan,Gladwin,26051,39629.0,25367.0,13.392428045068616,4.4345,0.0041,12.3149,82.4466,0.443,0.0,0.3405,0.0164,1.0,1299615518.0,3.942129538376631,1.9518849727985473e-05,0.4635,0,-0.06885448930004273,0.13186419,0.12922521,0.002243689149312193,0.12698152020604211,train,Low,Low
1257,Michigan,Mecosta,26107,41827.0,43259.0,21.206857488105125,4.3777,0.0093,11.4708,83.1883,0.6276,0.0,0.2952,0.0311,6.0,1437626842.0,13.869946138375829,3.0090562262887967e-05,0.668,1,-0.06885448930004273,0.77779543,0.7774158,0.007894171753938242,0.7695216402615952,train,High,High
1258,Michigan,Marquette,26103,46822.0,67418.0,30.050408871961466,3.0543,0.009,12.1957,83.8935,0.586,0.0,0.247,0.0144,12.0,4683963838.0,17.799400753507967,1.4393364750823254e-05,0.6093999999999999,1,-0.06885448930004273,0.95423603,0.95447356,0.010130646886695377,0.9443429082013478,train,High,High
1259,Michigan,Osceola,26133,39247.0,23172.0,13.038584203614533,5.1921,0.0,11.6753,82.4072,0.3559,0.0,0.3285,0.0411,5.0,1467044588.0,21.577766269635767,1.5795020948606643e-05,0.397,0,-0.06885448930004273,0.2879694,0.28587645,0.012281128657561369,0.2735953242652597,train,Low,Low
1260,Michigan,Otsego,26137,50793.0,24198.0,20.479867947886575,4.0861,0.0087,13.3406,81.7866,0.4999,0.0,0.2521,0.0261,10.0,1333825812.0,41.325729399123894,1.814179916320288e-05,0.5347000000000001,0,-0.06885448930004273,0.73487073,0.73434097,0.023520812732706176,0.710820153015127,train,Low,High
1261,Michigan,Cheboygan,26031,41023.0,25579.0,18.259376788222443,3.5085,0.0124,12.0403,83.3368,0.7925,0.0,0.2931,0.0165,8.0,1852528263.0,31.27565581140779,1.3807616602068542e-05,0.8213999999999999,1,-0.06885448930004273,0.6516943,0.6508736,0.017800746753384385,0.6330728546832306,train,High,High
1262,Michigan,Luce,26095,38167.0,6451.0,13.83238405207486,4.2892,0.0,14.7467,80.4534,0.2655,0.0,0.2451,0.0,1.0,2328606181.0,15.50147263990079,2.77032675281729e-06,0.2655,0,-0.06885448930004273,0.06812854,0.065266624,0.008822765873601365,0.05644385821945436,train,Low,Low
1263,Michigan,Macomb,26099,55951.0,859703.0,23.797832075317068,1.3676,0.0303,14.1838,83.6152,0.4576,0.0,0.2132,0.1322,70.0,1240902197.0,8.142346833732114,0.0006928048012795967,0.6201,1,-0.06885448930004273,0.97171843,0.9720171,0.0046342706557289766,0.9673828387383445,train,High,High
1264,Michigan,Shiawassee,26155,48470.0,68800.0,15.766325048927799,3.4625,0.0059,12.94,82.6832,0.4411,0.0,0.3693,0.0982,11.0,1374710887.0,15.988372093023255,5.0046886694947665e-05,0.5452,0,-0.06885448930004273,0.7233295,0.72275937,0.009099887923788175,0.7136594781116733,train,Low,High
1265,Michigan,Baraga,26013,42810.0,8612.0,15.649330426658361,3.9605,0.0,12.5883,82.8033,0.2945,0.0,0.3534,0.0,1.0,2326506042.0,11.61170459823502,3.7016882159466146e-06,0.2945,0,-0.06885448930004273,0.10488826,0.102154925,0.006608878617115932,0.09554604684846787,test,Low,Low
1266,Michigan,Charlevoix,26029,48603.0,26172.0,28.49787211684968,3.1462,0.082,11.7945,83.9894,0.5927,0.0,0.3579,0.0373,11.0,1078324745.0,42.02965000764175,2.4270981558528548e-05,0.712,1,-0.06885448930004273,0.9731653,0.973469,0.023921453811578265,0.9495475651245789,train,High,High
1267,Michigan,Eaton,26045,56472.0,108544.0,25.227336271285733,2.9419,0.0078,12.4379,83.4806,0.7614,0.0,0.2991,0.0713,20.0,1489703574.0,18.425707547169814,7.286281774067893e-05,0.8405,1,-0.06885448930004273,0.9694652,0.969756,0.01048711354853376,0.9592688936459853,train,High,High
1268,Michigan,Gogebic,26053,35833.0,15650.0,17.544744139147973,4.743,0.0,11.3083,83.2007,0.4775,0.0,0.2626,0.008,2.0,2853813312.0,12.779552715654953,5.4838906014606184e-06,0.4855,0,-0.06885448930004273,0.114629455,0.11193019,0.007273567111898071,0.10465662440497815,train,Low,Low
1269,Michigan,Emmet,26047,51096.0,33091.0,32.88219917362341,3.1422,0.1276,12.1592,83.3605,0.8901,0.0,0.2641,0.0564,23.0,1210886743.0,69.50530355685837,2.732790675205204e-05,1.0741,1,-0.06885448930004273,0.9783965,0.9787185,0.03955940409669866,0.9391591151141168,train,High,High
1270,Michigan,Monroe,26115,56968.0,149945.0,18.799922824618946,3.1856,0.0095,12.3231,83.5306,0.6153,0.0,0.2845,0.0513,20.0,1423002774.0,13.33822401547234,0.00010537224715206352,0.6760999999999999,1,-0.06885448930004273,0.9488504,0.9490691,0.007591538584227871,0.9414775441527411,train,High,High
1271,Michigan,Hillsdale,26059,44458.0,46024.0,16.674140029466404,4.6277,0.0077,11.3646,83.181,0.4816,0.0,0.309,0.0283,5.0,1549199574.0,10.863897097166696,2.9708244678358013e-05,0.5176,0,-0.06885448930004273,0.6200153,0.6190838,0.006183259022531984,0.612900562750997,train,Low,High
1272,Michigan,Oceana,26127,41952.0,26152.0,17.05208801077683,4.5032,0.0,10.9993,83.6916,0.5053,0.0,0.2767,0.0241,4.0,1326431592.0,15.295197308045275,1.9716056340732873e-05,0.5294,0,-0.06885448930004273,0.33967492,0.33776283,0.008705362901591069,0.3290574697400105,train,Low,Low
1273,Michigan,Clare,26035,34911.0,30608.0,11.37007874015748,4.2141,0.0036,11.8751,83.0428,0.4718,0.0,0.3782,0.0144,7.0,1461621715.0,22.86983795086252,2.094112292249298e-05,0.4898,0,-0.06885448930004273,0.09101623,0.08823438,0.013016519816852356,0.07521786007072852,test,Low,Low
1274,Michigan,Keweenaw,26083,41472.0,2195.0,24.853801169590643,3.3738,0.045,10.8862,85.0652,0.2699,0.0,0.2699,0.09,3.0,1398883253.0,136.6742596810934,1.5691087839479626e-06,0.4048999999999999,0,-0.06885448930004273,0.5091934,0.5078743,0.07778906057029941,0.43008524944633264,train,Low,High
1275,Michigan,Ottawa,26139,61367.0,276583.0,31.602797928071798,2.7397,0.0268,10.3848,85.549,0.926,0.0,0.2816,0.0921,70.0,1459662264.0,25.308858462016826,0.0001894842435962296,1.0449000000000002,1,-0.06885448930004273,0.99629104,0.99667567,0.014404704502959937,0.9822709656439822,test,High,High
1276,Michigan,Alpena,26007,39832.0,28929.0,16.775413711583926,2.9677,0.0038,14.9365,81.3794,0.4337,0.0,0.23,0.049,3.0,1481125303.0,10.370216737529814,1.9531770837622373e-05,0.4865,0,-0.06885448930004273,0.30846325,0.306442,0.0059022775744687755,0.30053971494681725,train,Low,Low
1277,Michigan,Midland,26111,54852.0,83559.0,32.885100460989825,2.9899,0.0186,12.03,83.5211,1.1146,0.0,0.2447,0.0811,15.0,1337099821.0,17.95138764226475,6.249271646563177e-05,1.2143,1,-0.06885448930004273,0.9837915,0.9841324,0.010217151231573334,0.9739152578641909,train,High,High
1278,Michigan,Ogemaw,26129,36941.0,21103.0,11.363781539444268,4.6057,0.0,12.1302,82.5517,0.3512,0.0,0.3463,0.0148,1.0,1459438802.0,4.738662749372128,1.4459667627776283e-05,0.366,0,-0.06885448930004273,0.038508374,0.03554285,0.0026970413045824012,0.032845808146721084,train,Low,Low
1279,Michigan,Crawford,26039,41034.0,13840.0,16.677966101694917,3.2528,0.0,12.9294,83.1982,0.41,0.0,0.2096,0.0,4.0,1440763922.0,28.901734104046245,9.60601510675529e-06,0.41,0,-0.06885448930004273,0.35143775,0.34956682,0.016449613482833067,0.3331172038007973,train,Low,Low
1280,Michigan,Gratiot,26057,42145.0,41676.0,14.253361641896673,4.027,0.0,12.1937,82.897,0.4455,0.0,0.3992,0.0376,6.0,1472309904.0,14.396775122372588,2.830654055017482e-05,0.48310000000000003,0,-0.06885448930004273,0.2899521,0.2878661,0.008194019961215434,0.27967206580653053,train,Low,Low
1281,Michigan,Lenawee,26091,49300.0,98673.0,19.932777588581075,3.6957,0.0046,12.2444,83.0824,0.5678,0.0,0.3425,0.0626,5.0,1941350734.0,5.067242305392559,5.0826982611582024e-05,0.635,1,-0.06885448930004273,0.7846786,0.78432304,0.0028840545362258368,0.781438982134459,train,High,High
1282,Michigan,Mackinac,26097,40747.0,10998.0,19.108887300452704,3.7481,0.0192,12.5096,82.7071,0.6902,0.0,0.2876,0.0383,5.0,2646811928.0,45.46281142025823,4.155187561176806e-06,0.7477,1,-0.06885448930004273,0.41608375,0.41443893,0.025875460379433717,0.38856347275464526,train,High,Low
1283,Michigan,Houghton,26061,39080.0,36565.0,30.96126924871675,3.7084,0.0146,10.8703,84.7,0.4736,0.0,0.2113,0.0219,6.0,2613513997.0,16.40913441815944,1.3990741982622717e-05,0.5101,0,-0.06885448930004273,0.85739124,0.85729,0.009339367589323517,0.8479506619364333,train,Low,High
1284,Michigan,Lake,26085,30824.0,11415.0,9.049307859512641,3.9212,0.0,10.2779,85.1339,0.3335,0.0,0.3234,0.0101,2.0,1469857281.0,17.520805957074025,7.766060111791221e-06,0.3436,0,-0.06885448930004273,0.037339244,0.03436963,0.009972082812194902,0.024397546064252776,train,Low,Low
1285,Michigan,Presque Isle,26141,41570.0,12955.0,16.658398650659787,4.2508,0.0074,14.432,80.2711,0.4936,0.0,0.5231,0.0221,11.0,1706067766.0,84.90930142802007,7.593485005800174e-06,0.5231,0,-0.06885448930004273,0.3046405,0.30260587,0.04832669155975503,0.2542791758261092,train,Low,Low
1286,Michigan,Kalamazoo,26077,49693.0,258605.0,36.10072005345757,2.0007,0.0289,9.3884,86.8763,1.3604,0.0,0.2626,0.0827,73.0,1456081718.0,28.228379188337428,0.00017760335618745816,1.472,1,-0.06885448930004273,0.99725986,0.99764794,0.016066369070566987,0.9815815720419513,train,High,High
1287,Michigan,Newaygo,26123,44049.0,47957.0,14.339291655324683,4.5008,0.0044,10.0891,84.5928,0.4795,0.0,0.3139,0.0196,3.0,2112559448.0,6.255603978564131,2.2700899634044285e-05,0.5035,0,-0.06885448930004273,0.2798667,0.2777454,0.0035604184571972233,0.27418497744162174,train,Low,Low
1288,Michigan,Calhoun,26025,44681.0,134691.0,20.75081873530123,2.6092,0.0107,10.2017,85.8489,0.9163,0.0,0.3687,0.0445,31.0,1829249870.0,23.015643212983793,7.363182155098363e-05,0.9715,1,-0.06885448930004273,0.9558207,0.95606375,0.013099505847968124,0.9429642415580377,train,High,High
1289,Michigan,Kent,26081,54673.0,629352.0,33.657364238637506,2.1034,0.0244,10.0423,86.4955,1.0325,0.0,0.2353,0.0666,120.0,2195453261.0,19.067231056705946,0.0002866615341714624,1.1235,1,-0.06885448930004273,0.99436486,0.99474275,0.010852240905045649,0.9838905102164753,train,High,High
1290,Michigan,Saginaw,26145,43712.0,195201.0,20.726390415892634,2.081,0.0341,13.057,83.8863,0.518,0.0012,0.3016,0.1207,27.0,2073181589.0,13.831896352989995,9.415528337493836e-05,0.6728000000000001,1,-0.06885448930004273,0.9342781,0.9344458,0.007872515466448763,0.9265732829306155,train,High,High
1291,Michigan,Bay,26017,45851.0,106107.0,18.11385239773577,2.5725,0.0098,13.2397,83.1849,0.6693,0.0,0.2649,0.0589,16.0,1145557693.0,15.079118248560416,9.262475443041698e-05,0.738,1,-0.06885448930004273,0.879075,0.87904966,0.008582380073036073,0.8704672787022936,train,High,High
1292,Michigan,Delta,26041,42353.0,36570.0,20.5776854823485,3.903,0.0121,12.1293,83.091,0.5472,0.0,0.2993,0.0181,2.0,3033119057.0,5.468963631391851,1.2056895661778173e-05,0.5774,1,-0.06885448930004273,0.4990196,0.49766487,0.003112696890927121,0.4945521719407074,train,High,Low
1293,Michigan,Chippewa,26033,42287.0,38330.0,19.710682773507024,4.2938,0.0036,13.0167,81.7168,0.6343,0.0,0.3243,0.0107,5.0,4036315424.0,13.044612575006521,9.496284599585347e-06,0.6486000000000001,1,-0.06885448930004273,0.56217295,0.56103915,0.007424427687268771,0.5536147220739311,train,High,High
1294,Michigan,Allegan,26005,55630.0,113666.0,21.419412241907203,3.8062,0.0119,10.3719,84.6685,0.7576,0.0,0.3085,0.0753,26.0,2137349551.0,22.874034451814968,5.3180819181784834e-05,0.8448000000000001,1,-0.06885448930004273,0.9505703,0.950795,0.013018908283177578,0.9377760865479077,test,High,High
1295,Michigan,Oakland,26125,69850.0,1235215.0,45.02095248717118,1.5366,0.0454,13.3646,83.6086,0.9442,0.0002,0.2462,0.2543,271.0,2246702102.0,21.939500410859647,0.000549790289910006,1.2439,1,-0.06885448930004273,0.996837,0.99722356,0.012487012041072406,0.9847365440006451,train,High,High
1296,Michigan,Alger,26003,41270.0,9396.0,18.095238095238095,4.5135,0.013,12.6561,81.9329,0.5853,0.0,0.2732,0.026,2.0,2370036407.0,21.285653469561517,3.964496061009244e-06,0.6243000000000001,1,-0.06885448930004273,0.31523854,0.31324098,0.01211487072171188,0.3011261044198134,train,High,Low
1297,Michigan,Muskegon,26121,43920.0,172148.0,18.022423458387234,2.4443,0.011,10.1257,86.4428,0.6874,0.0,0.2641,0.0247,20.0,1295054825.0,11.617910170318563,0.0001329271909395805,0.7231000000000001,1,-0.06885448930004273,0.8825063,0.88249296,0.00661241055958854,0.8758805489397706,train,High,High
1298,Michigan,Leelanau,26089,59018.0,21764.0,41.13543420736108,3.6234,0.0513,10.3834,84.0355,1.4248,0.0,0.3741,0.1076,9.0,899207290.0,41.3526925197574,2.420354043170624e-05,1.5836999999999999,1,-0.06885448930004273,0.9901518,0.990515,0.023536158971486015,0.9669788346961166,train,High,High
1299,Michigan,Lapeer,26087,54174.0,88310.0,17.77709099189954,4.5038,0.0107,13.3348,81.3878,0.3557,0.0,0.3307,0.0764,8.0,1668449552.0,9.05899671611369,5.2929379791040875e-05,0.44279999999999997,0,-0.06885448930004273,0.73196924,0.73142934,0.0051559880104724174,0.7262733504447277,train,Low,High
1300,Michigan,Sanilac,26151,42037.0,41761.0,13.112234442243324,5.2073,0.0052,12.8844,81.2357,0.2805,0.0,0.3818,0.0052,6.0,2493045863.0,14.367472043293983,1.6750995487001196e-05,0.2909,0,-0.06885448930004273,0.2489379,0.24670844,0.008177341919580815,0.2385310958808266,test,Low,Low
1301,Michigan,Isabella,26073,40706.0,70574.0,28.19299652499332,3.763,0.013,12.3,82.7289,0.8487,0.0,0.3118,0.0346,13.0,1483226454.0,18.420381443591122,4.758140593412043e-05,0.8963,1,-0.06885448930004273,0.9620663,0.96233124,0.010484082161388488,0.9518471532473944,train,High,High
1302,Michigan,Ontonagon,26131,35038.0,6165.0,17.35602612309519,4.693,0.0,11.604,83.1083,0.3697,0.0,0.225,0.0,3.0,3396305812.0,48.661800486618006,1.815207564117904e-06,0.3697,0,-0.06885448930004273,0.21708214,0.21474124,0.027696186204672704,0.18704505870747481,train,Low,Low
1303,Michigan,Tuscola,26157,44193.0,54014.0,13.849543594586086,4.6671,0.0038,13.1931,81.413,0.3247,0.0,0.3719,0.0264,1.0,2080717684.0,1.8513718665531158,2.5959312219696596e-05,0.3549,0,-0.06885448930004273,0.29860812,0.2965524,0.0010537205659755322,0.2954986692941777,train,Low,Low
1304,Michigan,Alcona,26001,38160.0,10461.0,14.452759588400374,4.402,0.0,12.9937,81.8845,0.3507,0.0,0.3599,0.0092,3.0,1747141585.0,28.677946659019213,5.987494138890867e-06,0.3599,0,-0.06885448930004273,0.19267488,0.19024861,0.016322243375567078,0.17392636521360527,train,Low,Low
1305,Michigan,Ionia,26067,50037.0,64126.0,15.600591579239268,3.9818,0.0149,11.6017,83.5775,0.4671,0.0,0.3214,0.0355,2.0,1479671935.0,3.118859744877273,4.3337984916230776e-05,0.5175000000000001,0,-0.06885448930004273,0.6547152,0.65390503,0.0017751196909397875,0.6521299143743068,test,Low,High
1306,Michigan,Kalkaska,26079,42612.0,17259.0,13.609898107714702,4.3293,0.0058,11.8407,83.1037,0.3805,0.0,0.3286,0.0115,5.0,1450060290.0,28.97039225911119,1.1902263732772104e-05,0.3978,0,-0.06885448930004273,0.2926412,0.2905646,0.016488690726751958,0.27407590592623265,train,Low,Low
1307,Michigan,Berrien,26021,45980.0,155134.0,26.76273803396809,2.5067,0.0289,9.3013,86.8129,1.0212,0.0,0.2849,0.0441,33.0,1470467019.0,21.271932651772016,0.00010549981604177686,1.0942,1,-0.06885448930004273,0.98379284,0.9841338,0.012107061427345902,0.9720267185752481,train,High,High
1308,Michigan,Oscoda,26135,35175.0,8374.0,10.228002569043031,4.3974,0.0,11.8447,83.1578,0.2327,0.0,0.3307,0.0367,0.0,1465256288.0,0.0,5.7150411628194285e-06,0.2694,0,-0.06885448930004273,0.03430754,0.031327322,0.0,0.031327322125434875,train,Low,Low
1309,Michigan,Wexford,26165,40417.0,32829.0,16.705653881802533,3.4541,0.0034,11.2752,84.2671,0.5975,0.0,0.3525,0.0504,8.0,1463348860.0,24.368698406896343,2.2434158318201718e-05,0.6513,1,-0.06885448930004273,0.6068836,0.6059061,0.013869606177611845,0.59203652270575,train,High,High
1310,Michigan,Clinton,26037,62646.0,77245.0,30.711898267317224,3.206,0.0118,13.02,82.5884,0.7584,0.0,0.3299,0.0854,22.0,1466991661.0,28.48080781927633,5.265537770497252e-05,0.8556,1,-0.06885448930004273,0.9907137,0.99107885,0.016210040498585706,0.9748688131085921,train,High,High
1311,Michigan,Dickinson,26043,43373.0,25889.0,23.402105710943317,3.0285,0.0041,12.5255,83.423,0.697,0.0,0.3139,0.0082,2.0,1972018818.0,7.7252887326663835,1.312817086920922e-05,0.7092999999999999,1,-0.06885448930004273,0.8066778,0.8063992,0.004396899273869397,0.8020023269147902,train,High,High
1312,Michigan,Huron,26063,43082.0,32021.0,14.91813735913247,4.3764,0.0091,14.8269,80.0835,0.256,0.0,0.4267,0.0213,6.0,2165436311.0,18.73770338215546,1.4787320152220353e-05,0.2864,0,-0.06885448930004273,0.24529728,0.24305508,0.010664688045458118,0.23239038736157008,train,Low,Low
1313,Michigan,Ingham,26065,46842.0,284559.0,37.725303980394806,1.7988,0.0204,10.8757,85.5367,1.4053,0.0,0.241,0.1221,76.0,1440346359.0,26.707993772820398,0.00019756289743917075,1.5478,1,-0.06885448930004273,0.99649495,0.9968803,0.015201031636482355,0.9816792612559737,train,High,High
1314,Minnesota,Meeker,27093,58574.0,23094.0,18.896839972136025,4.6679,0.0085,12.1791,82.1854,0.3819,0.0,0.5729,0.0042,3.0,1575108881.0,12.990387113535984,1.4661843557975597e-05,0.3946,0,-0.023711492944751375,0.42410466,0.42248788,0.007393564906547468,0.4150943198533555,train,Low,Low
1315,Minnesota,Pennington,27113,51156.0,14156.0,17.3890608875129,3.8174,0.0,13.9154,80.9268,0.2926,0.0,1.0139,0.034,1.0,1596928761.0,7.064142413111049,8.864515653870173e-06,0.3266,0,-0.023711492944751375,0.27283588,0.27069,0.0040206034650044084,0.26666939063175155,test,Low,Low
1316,Minnesota,Rice,27131,61683.0,65116.0,27.231817076137194,3.6218,0.0197,10.4242,84.0868,1.1793,0.0,0.6254,0.0429,14.0,1284229903.0,21.500092143252044,5.0704316920114576e-05,1.2419,1,-0.023711492944751375,0.97645855,0.9767738,0.012236919913822005,0.9645368785519067,train,High,High
1317,Minnesota,Wilkin,27167,52963.0,6479.0,21.329879101899827,4.9096,0.0139,14.1725,79.5967,0.4312,0.0,0.8762,0.0,0.0,1945038539.0,0.0,3.331039395924278e-06,0.44510000000000005,0,-0.023711492944751375,0.052487597,0.04957097,0.0,0.049570970237255096,train,Low,Low
1318,Minnesota,Red Lake,27125,49800.0,4042.0,15.017921146953405,4.7894,0.0222,12.949,80.8426,0.1552,0.0,1.2417,0.0,0.0,1119929328.0,0.0,3.6091563091916813e-06,0.1774,0,-0.023711492944751375,0.071777515,0.06892837,0.0,0.06892836838960648,train,Low,Low
1319,Minnesota,Clay,27027,59614.0,61402.0,33.00976124165157,2.7401,0.0294,11.9032,84.018,0.6409,0.0,0.6409,0.0274,4.0,2707308702.0,6.514445783524966,2.2680088146076517e-05,0.6977,1,-0.023711492944751375,0.9812081,0.98153996,0.0037077399857074625,0.9778322246901958,test,High,High
1320,Minnesota,Faribault,27043,49101.0,14119.0,16.95065497882399,5.5917,0.0063,11.221,81.841,0.4258,0.0,0.8954,0.0188,4.0,1845302381.0,28.330618315744744,7.651320534441991e-06,0.4509,0,-0.023711492944751375,0.3111123,0.30910033,0.016124559147419056,0.292975770728527,train,Low,Low
1321,Minnesota,Fillmore,27045,54358.0,20877.0,20.39938982110664,5.4657,0.0,11.1182,82.0087,0.747,0.0,0.6468,0.0137,9.0,2230733404.0,43.109642189969826,9.358805477411499e-06,0.7607,1,-0.023711492944751375,0.5835148,0.58245564,0.024536138518724993,0.5579194965520757,train,High,High
1322,Minnesota,Lake,27075,52320.0,10721.0,27.240319606637986,3.8772,0.0172,10.7806,83.9323,0.7135,0.0,0.662,0.0172,7.0,5463008494.0,65.29241675216865,1.962471779382154e-06,0.7479,1,-0.023711492944751375,0.71439815,0.7137968,0.03716161165508972,0.6766351827594306,test,High,High
1323,Minnesota,Polk,27119,53059.0,31550.0,23.871490538157207,3.949,0.013,13.0275,81.8137,0.3359,0.0,0.8511,0.0098,6.0,5105067507.0,19.01743264659271,6.180133750775884e-06,0.35869999999999996,0,-0.023711492944751375,0.5423202,0.54111695,0.010823897809940235,0.530293055086178,train,Low,High
1324,Minnesota,Roseau,27135,54827.0,15609.0,18.672515735266067,4.6329,0.0112,13.342,81.0919,0.1968,0.0,0.714,0.0112,2.0,4329460632.0,12.813120635530783,3.6052989798845686e-06,0.21919999999999998,0,-0.023711492944751375,0.21436425,0.21201384,0.007292672515933424,0.20472116815942057,train,Low,Low
1325,Minnesota,Sibley,27143,59596.0,14957.0,16.731745411948456,4.7473,0.0,12.0469,81.7697,0.6836,0.0,0.7463,0.0063,2.0,1524937452.0,13.371665440930666,9.80827113950376e-06,0.6899,1,-0.023711492944751375,0.29680118,0.29473913,0.007610571993127284,0.2871285551659914,train,High,Low
1326,Minnesota,Watonwan,27165,50068.0,10996.0,16.343564889606892,5.0071,0.0084,10.5993,82.9641,0.5601,0.0,0.8526,0.0084,1.0,1126526383.0,9.094216078574027,9.760978673856766e-06,0.5769,1,-0.023711492944751375,0.2598984,0.25770727,0.005176033343998036,0.252531234655651,train,High,Low
1327,Minnesota,Becker,27005,54115.0,33375.0,23.726735274797463,4.1698,0.0057,11.2706,83.2839,0.5109,0.0,0.7478,0.0114,3.0,3406158356.0,8.98876404494382,9.798428761014421e-06,0.528,0,-0.023711492944751375,0.6357564,0.63487995,0.0051160146202788685,0.6297639320884003,train,Low,High
1328,Minnesota,Big Stone,27011,47132.0,5098.0,16.581288757077377,5.9211,0.0173,14.6295,78.2202,0.3982,0.0,0.8137,0.0,0.0,1292477790.0,0.0,3.9443617828047935e-06,0.4155,0,-0.023711492944751375,0.06148309,0.058597926,0.0,0.058597926050424576,test,Low,Low
1329,Minnesota,Brown,27015,53319.0,25327.0,20.892343120322394,3.5843,0.0252,12.8847,82.2728,0.5321,0.0,0.6759,0.0252,6.0,1582659428.0,23.690133059580685,1.6002811187246786e-05,0.5825,1,-0.023711492944751375,0.7938945,0.79357123,0.013483396213669776,0.7800878375357199,train,High,High
1330,Minnesota,Cass,27021,47926.0,28633.0,20.869775308045423,4.391,0.0103,10.5753,83.6305,0.7119,0.0,0.6776,0.0034,5.0,5235579845.0,17.462368595676317,5.468926240776298e-06,0.7255999999999999,1,-0.023711492944751375,0.40550095,0.4038191,0.009938822800719869,0.39388029116908296,train,High,Low
1331,Minnesota,Goodhue,27049,60452.0,46450.0,24.347129834934712,4.416,0.0102,10.952,83.0097,0.8111,0.0,0.7599,0.041,6.0,1960231259.0,12.917115177610334,2.3696183696048283e-05,0.8623000000000001,1,-0.023711492944751375,0.94750494,0.9477189,0.00735186169867846,0.9403670566248384,train,High,High
1332,Minnesota,Hubbard,27057,49742.0,20640.0,25.392687654568547,4.4332,0.0,10.2065,84.0403,0.6952,0.0,0.6045,0.0202,2.0,2398071642.0,9.689922480620154,8.60691550598804e-06,0.7154,1,-0.023711492944751375,0.7184938,0.7179068,0.005515083590174652,0.7123916895001879,test,High,High
1333,Minnesota,Jackson,27063,55114.0,10163.0,21.155729676787463,5.3434,0.0091,13.0092,80.2957,0.4808,0.0,0.8528,0.0091,0.0,1820689802.0,0.0,5.581950307425296e-06,0.499,0,-0.023711492944751375,0.077118576,0.07428811,0.0,0.07428810745477676,test,Low,Low
1334,Minnesota,Martin,27091,51984.0,20193.0,18.470982142857142,4.1669,0.0047,13.4632,81.1096,0.5674,0.0,0.6836,0.0047,5.0,1844947506.0,24.761055811419798,1.0945026855414498e-05,0.5768000000000001,1,-0.023711492944751375,0.48605424,0.48465416,0.014092918994355075,0.4705612393594505,train,High,Low
1335,Minnesota,Nobles,27105,53269.0,21729.0,13.50712597579317,4.8166,0.0096,11.5897,82.7381,0.3317,0.0,0.4999,0.0144,3.0,1852113586.0,13.806433798149937,1.1732001840625773e-05,0.3557,0,-0.023711492944751375,0.1827805,0.18031962,0.007858023284633772,0.17246159887437043,test,Low,Low
1336,Minnesota,Pine,27115,45379.0,29067.0,13.780985848608603,5.4137,0.0105,10.1883,83.2,0.4471,0.0,0.7335,0.007,7.0,3655223636.0,24.08229263425878,7.952181013966282e-06,0.4646,0,-0.023711492944751375,0.32610452,0.32414496,0.0137065964342456,0.31043836301552247,test,Low,Low
1337,Minnesota,Sherburne,27141,78081.0,91188.0,26.71592522277524,4.3189,0.0153,11.7691,82.4909,0.8173,0.0,0.5649,0.0236,7.0,1121245709.0,7.676448655524849,8.132740153924638e-05,0.8562,1,-0.023711492944751375,0.93061703,0.93077195,0.004369101620325227,0.9264028452867182,test,High,High
1338,Minnesota,Wadena,27159,42689.0,13755.0,12.997970735875253,4.9439,0.0066,11.2566,82.8028,0.3721,0.0,0.598,0.0199,3.0,1388921382.0,21.810250817884405,9.903368310302246e-06,0.39859999999999995,0,-0.023711492944751375,0.15775393,0.15520552,0.01241344877875734,0.1427920692285211,train,Low,Low
1339,Minnesota,Benton,27009,51841.0,39457.0,22.207151200030143,3.8166,0.0151,11.4523,83.537,0.6676,0.0,0.4912,0.0202,1.0,1057483337.0,2.534404541652939,3.731217185127145e-05,0.7029,1,-0.023711492944751375,0.890395,0.89040923,0.0014424731391287327,0.8889667580467844,train,High,High
1340,Minnesota,Carver,27019,88638.0,97143.0,46.042750780562,2.8634,0.0519,10.7477,84.6095,1.2247,0.0,0.4209,0.0819,2.0,917348417.0,2.058820501734556,0.00010589542446444316,1.3585,1,-0.023711492944751375,0.98822594,0.9885824,0.0011717913313486798,0.9874105813340566,train,High,High
1341,Minnesota,Freeborn,27047,48827.0,30751.0,16.755051659504435,3.7954,0.0033,10.6872,84.2969,0.4882,0.0,0.7123,0.0167,7.0,1831347093.0,22.763487366264513,1.679146466420279e-05,0.5082000000000001,0,-0.023711492944751375,0.5250416,0.5237779,0.012955989676895608,0.5108219124494167,train,Low,High
1342,Minnesota,Itasca,27061,49507.0,45356.0,22.25606004675772,3.6877,0.009,12.6453,82.5453,0.5146,0.0,0.589,0.009,7.0,6908157284.0,15.433459740717877,6.565571415846183e-06,0.5326,0,-0.023711492944751375,0.6493243,0.6484953,0.008784055881343523,0.6397112606240886,test,Low,High
1343,Minnesota,Mcleod,27085,57738.0,35926.0,17.31384378669474,3.9184,0.0055,12.1594,82.9092,0.4669,0.0,0.5243,0.0164,6.0,1272931184.0,16.700996492790736,2.8223049644449593e-05,0.4888,0,-0.023711492944751375,0.61069196,0.60972786,0.009505482823125714,0.6002223766739446,test,Low,High
1344,Minnesota,Pope,27121,55180.0,10975.0,22.471061902365374,5.0358,0.0,13.6588,80.2829,0.3408,0.0,0.6476,0.0341,0.0,1734134613.0,0.0,6.328805109894891e-06,0.3749,0,-0.023711492944751375,0.18658915,0.18414159,0.0,0.1841415911912918,test,Low,Low
1345,Minnesota,Ramsey,27123,57717.0,531528.0,41.00224600947553,1.3397,0.0578,7.7766,88.3648,1.9815,0.0,0.4076,0.0721,170.0,394086415.0,31.983263346427655,0.0013487600175205229,2.1113999999999997,1,-0.023711492944751375,0.99816436,0.9985556,0.018203486270906535,0.9803521143722514,train,High,High
1346,Minnesota,Stevens,27149,55941.0,9762.0,28.156698146204967,4.8076,0.011,16.595,77.3404,0.5182,0.0,0.6726,0.0551,3.0,1459747664.0,30.731407498463426,6.6874571823257255e-06,0.5843,1,-0.023711492944751375,0.56589586,0.56477505,0.017490984219607375,0.5472840654668245,train,High,High
1347,Minnesota,Swift,27151,49956.0,9483.0,17.307980236562358,4.5233,0.0,13.0723,81.2713,0.3685,0.0,0.7554,0.0092,0.0,1921870988.0,0.0,4.934254202915311e-06,0.3777,0,-0.023711492944751375,0.094090156,0.091319054,0.0,0.09131905436515808,test,Low,Low
1348,Minnesota,Winona,27169,52840.0,51145.0,29.278117950370607,2.7481,0.0163,10.4786,85.0152,1.2234,0.0,0.4833,0.035,8.0,1621568469.0,15.641802717763223,3.1540450482205324e-05,1.2747,1,-0.023711492944751375,0.9725304,0.97283196,0.008902635667314874,0.963929328825483,train,High,High
1349,Minnesota,Cottonwood,27033,47407.0,11557.0,19.919314170448814,5.348,0.0,12.7228,80.7977,0.464,0.0,0.6593,0.0081,0.0,1657446636.0,0.0,6.972773511363898e-06,0.4721,0,-0.023711492944751375,0.16317101,0.16064154,0.0,0.16064153611660004,train,Low,Low
1350,Minnesota,Scott,27139,90198.0,139490.0,38.84684482371435,2.963,0.0373,10.4608,84.9111,1.1679,0.0,0.4069,0.0529,31.0,922707433.0,22.2238153272636,0.00015117467900575588,1.2581,1,-0.023711492944751375,0.99792457,0.9983149,0.012648831759758223,0.9856660853277968,train,High,High
1351,Minnesota,Dodge,27039,68718.0,20361.0,23.836239575435936,4.4276,0.0,11.2827,83.0829,0.5634,0.0,0.6198,0.0235,0.0,1137724826.0,0.0,1.7896243041109485e-05,0.5869,1,-0.023711492944751375,0.76006734,0.75962573,0.0,0.7596257328987122,train,High,High
1352,Minnesota,Wabasha,27157,58865.0,21327.0,21.238702817650186,4.0577,0.0286,10.9023,83.4055,0.7314,0.0,0.8418,0.0327,3.0,1354359322.0,14.066676044450697,1.574692893796171e-05,0.7927,1,-0.023711492944751375,0.696027,0.6953614,0.008006141883612662,0.6873552339251031,train,High,High
1353,Minnesota,Pipestone,27117,48944.0,9285.0,19.911294154918423,6.6692,0.0094,12.3399,79.6722,0.3956,0.0,0.9137,0.0,4.0,1204488112.0,43.08023694130318,7.708668858991611e-06,0.405,0,-0.023711492944751375,0.2573343,0.2551342,0.02451940232659231,0.2306147927627479,train,Low,Low
1354,Minnesota,Crow Wing,27035,50893.0,63321.0,24.19040798513976,3.6037,0.003,10.6039,84.5015,0.7467,0.0,0.5291,0.0121,11.0,2585784334.0,17.371803982880877,2.448812113500878e-05,0.7618,1,-0.023711492944751375,0.9447406,0.9449449,0.009887277351220393,0.9350576408044498,test,High,High
1355,Minnesota,Norman,27107,52083.0,6638.0,15.67067927773001,4.9322,0.013,12.9828,81.0412,0.2349,0.0,0.7959,0.0,0.0,2260512388.0,0.0,2.9365023767345973e-06,0.2479,0,-0.023711492944751375,0.048848454,0.045919098,0.0,0.04591909795999527,train,Low,Low
1356,Minnesota,Wright,27171,75705.0,129922.0,26.76066495979229,4.0256,0.0133,12.1275,82.5418,0.7597,0.0,0.4912,0.0409,11.0,1712830382.0,8.46661843259802,7.585222761421101e-05,0.8139000000000001,1,-0.023711492944751375,0.9474712,0.94768506,0.00481883198501121,0.9428662309002732,test,High,High
1357,Minnesota,Nicollet,27103,61501.0,33226.0,32.26031539284551,3.0135,0.0104,11.0193,84.1758,1.163,0.0,0.5971,0.0208,8.0,1161920930.0,24.077529645458377,2.8595749626439725e-05,1.1942,1,-0.023711492944751375,0.9836844,0.984025,0.013703885547607875,0.970321115978271,train,High,High
1358,Minnesota,Douglas,27041,56347.0,36862.0,25.056192616861594,4.0279,0.0,12.6409,82.1195,0.5391,0.0,0.6546,0.018,11.0,1649943521.0,29.841028701643967,2.2341370798958397e-05,0.5571,1,-0.023711492944751375,0.9375314,0.9377105,0.01698421922729712,0.9207263043780496,train,High,High
1359,Minnesota,Grant,27051,53828.0,5943.0,19.581077900682516,6.5351,0.0,13.1251,79.1615,0.3699,0.0,0.8083,0.0,0.0,1418786605.0,0.0,4.188790603925951e-06,0.3699,0,-0.023711492944751375,0.042899854,0.039949693,0.0,0.0399496927857399,train,Low,Low
1360,Minnesota,Le Sueur,27079,62462.0,27650.0,21.36611732287637,5.0918,0.0142,11.1934,82.3365,0.6626,0.0,0.6874,0.0142,1.0,1162318477.0,3.616636528028933,2.378866080780715e-05,0.691,1,-0.023711492944751375,0.8631725,0.86309147,0.002058432645591407,0.8610330361654438,train,High,High
1361,Minnesota,Chisago,27025,72908.0,54041.0,22.030610045268375,4.7856,0.0089,10.7131,82.9291,0.7914,0.0,0.7507,0.0212,5.0,1074610514.0,9.252234414611129,5.0288917980938345e-05,0.8215,1,-0.023711492944751375,0.924125,0.9242572,0.005265970527063009,0.918991248310675,train,High,High
1362,Minnesota,Redwood,27127,48891.0,15578.0,17.844356510269456,4.9617,0.0,13.8268,80.1407,0.3612,0.0,0.697,0.0127,4.0,2275500538.0,25.67723712928489,6.8459663005362035e-06,0.3739,0,-0.023711492944751375,0.38894448,0.38720474,0.014614369662499014,0.37259036680867713,train,Low,Low
1363,Minnesota,Todd,27153,47549.0,24335.0,15.353547531496774,4.9405,0.0,10.0338,84.077,0.2774,0.0,0.6512,0.0201,1.0,2447485305.0,4.109307581672488,9.94285847203483e-06,0.2975,0,-0.023711492944751375,0.25351128,0.2512978,0.002338839640460341,0.24895896209255663,train,Low,Low
1364,Minnesota,Beltrami,27007,45201.0,45644.0,26.798548094373864,3.9654,0.008,11.101,83.5886,0.7418,0.0,0.5684,0.0267,11.0,6487127468.0,24.099553062834108,7.036088041302536e-06,0.7765,1,-0.023711492944751375,0.8350966,0.8349174,0.01371642032154558,0.8212010057877683,train,High,High
1365,Minnesota,Houston,27055,55550.0,18791.0,22.562341346871733,3.7263,0.0403,11.1134,83.3501,1.0337,0.0,0.6858,0.0504,3.0,1429784548.0,15.965089670586982,1.3142539570934012e-05,1.1244,1,-0.023711492944751375,0.79809815,0.7977896,0.009086636578777457,0.7887029370906561,train,High,High
1366,Minnesota,Lac Qui Parle,27073,49210.0,6916.0,18.33793920252665,4.2072,0.0,13.885,80.7454,0.3032,0.0,0.8465,0.0126,0.0,1981394519.0,0.0,3.4904709454281072e-06,0.3158,0,-0.023711492944751375,0.078846976,0.07602255,0.0,0.07602255046367645,train,Low,Low
1367,Minnesota,Otter Tail,27111,53351.0,57694.0,24.057005277365697,4.2191,0.0032,11.4245,83.0462,0.643,0.0,0.6479,0.0161,3.0,5107557096.0,5.1998474711408464,1.1295811072808809e-05,0.6623,1,-0.023711492944751375,0.7966045,0.7962907,0.0029595276450204043,0.7933311680222465,train,High,High
1368,Minnesota,Waseca,27161,53199.0,19034.0,19.85869482640735,3.9664,0.0428,11.2525,83.4019,0.6842,0.0,0.6361,0.016,2.0,1096501873.0,10.507512871703268,1.7358839477331198e-05,0.743,1,-0.023711492944751375,0.5493864,0.5482078,0.005980420579027257,0.5422273988827953,train,High,High
1369,Minnesota,Anoka,27003,73579.0,341249.0,28.225613548294504,2.3114,0.0203,10.0882,86.0105,1.0621,0.0,0.4617,0.0457,22.0,1095498607.0,6.4469053389167446,0.0003115010807129214,1.1281,1,-0.023711492944751375,0.9690067,0.9692959,0.00366929889410153,0.9656266200473963,test,High,High
1370,Minnesota,Stearns,27145,56977.0,153661.0,25.948670167711334,3.6161,0.0157,11.6149,83.4497,0.8095,0.0,0.4713,0.0228,12.0,3477908142.0,7.809398611228613,4.418201796199136e-05,0.8480000000000001,1,-0.023711492944751375,0.9654066,0.9656832,0.004444770968607707,0.9612384508484089,train,High,High
1371,Minnesota,Lincoln,27081,49438.0,5793.0,18.874332848131974,7.4186,0.0137,12.6882,78.6477,0.3422,0.0,0.876,0.0137,1.0,1390177657.0,17.262213015708614,4.16709329978823e-06,0.3696,0,-0.023711492944751375,0.08559807,0.08279726,0.009824902926049095,0.07297235616628184,train,Low,Low
1372,Minnesota,Lyon,27083,51920.0,25670.0,26.775291828793772,4.6019,0.0081,13.7168,80.5561,0.4412,0.0,0.6516,0.0243,4.0,1850712587.0,15.582391897156212,1.3870333070793559e-05,0.47359999999999997,0,-0.023711492944751375,0.82238907,0.8221654,0.008868821605080233,0.8132966079870524,train,Low,High
1373,Minnesota,Mille Lacs,27095,51232.0,25788.0,15.618478199560043,6.0272,0.0063,10.2563,82.5072,0.5227,0.0,0.6644,0.0157,8.0,1482347345.0,31.02218085931441,1.7396732342782992e-05,0.5447000000000001,0,-0.023711492944751375,0.3728906,0.37109467,0.01765647980474714,0.35343819406724686,test,Low,Low
1374,Minnesota,Washington,27163,86689.0,248745.0,42.301173246141275,2.2712,0.041,9.8148,85.9042,1.439,0.0,0.4538,0.0759,18.0,995595568.0,7.23632635831876,0.0002498454271945895,1.5559,1,-0.023711492944751375,0.9926167,0.9929885,0.004118603098397328,0.9888699237227392,test,High,High
1375,Minnesota,Carlton,27017,55607.0,35482.0,21.98621807863802,3.9532,0.0,10.321,84.1671,0.8271,0.0,0.7143,0.0174,4.0,2230821122.0,11.27332168423426,1.5905354154164228e-05,0.8444999999999999,1,-0.023711492944751375,0.74481654,0.7443216,0.006416285739315981,0.7379052989622221,train,High,High
1376,Minnesota,Kanabec,27065,48042.0,15918.0,13.75388716126166,5.1876,0.0124,10.2637,83.2549,0.4395,0.0,0.8357,0.0062,2.0,1350910808.0,12.564392511622062,1.1783161335104219e-05,0.4581,0,-0.023711492944751375,0.19302541,0.19060037,0.0071511072560123635,0.18344925814430196,test,Low,Low
1377,Minnesota,Koochiching,27071,44929.0,12930.0,18.3900798654897,4.4785,0.0,12.36,82.1229,0.302,0.0,0.7366,0.0,0.0,8039819285.0,0.0,1.6082451037330748e-06,0.302,0,-0.023711492944751375,0.11583132,0.11313627,0.0,0.11313626915216446,train,Low,Low
1378,Minnesota,Morrison,27097,51456.0,32850.0,16.151505798315622,5.3437,0.0028,10.7352,82.9283,0.3966,0.0,0.5794,0.0141,3.0,2913947109.0,9.132420091324201,1.127336865468137e-05,0.41350000000000003,0,-0.023711492944751375,0.30814207,0.30611968,0.005197777411013919,0.3009219029936492,train,Low,Low
1379,Minnesota,Steele,27147,58141.0,36541.0,24.786815349294848,3.5254,0.0142,11.7875,83.385,0.6681,0.0,0.5828,0.037,10.0,1112775704.0,27.366519799677075,3.283770473119532e-05,0.7193,1,-0.023711492944751375,0.9506662,0.95089126,0.015575836088394517,0.9353154202440029,train,High,High
1380,Minnesota,Aitkin,27001,44524.0,15722.0,15.99901494007552,4.6265,0.0,11.5664,82.5048,0.5768,0.0,0.7196,0.0059,0.0,4718271057.0,0.0,3.3321527758933923e-06,0.5827,1,-0.023711492944751375,0.16196468,0.159431,0.0,0.15943099558353424,train,High,Low
1381,Minnesota,Murray,27101,51801.0,8463.0,17.812704649639816,6.9393,0.0,12.68,79.5347,0.2316,0.0,0.6043,0.0101,0.0,1825163785.0,0.0,4.636844139442532e-06,0.2417,0,-0.023711492944751375,0.058662303,0.055767275,0.0,0.055767275393009186,train,Low,Low
1382,Minnesota,Kandiyohi,27067,53514.0,42510.0,22.51644046453057,3.666,0.0071,12.2129,82.6708,0.8036,0.0,0.6229,0.0166,5.0,2064978239.0,11.761938367442955,2.0586173353858767e-05,0.8272999999999999,1,-0.023711492944751375,0.8747785,0.87473816,0.006694385162385605,0.8680437716331161,train,High,High
1383,Minnesota,Rock,27133,52835.0,9554.0,20.56060372709071,5.5778,0.0,12.8605,80.4778,0.2736,0.0,0.7998,0.0105,4.0,1249560777.0,41.86728072011723,7.64588659939988e-06,0.2841,0,-0.023711492944751375,0.2086326,0.20626216,0.023829040255642624,0.18243311611165933,test,Low,Low
1384,Minnesota,Traverse,27155,50333.0,3397.0,18.141592920353983,6.2052,0.0,14.5365,78.047,0.3214,0.0,0.89,0.0,0.0,1486320974.0,0.0,2.2855090249167138e-06,0.3214,0,-0.023711492944751375,0.055708308,0.052802946,0.0,0.05280294641852379,train,Low,Low
1385,Minnesota,Hennepin,27053,67989.0,1209265.0,47.58134333742154,1.3321,0.0818,8.2774,87.8093,2.0454,0.0,0.3552,0.0988,381.0,1433923040.0,31.506741698469728,0.0008433262917652819,2.226,1,-0.023711492944751375,0.99806875,0.99845964,0.01793227081729771,0.9805273663477718,test,High,High
1386,Minnesota,Chippewa,27023,54041.0,12126.0,16.48117452048307,4.4492,0.0,14.2279,80.165,0.4203,0.0,0.7296,0.0079,2.0,1505064444.0,16.49348507339601,8.056797865593588e-06,0.4282,0,-0.023711492944751375,0.17389217,0.1714002,0.009387376323701535,0.1620128279771789,train,Low,Low
1387,Minnesota,Clearwater,27029,44203.0,8764.0,14.637002341920374,6.7845,0.0,9.529,82.4898,0.3952,0.0,0.7904,0.011,0.0,2587409022.0,0.0,3.3871722350359804e-06,0.4062,0,-0.023711492944751375,0.08344575,0.08063741,0.0,0.08063741028308868,train,Low,Low
1388,Minnesota,Isanti,27059,62733.0,38461.0,17.690069673072507,4.7037,0.0025,10.8149,83.1219,0.5747,0.0,0.7493,0.0329,4.0,1128570637.0,10.40014560203843,3.4079390991633605e-05,0.6101,1,-0.023711492944751375,0.80115056,0.80085266,0.005919311786027655,0.7949333445784132,train,High,High
1389,Minnesota,Mower,27099,51778.0,39248.0,20.004581201801937,3.6333,0.0027,10.2155,84.8278,0.5534,0.0,0.7539,0.0134,15.0,1842332256.0,38.21850794944965,2.13034320341401e-05,0.5695,1,-0.023711492944751375,0.8710852,0.87103194,0.021752317054602427,0.8492796229287655,train,High,High
1390,Minnesota,Olmsted,27109,69308.0,150104.0,41.99270671713329,2.1401,0.0319,9.2052,86.7379,1.4718,0.0,0.36,0.0532,54.0,1693067589.0,35.975057293609765,8.865800808853592e-05,1.5569,1,-0.023711492944751375,0.99810565,0.9984966,0.02047544224759187,0.9780211497972384,train,High,High
1391,Minnesota,Kittson,27069,51484.0,4436.0,20.668980751025558,4.8799,0.0,15.0624,78.9433,0.269,0.0,0.8453,0.0,4.0,2845894847.0,90.17132551848512,1.5587364391471488e-06,0.269,0,-0.023711492944751375,0.19359592,0.19117287,0.05132160743967755,0.1398512605737044,train,Low,Low
1392,Minnesota,Mahnomen,27087,41597.0,5480.0,12.611540749553837,5.1649,0.0,11.3015,82.4853,0.2046,0.0,0.8438,0.0,1.0,1444886579.0,18.248175182481752,3.7926852388598453e-06,0.2046,0,-0.023711492944751375,0.063121304,0.060241874,0.010386069826752263,0.049855804480641766,train,Low,Low
1393,Minnesota,Yellow Medicine,27173,54717.0,10038.0,16.235898900471227,5.6242,0.0,13.5786,79.5182,0.3767,0.0,0.9023,0.0,1.0,1966062970.0,9.962143853357242,5.105635044842943e-06,0.3767,0,-0.023711492944751375,0.11410571,0.11140461,0.005670020188344531,0.10573459247206349,train,Low,Low
1394,Minnesota,Blue Earth,27013,52119.0,65524.0,31.663284400284635,3.3227,0.0147,10.2925,84.4922,1.2366,0.0,0.6229,0.0184,21.0,1936862561.0,32.04932543800745,3.3829968795602115e-05,1.2696999999999998,1,-0.023711492944751375,0.9901938,0.99055713,0.018241085948090024,0.9723160482033687,train,High,High
1395,Minnesota,Lake Of The Woods,27077,45732.0,3901.0,16.97594501718213,5.339,0.0,11.2686,82.3293,0.4489,0.0,0.5906,0.0236,0.0,3361462398.0,0.0,1.160506808679762e-06,0.47250000000000003,0,-0.023711492944751375,0.09728484,0.09452491,0.0,0.09452491253614426,train,Low,Low
1396,Minnesota,Saint Louis,27137,49395.0,200353.0,27.750211342669168,2.7913,0.0098,10.4255,85.207,0.8418,0.0,0.7016,0.0229,31.0,16181092598.0,15.472690700912887,1.238192036703157e-05,0.8745,1,-0.023711492944751375,0.9620977,0.96236277,0.008806384442302707,0.9535563818235664,test,High,High
1397,Minnesota,Dakota,27037,77321.0,411402.0,40.72360392817711,1.8371,0.042,9.3279,86.9171,1.4327,0.0,0.3751,0.0681,72.0,1456708835.0,17.50113028133067,0.0002824188266833708,1.5428000000000002,1,-0.023711492944751375,0.997468,0.9978568,0.009960884270964589,0.9878959115168466,train,High,High
1398,Minnesota,Marshall,27089,56340.0,9406.0,19.996949359365466,5.0933,0.0089,14.8711,78.9333,0.2133,0.0,0.88,0.0,1.0,4597384439.0,10.631511800978098,2.0459459339984946e-06,0.22219999999999998,0,-0.023711492944751375,0.13448356,0.13185374,0.006050995391303679,0.12580274899632296,train,Low,Low
1399,Minnesota,Renville,27129,54824.0,14995.0,14.75612070601632,4.5595,0.0115,14.1368,80.2211,0.3437,0.0,0.7275,0.0,1.0,2545744679.0,6.668889629876626,5.89022148359757e-06,0.3552,0,-0.023711492944751375,0.10085029,0.09810283,0.0037956427242815875,0.09430718762611744,train,Low,Low
1400,Minnesota,Cook,27031,51793.0,5215.0,39.5797703396042,5.2641,0.0,9.0831,83.5369,1.4622,0.0,0.6537,0.0,8.0,3761621396.0,153.40364333652923,1.386370251281929e-06,1.4622,1,-0.023711492944751375,0.7898731,0.78953576,0.0873107001351523,0.7022250607443643,train,High,High
1401,Mississippi,Bolivar,28011,27457.0,33615.0,21.486131934032983,2.1239,0.0037,11.4667,85.4769,0.3108,0.0,0.6068,0.0111,1.0,2270314789.0,2.9748624126134167,1.4806316799269196e-05,0.3256,0,-0.09053270966222222,0.052644406,0.049728326,0.001693162655082624,0.0480351638443795,train,Low,Low
1402,Mississippi,Sunflower,28133,27126.0,27424.0,14.140905017921146,2.0662,0.0,11.6708,85.5163,0.1381,0.0,0.6086,0.0,0.0,1807187009.0,0.0,1.5174965215788578e-05,0.1381,0,-0.09053270966222222,0.008027999,0.00495586,0.0,0.0049558598548173904,train,Low,Low
1403,Mississippi,Adams,28001,31283.0,31747.0,18.07718348002708,3.7131,0.0073,10.1192,85.0523,0.3522,0.0,0.7522,0.0037,2.0,1197464268.0,6.299807855860396,2.6511855800944868e-05,0.36319999999999997,0,-0.09053270966222222,0.042323973,0.039371796,0.003585577386877652,0.035786218565442444,train,Low,Low
1404,Mississippi,De Soto,28033,60111.0,170890.0,23.18830087598639,2.533,0.0091,9.6322,86.7464,0.5671,0.0,0.4992,0.0129,16.0,1233556699.0,9.362747966528175,0.00013853436987414878,0.5891000000000001,1,-0.09053270966222222,0.92758155,0.92772585,0.0053288700474553126,0.9223969814883418,test,High,High
1405,Mississippi,Pike,28113,31511.0,39939.0,15.695437053326003,3.6315,0.0027,8.9594,86.314,0.2899,0.0,0.7945,0.0081,5.0,1059350502.0,12.519091614712437,3.770140281672326e-05,0.30069999999999997,0,-0.09053270966222222,0.04618465,0.04324598,0.007125323950349584,0.03612065470308135,train,Low,Low
1406,Mississippi,Stone,28131,44995.0,17995.0,14.008729226120531,4.9207,0.0056,9.3666,84.4169,0.4803,0.0,0.8099,0.0,1.0,1153800122.0,5.5570991942206165,1.5596288869173825e-05,0.4859,0,-0.09053270966222222,0.07945579,0.0766335,0.003162859830541951,0.07347063824208226,train,Low,Low
1407,Mississippi,Kemper,28069,29925.0,10128.0,11.38353765323993,3.3089,0.0,9.2169,86.6957,0.1145,0.0,0.6641,0.0,0.0,1984403113.0,0.0,5.103801709264906e-06,0.1145,0,-0.09053270966222222,0.0063673197,0.0032893722,0.0,0.003289372194558382,train,Low,Low
1408,Mississippi,Noxubee,28103,31472.0,11098.0,14.519680704651803,3.5666,0.0,9.0148,86.7363,0.1861,0.0,0.4962,0.0,0.0,1800451886.0,0.0,6.164008095021096e-06,0.1861,0,-0.09053270966222222,0.009843697,0.0067779096,0.0,0.006777909584343433,train,Low,Low
1409,Mississippi,Tate,28137,43883.0,28338.0,16.170096021947874,3.2391,0.0,9.6633,86.0925,0.3092,0.0,0.6919,0.0039,0.0,1048330688.0,0.0,2.7031546747966613e-05,0.3131,0,-0.09053270966222222,0.14617519,0.14358628,0.0,0.14358627796173096,train,Low,Low
1410,Mississippi,Panola,28107,37556.0,34319.0,15.591011235955058,2.5927,0.0031,9.7063,86.754,0.2142,0.0,0.7235,0.0062,3.0,1774512457.0,8.74151344736152,1.933996003500583e-05,0.2235,0,-0.09053270966222222,0.04588387,0.042944144,0.004975290304257327,0.03796885415332133,test,Low,Low
1411,Mississippi,Yalobusha,28161,34749.0,12380.0,13.611572207730612,2.8757,0.0069,8.9659,87.0109,0.3595,0.0,0.7673,0.0138,1.0,1209858143.0,8.077544426494347,1.0232604600488274e-05,0.3802,0,-0.09053270966222222,0.02981603,0.0268201,0.00459738793623606,0.022222712907670344,train,Low,Low
1412,Mississippi,Copiah,28029,34738.0,28780.0,12.866275972296219,3.5726,0.0,8.9562,86.4867,0.2667,0.0,0.7178,0.0,0.0,2013048567.0,0.0,1.429672411872813e-05,0.2667,0,-0.09053270966222222,0.03197823,0.028989866,0.0,0.028989866375923157,test,Low,Low
1413,Mississippi,Hinds,28049,38773.0,244596.0,28.027625668310748,1.8549,0.0089,8.8589,88.2338,0.4587,0.0,0.5754,0.0094,16.0,2252677558.0,6.541398878150092,0.00010858012019135141,0.47700000000000004,0,-0.09053270966222222,0.66656834,0.6657997,0.003723080518118197,0.6620765968538606,train,Low,High
1414,Mississippi,Union,28145,37898.0,27989.0,15.519939560736065,2.8937,0.0039,9.1445,86.7368,0.4829,0.0,0.7342,0.0039,4.0,1076399403.0,14.291328736289255,2.600242988057473e-05,0.4907,0,-0.09053270966222222,0.06291048,0.060030315,0.008134004451834993,0.05189631061950938,train,Low,Low
1415,Mississippi,Tippah,28139,37109.0,22061.0,13.649851632047477,2.664,0.0045,9.4686,86.9102,0.2799,0.0,0.6728,0.0,0.0,1185725576.0,0.0,1.8605485490514543e-05,0.2844,0,-0.09053270966222222,0.023965454,0.020949062,0.0,0.02094906195998192,test,Low,Low
1416,Mississippi,Forrest,28035,37017.0,76274.0,25.67187868648521,3.0643,0.0099,9.1204,86.535,0.6138,0.0,0.6385,0.0181,9.0,1207042799.0,11.799564727167843,6.319079991462672e-05,0.6418,1,-0.09053270966222222,0.6527643,0.6519474,0.006715800454354323,0.6452315786578894,train,High,High
1417,Mississippi,Lafayette,28071,43162.0,52193.0,39.749152542372876,2.4175,0.0217,9.7349,86.2468,0.9686,0.0,0.6078,0.0027,13.0,1636141755.0,24.907554652922805,3.1900047682604375e-05,0.9930000000000001,1,-0.09053270966222222,0.9462509,0.94646055,0.014176299780771966,0.9322842452822468,test,High,High
1418,Mississippi,Lowndes,28087,41219.0,59785.0,22.40319138123793,2.2617,0.0145,9.2106,87.3714,0.4709,0.0,0.6618,0.0091,10.0,1309077219.0,16.726603663126202,4.566957482131541e-05,0.4945,0,-0.09053270966222222,0.5758156,0.5747295,0.009520057313808214,0.5652094448872721,test,Low,High
1419,Mississippi,Wilkinson,28157,25846.0,9233.0,13.042796676595078,5.1494,0.0,9.5257,84.4078,0.1572,0.0,0.76,0.0,0.0,1756287150.0,0.0,5.257112995446103e-06,0.1572,0,-0.09053270966222222,0.00732507,0.004250473,0.0,0.004250472877174616,train,Low,Low
1420,Mississippi,Jefferson Davis,28065,26429.0,11771.0,14.57058967457793,2.9553,0.0185,8.8012,87.2151,0.2038,0.0,0.806,0.0,0.0,1057871313.0,0.0,1.1127062295147046e-05,0.2223,0,-0.09053270966222222,0.008249094,0.005177729,0.0,0.005177728831768036,train,Low,Low
1421,Mississippi,Scott,28123,32615.0,28268.0,11.788662630709961,3.5359,0.0,7.8862,87.6242,0.2167,0.0,0.7369,0.0,0.0,1577902077.0,0.0,1.79149266687986e-05,0.2167,0,-0.09053270966222222,0.014312012,0.011261854,0.0,0.011261854320764542,train,Low,Low
1422,Mississippi,Yazoo,28163,27560.0,27719.0,12.85337353938937,3.2165,0.0,9.9134,85.9142,0.1394,0.0,0.8166,0.0,1.0,2388379826.0,3.6076337530213936,1.160577547099077e-05,0.1394,0,-0.09053270966222222,0.0071936687,0.004118612,0.0020533086565389233,0.0020653033795700474,train,Low,Low
1423,Mississippi,Benton,28009,36302.0,8378.0,11.44851657940663,3.7562,0.0,8.01,87.0025,0.2488,0.0,0.9577,0.0249,0.0,1053131399.0,0.0,7.95532258173607e-06,0.2737,0,-0.09053270966222222,0.014427796,0.011378043,0.0,0.011378043331205845,train,Low,Low
1424,Mississippi,Franklin,28037,40081.0,7818.0,16.682304372302497,4.9129,0.0,10.3772,83.6571,0.1755,0.0,0.8773,0.0,0.0,1460007811.0,0.0,5.354765872550527e-06,0.1755,0,-0.09053270966222222,0.020871291,0.017844077,0.0,0.017844077199697495,train,Low,Low
1425,Mississippi,Coahoma,28027,28217.0,24804.0,17.226392730146188,1.4899,0.0058,10.4982,87.3332,0.2243,0.0,0.4487,0.0,0.0,1431035290.0,0.0,1.7332905885221043e-05,0.2301,0,-0.09053270966222222,0.018518837,0.015483393,0.0,0.015483393333852291,train,Low,Low
1426,Mississippi,Jasper,28061,34993.0,16538.0,13.661784287616511,4.4971,0.0,9.8406,84.6445,0.2233,0.0,0.7893,0.0052,0.0,1751451429.0,0.0,9.44245425603521e-06,0.2285,0,-0.09053270966222222,0.029126387,0.026128046,0.0,0.026128046214580536,train,Low,Low
1427,Mississippi,Jones,28067,37846.0,68313.0,18.73422809799236,4.0566,0.0,10.335,84.5161,0.3677,0.0,0.7176,0.0071,2.0,1799558905.0,2.9277004376912155,3.796096910759362e-05,0.3748,0,-0.09053270966222222,0.28303126,0.28092104,0.0016663201045365422,0.2792547218609481,train,Low,Low
1428,Mississippi,Walthall,28147,30571.0,14812.0,9.739466720944433,5.0175,0.0,9.3346,84.7902,0.1787,0.0,0.679,0.0,0.0,1046169273.0,0.0,1.4158320629629122e-05,0.1787,0,-0.09053270966222222,0.0030894128,0.0,0.0,0.0,train,Low,Low
1429,Mississippi,Monroe,28095,37345.0,36029.0,15.574104234527688,2.7452,0.0031,9.5043,86.6799,0.4087,0.0,0.6466,0.0122,5.0,1981580823.0,13.877709622803854,1.818194826161779e-05,0.424,0,-0.09053270966222222,0.028609548,0.0256094,0.00789859039254523,0.017710809730812543,test,Low,Low
1430,Mississippi,Pontotoc,28115,39869.0,30862.0,14.733038940184665,3.4396,0.0,9.0866,86.3444,0.4378,0.0,0.6879,0.0037,2.0,1289142874.0,6.48046140885231,2.3939937630218014e-05,0.4415,0,-0.09053270966222222,0.07964566,0.07682403,0.003688397553664857,0.07313563421656448,test,Low,Low
1431,Mississippi,Holmes,28051,20800.0,18547.0,11.619371587145286,2.2237,0.0133,9.2731,87.7066,0.1062,0.0,0.6704,0.0066,0.0,1959776825.0,0.0,9.463832699419741e-06,0.1261,0,-0.09053270966222222,0.003990246,0.00090398407,0.0,0.0009039840660989285,train,Low,Low
1432,Mississippi,Amite,28005,27334.0,12692.0,12.190373174689022,5.8828,0.0,9.5314,83.841,0.1423,0.0,0.6025,0.0,0.0,1890950868.0,0.0,6.7119670927378105e-06,0.1423,0,-0.09053270966222222,0.007663492,0.0045900787,0.0,0.0045900787226855755,train,Low,Low
1433,Mississippi,Madison,28089,65924.0,101791.0,45.66143179474919,2.3814,0.0286,10.3779,86.052,0.6639,0.0,0.4849,0.0113,13.0,1850058790.0,12.771266614926665,5.5020413702636986e-05,0.7038,1,-0.09053270966222222,0.9661636,0.9664428,0.00726885102276067,0.9591739723872735,test,High,High
1434,Mississippi,Calhoun,28013,31141.0,14724.0,10.929292929292929,2.9018,0.0073,10.0651,86.2437,0.2193,0.0,0.5555,0.0073,0.0,1519218202.0,0.0,9.691827007217493e-06,0.2339,0,-0.09053270966222222,0.0031406092,5.137548e-05,0.0,5.137547850608826e-05,test,Low,Low
1435,Mississippi,Marion,28091,30914.0,25810.0,12.74566141822779,3.578,0.0,10.7802,84.6602,0.2559,0.0,0.7257,0.0,2.0,1404769593.0,7.748934521503292,1.8373119783209886e-05,0.2559,0,-0.09053270966222222,0.008430307,0.005359575,0.004410357431274886,0.00094921772112227,train,Low,Low
1436,Mississippi,Tishomingo,28141,35364.0,19503.0,10.871794871794872,3.2885,0.0046,8.9515,86.6394,0.2848,0.0,0.8313,0.0,0.0,1098939231.0,0.0,1.7747114171411357e-05,0.2894,0,-0.09053270966222222,0.01045328,0.0073896246,0.0,0.0073896246030926704,train,Low,Low
1437,Mississippi,Wayne,28153,34458.0,20517.0,11.554637349664281,4.3305,0.0111,10.6078,84.1104,0.2489,0.0,0.6913,0.0,0.0,2099745578.0,0.0,9.771183811489375e-06,0.26,0,-0.09053270966222222,0.012699281,0.009643482,0.0,0.00964348204433918,train,Low,Low
1438,Mississippi,Greene,28041,40069.0,13941.0,7.834471675371635,5.747,0.0,10.3726,82.9576,0.2453,0.0,0.6775,0.0,0.0,1846034017.0,0.0,7.551865172374015e-06,0.2453,0,-0.09053270966222222,0.01302244,0.00996777,0.0,0.009967770427465439,train,Low,Low
1439,Mississippi,Marshall,28093,40598.0,36196.0,13.048451670888145,3.4548,0.0,7.7178,87.6466,0.3151,0.0,0.8603,0.0055,5.0,1828989833.0,13.81368106973146,1.9790159216265035e-05,0.3206,0,-0.09053270966222222,0.04421925,0.041273702,0.007862148117278483,0.03341155381872806,train,Low,Low
1440,Mississippi,Quitman,28119,24835.0,7634.0,12.925034798170609,2.148,0.0,9.2567,87.838,0.1236,0.0,0.6181,0.0155,0.0,1048975542.0,0.0,7.2775767349588024e-06,0.1391,0,-0.09053270966222222,0.0093671,0.0062996456,0.0,0.0062996456399559975,train,Low,Low
1441,Mississippi,Pearl River,28109,41598.0,55167.0,14.189699848844741,4.986,0.0038,8.5352,85.3346,0.4324,0.0,0.6945,0.0134,2.0,2100183723.0,3.6253557380317947,2.6267701913810137e-05,0.44960000000000006,0,-0.09053270966222222,0.10422254,0.101486884,0.0020633952417424333,0.09942348881577939,test,Low,Low
1442,Mississippi,Leake,28079,32657.0,23011.0,12.252090387671895,3.4138,0.0165,10.2908,85.2509,0.2639,0.0,0.7641,0.0,0.0,1509966829.0,0.0,1.5239407620125939e-05,0.28040000000000004,0,-0.09053270966222222,0.016736815,0.0136951385,0.0,0.01369513850659132,train,Low,Low
1443,Mississippi,Neshoba,28099,35991.0,29474.0,14.363100026816841,3.3587,0.004,11.6028,83.9163,0.2657,0.0,0.8526,0.0,0.0,1476641123.0,0.0,1.9960164687896206e-05,0.2697,0,-0.09053270966222222,0.03498748,0.03200964,0.0,0.03200963884592056,train,Low,Low
1444,Mississippi,Rankin,28121,59370.0,147930.0,29.582589797525642,3.3455,0.0075,10.5903,84.8178,0.5625,0.0,0.6669,0.0095,9.0,2008322209.0,6.083958629081322,7.365849928715298e-05,0.5794999999999999,1,-0.09053270966222222,0.9332882,0.9334525,0.0034627253691301403,0.9299897616227522,train,High,High
1445,Mississippi,Washington,28151,28452.0,48824.0,18.520660625923785,2.2711,0.0,9.916,86.8489,0.3079,0.0,0.6508,0.0054,3.0,1877069905.0,6.144519088972637,2.6010752114210684e-05,0.3133,0,-0.09053270966222222,0.06553746,0.06266648,0.0034971937561815345,0.059169289467256726,train,Low,Low
1446,Mississippi,Lawrence,28077,38155.0,12603.0,13.60778265511923,5.1998,0.0,9.3098,84.4881,0.1816,0.0,0.8207,0.0,0.0,1115424613.0,0.0,1.1298836203823306e-05,0.1816,0,-0.09053270966222222,0.030585598,0.027592361,0.0,0.027592360973358154,train,Low,Low
1447,Mississippi,Perry,28111,34774.0,12174.0,9.005424954792044,5.151,0.0,9.9265,83.9429,0.3429,0.0,0.6367,0.0,0.0,1676259638.0,0.0,7.262598062985753e-06,0.3429,0,-0.09053270966222222,0.0096137915,0.0065471996,0.0,0.006547199562191963,train,Low,Low
1448,Mississippi,Chickasaw,28017,31048.0,17357.0,11.006261575094806,2.9143,0.0054,9.6198,86.5508,0.2451,0.0,0.6646,0.0,0.0,1299609263.0,0.0,1.3355552698919167e-05,0.2505,0,-0.09053270966222222,0.0034323658,0.00034415256,0.0,0.0003441525623202324,train,Low,Low
1449,Mississippi,Carroll,28015,40278.0,10301.0,16.139675556777565,3.5249,0.0,11.4588,83.6436,0.2559,0.0,1.1168,0.0,0.0,1627140837.0,0.0,6.330736569178738e-06,0.2559,0,-0.09053270966222222,0.025836997,0.022827152,0.0,0.0228271521627903,train,Low,Low
1450,Mississippi,George,28039,47313.0,23313.0,13.089420155857878,5.3477,0.0,9.5222,84.2374,0.3443,0.0,0.5441,0.0043,2.0,1239817243.0,8.578904473898683,1.8803577810862886e-05,0.3486,0,-0.09053270966222222,0.074929975,0.072091855,0.004882740329481612,0.06720911477925634,train,Low,Low
1451,Mississippi,Grenada,28043,33026.0,21518.0,16.831204694511566,2.3835,0.0092,10.0513,86.5675,0.3326,0.0,0.6513,0.0046,4.0,1093252414.0,18.589088205223533,1.9682554298023255e-05,0.3464,0,-0.09053270966222222,0.06941768,0.066560276,0.010580102732707947,0.05598017311997226,train,Low,Low
1452,Mississippi,Jefferson,28063,23773.0,7528.0,17.82458983188171,3.3496,0.0,8.6271,87.186,0.2142,0.0,0.6232,0.0,0.0,1346620561.0,0.0,5.590290404009359e-06,0.2142,0,-0.09053270966222222,0.010518728,0.0074553015,0.0,0.007455301471054554,test,Low,Low
1453,Mississippi,Newton,28101,35527.0,21652.0,15.79709096171937,4.1025,0.0049,9.4085,85.4073,0.2436,0.0,0.8088,0.0244,1.0,1496636739.0,4.618510992056161,1.446710443207956e-05,0.2729,0,-0.09053270966222222,0.032966074,0.029981162,0.002628656135719675,0.0273525062633339,train,Low,Low
1454,Mississippi,Prentiss,28117,33509.0,25339.0,11.959894962998328,2.698,0.0,8.8877,87.3559,0.3308,0.0,0.7229,0.0047,0.0,1074778137.0,0.0,2.357602851015195e-05,0.33549999999999996,0,-0.09053270966222222,0.022192033,0.019169439,0.0,0.019169438630342484,train,Low,Low
1455,Mississippi,Sharkey,28125,28878.0,4662.0,18.97116644823067,4.4749,0.0,11.3188,83.5483,0.1316,0.0,0.5265,0.0,0.0,1118149660.0,0.0,4.169388201575807e-06,0.1316,0,-0.09053270966222222,0.01087573,0.007813552,0.0,0.007813552394509315,train,Low,Low
1456,Mississippi,Choctaw,28019,32953.0,8320.0,15.418347658305562,4.1701,0.0,9.698,84.9127,0.2217,0.0,0.9975,0.0,2.0,1083088569.0,24.03846153846154,7.681735582974285e-06,0.2217,0,-0.09053270966222222,0.057756923,0.05485873,0.013681649675625579,0.04117707956765292,train,Low,Low
1457,Mississippi,Hancock,28045,46542.0,46028.0,20.93779306033135,3.8069,0.0404,8.33,86.3581,0.7512,0.0,0.6919,0.0215,8.0,1227560683.0,17.38072477622317,3.749549870521554e-05,0.8130999999999999,1,-0.09053270966222222,0.6959764,0.6953106,0.00989235467986485,0.6854182379715024,test,High,High
1458,Mississippi,Itawamba,28057,35380.0,23511.0,13.139572021718301,2.7618,0.0051,9.1553,86.9145,0.4249,0.0,0.7334,0.0051,0.0,1379925842.0,0.0,1.703787209747754e-05,0.4351,0,-0.09053270966222222,0.033038713,0.030054059,0.0,0.030054058879613876,train,Low,Low
1459,Mississippi,Issaquena,28055,24306.0,1352.0,9.013282732447818,4.9536,0.0,10.5263,83.2817,0.3096,0.0,0.9288,0.0,0.0,1069782900.0,0.0,1.2638078249334514e-06,0.3096,0,-0.09053270966222222,0.00913493,0.006066663,0.0,0.0060666631907224655,test,Low,Low
1460,Mississippi,Jackson,28059,49158.0,140850.0,20.464515035283647,2.8928,0.012,8.1531,87.7158,0.6295,0.0,0.5863,0.0104,5.0,1871915875.0,3.549875754348598,7.524376596250619e-05,0.6518999999999999,1,-0.09053270966222222,0.73824495,0.737727,0.0020204353088605752,0.7357065510993731,train,High,High
1461,Mississippi,Leflore,28083,25356.0,30500.0,18.77365632096896,1.5366,0.0077,11.7654,85.7699,0.2272,0.0,0.6894,0.0039,2.0,1536793533.0,6.557377049180328,1.984651766490743e-05,0.2388,0,-0.09053270966222222,0.02534039,0.022328805,0.003732174600039502,0.018596630578364352,train,Low,Low
1462,Mississippi,Tunica,28143,31918.0,10407.0,18.97647806738716,2.0179,0.0489,10.7497,86.5966,0.2324,0.0,0.3547,0.0,2.0,1177602384.0,19.217834150091285,8.83744814157917e-06,0.2813,0,-0.09053270966222222,0.040355906,0.037396844,0.01093795765361822,0.02645888682284319,train,Low,Low
1463,Mississippi,Claiborne,28021,25000.0,9209.0,19.21546333143832,3.6848,0.0,8.6295,86.6635,0.2258,0.0,0.7964,0.0,0.0,1262400025.0,0.0,7.294835090010395e-06,0.2258,0,-0.09053270966222222,0.018849023,0.015814733,0.0,0.015814732760190964,train,Low,Low
1464,Mississippi,Harrison,28047,43095.0,198570.0,21.513625090500177,2.7223,0.0068,8.0318,87.8602,0.6755,0.0,0.6829,0.0205,27.0,1486713864.0,13.597220123885785,0.0001335630243372776,0.7028,1,-0.09053270966222222,0.77055955,0.77015465,0.007738947935570656,0.7624157070441352,train,High,High
1465,Mississippi,Lauderdale,28075,38399.0,79233.0,19.22775644332359,3.0373,0.0044,8.6576,87.2067,0.4026,0.0,0.6853,0.0059,4.0,1822451131.0,5.048401549859276,4.3476062898061876e-05,0.41290000000000004,0,-0.09053270966222222,0.27438435,0.2722439,0.0028733311953656887,0.2693705559906847,test,Low,Low
1466,Mississippi,Lincoln,28085,36250.0,34691.0,14.794830512162221,4.7061,0.0031,10.4401,83.7796,0.317,0.0,0.7541,0.0,2.0,1518055421.0,5.765184053500908,2.285226186086654e-05,0.3201,0,-0.09053270966222222,0.04421664,0.041271083,0.003281292707076902,0.037989790349849825,train,Low,Low
1467,Mississippi,Simpson,28127,37285.0,27279.0,12.750193519849606,4.6394,0.0041,10.1636,84.2554,0.2882,0.0,0.6454,0.0041,0.0,1525930832.0,0.0,1.7876957086086324e-05,0.2964,0,-0.09053270966222222,0.025599852,0.022589177,0.0,0.022589176893234253,train,Low,Low
1468,Mississippi,Winston,28159,32820.0,18519.0,17.25900298789118,3.8156,0.0,8.9835,86.272,0.2528,0.0,0.6761,0.0,1.0,1572709946.0,5.399859603650305,1.1775216432693687e-05,0.2528,0,-0.09053270966222222,0.041112002,0.038155586,0.003073365875619764,0.03508221965180028,train,Low,Low
1469,Mississippi,Attala,28007,33018.0,19085.0,14.783710980827127,3.7248,0.0055,9.8553,85.5662,0.2106,0.0,0.6374,0.0,0.0,1903594478.0,0.0,1.0025769784776608e-05,0.21610000000000001,0,-0.09053270966222222,0.028484898,0.025484312,0.0,0.02548431232571602,train,Low,Low
1470,Mississippi,Lamar,28073,53888.0,59623.0,36.79985451522395,4.2008,0.0152,10.02,84.5127,0.6789,0.0,0.5496,0.0228,6.0,1287499610.0,10.063230632474045,4.6309140241215295e-05,0.7169,1,-0.09053270966222222,0.9559578,0.9562013,0.00572755439853101,0.9504737605276165,train,High,High
1471,Mississippi,Lee,28081,43224.0,85281.0,23.086541037777977,2.4111,0.0087,9.3429,87.0354,0.6533,0.0,0.5373,0.0112,11.0,1165367719.0,12.898535429931636,7.317947683773108e-05,0.6732,1,-0.09053270966222222,0.7317601,0.7312195,0.007341286912168318,0.7238781835887778,test,High,High
1472,Mississippi,Tallahatchie,28135,29837.0,14776.0,8.914116485686082,2.7317,0.0,9.8995,86.7141,0.1129,0.0,0.5418,0.0,0.0,1671109452.0,0.0,8.842030055132498e-06,0.1129,0,-0.09053270966222222,0.0034734772,0.0003854076,0.0,0.0003854075912386179,train,Low,Low
1473,Mississippi,Smith,28129,33696.0,16137.0,11.947231512448903,5.0108,0.0,9.8978,84.0691,0.2323,0.0,0.79,0.0,0.0,1647926085.0,0.0,9.792308130130727e-06,0.2323,0,-0.09053270966222222,0.021440813,0.018415589,0.0,0.01841558888554573,train,Low,Low
1474,Mississippi,Warren,28149,40475.0,47834.0,23.62897125567322,2.9375,0.0024,9.7449,86.1363,0.4566,0.0,0.7078,0.0145,5.0,1524245417.0,10.452815988627336,3.138208550047423e-05,0.47350000000000003,0,-0.09053270966222222,0.6729941,0.6722479,0.0059492894855753655,0.6662985971721395,train,Low,High
1475,Mississippi,Clarke,28023,36441.0,16203.0,14.079942383867483,4.189,0.0,9.1039,85.8919,0.1369,0.0,0.6724,0.006,0.0,1791177222.0,0.0,9.046006057350366e-06,0.1429,0,-0.09053270966222222,0.020688208,0.017660353,0.0,0.01766035333275795,train,Low,Low
1476,Mississippi,Montgomery,28097,31207.0,10353.0,18.337373449308426,3.249,0.0,10.5768,85.1345,0.2299,0.0,0.8098,0.0,2.0,1054074717.0,19.31807205640877,9.821884381655271e-06,0.2299,0,-0.09053270966222222,0.040355906,0.037396844,0.010995008722225906,0.026401835754235506,train,Low,Low
1477,Mississippi,Oktibbeha,28105,33431.0,49424.0,41.98081014894215,2.5839,0.0263,9.4168,86.6327,0.7989,0.0,0.5209,0.0205,11.0,1186750731.0,22.2563936549045,4.1646487934625925e-05,0.8457,1,-0.09053270966222222,0.87197703,0.87192684,0.012667373930815524,0.8592594701892101,train,High,High
1478,Mississippi,Webster,28155,37083.0,9922.0,18.51145038167939,3.9516,0.0,9.3255,85.6924,0.3321,0.0,0.6983,0.0,0.0,1090223315.0,0.0,9.100887738765705e-06,0.3321,0,-0.09053270966222222,0.04768885,0.044755436,0.0,0.04475543648004532,train,Low,Low
1479,Mississippi,Alcorn,28003,38892.0,37309.0,16.550875382111236,2.5526,0.026,9.0715,87.2832,0.4134,0.0,0.6447,0.0087,6.0,1036100568.0,16.08191053097108,3.600905274284147e-05,0.4481,0,-0.09053270966222222,0.08907933,0.086290695,0.009153125945579202,0.07713756882761798,train,Low,Low
1480,Mississippi,Clay,28025,33142.0,20147.0,18.9324374766704,3.0108,0.0,9.3519,86.7179,0.2074,0.0,0.7008,0.0112,0.0,1062066012.0,0.0,1.8969630674896317e-05,0.2186,0,-0.09053270966222222,0.059426766,0.05653441,0.0,0.056534409523010254,train,Low,Low
1481,Mississippi,Covington,28031,31684.0,19503.0,14.43194249101422,5.3808,0.0051,10.3445,83.2037,0.3347,0.0,0.7312,0.0,0.0,1071727825.0,0.0,1.8197717316894335e-05,0.3398,0,-0.09053270966222222,0.0076796087,0.0046062516,0.0,0.004606251604855061,test,Low,Low
1482,Mississippi,Humphreys,28053,23442.0,8822.0,13.945151460835275,2.0872,0.0,9.6106,87.4766,0.1558,0.0,0.6698,0.0,0.0,1083947281.0,0.0,8.138772202889081e-06,0.1558,0,-0.09053270966222222,0.009329855,0.0062622707,0.0,0.006262270733714104,train,Low,Low
1483,Missouri,Wright,29229,30581.0,18378.0,11.195231958762887,6.5585,0.0062,8.2621,84.2309,0.3495,0.0,0.5866,0.0062,0.0,1765780148.0,0.0,1.040786420711306e-05,0.36189999999999994,0,-0.04211071135232559,0.020981653,0.017954823,0.0,0.01795482262969017,train,Low,Low
1484,Missouri,Clay,29047,63702.0,233135.0,31.87648303726031,2.3861,0.0288,8.8305,87.2712,1.126,0.0,0.2975,0.06,103.0,1029881206.0,44.180410491775156,0.000226370768435986,1.2147999999999999,1,-0.04211071135232559,0.9979873,0.99837786,0.0251455733931501,0.9732322861992877,train,High,High
1485,Missouri,Dent,29065,38020.0,15578.0,12.571009712296133,6.1859,0.0,8.4058,84.5969,0.2791,0.0,0.5128,0.0195,4.0,1949640578.0,25.67723712928489,7.990190692471318e-06,0.29860000000000003,0,-0.04211071135232559,0.3043063,0.3022705,0.014614369662499014,0.2876561321895365,train,Low,Low
1486,Missouri,Saline,29195,40645.0,23214.0,18.847094599061283,4.9457,0.005,10.9222,83.1062,0.5352,0.0,0.4757,0.0099,4.0,1956716996.0,17.230981304385285,1.1863749355402441e-05,0.5501,0,-0.04211071135232559,0.47941384,0.47799054,0.0098071271905923,0.4681834106912589,train,Low,Low
1487,Missouri,Worth,29227,44974.0,2061.0,17.333333333333336,7.8057,0.0,8.5863,82.5672,0.3903,0.0,0.6505,0.0,0.0,690523564.0,0.0,2.984691772227486e-06,0.3903,0,-0.04211071135232559,0.1666586,0.16414133,0.0,0.16414132714271545,test,Low,Low
1488,Missouri,Grundy,29079,40187.0,10231.0,18.675400291120813,5.7361,0.0,10.0101,83.2752,0.2699,0.0,0.6973,0.0112,1.0,1127383741.0,9.77421561919656,9.074993392156788e-06,0.28109999999999996,0,-0.04211071135232559,0.41815645,0.41651887,0.005563059588564403,0.4109558074272742,test,Low,Low
1489,Missouri,Morgan,29141,32807.0,20182.0,11.741424802110819,6.1484,0.0139,8.7397,84.0624,0.5155,0.0,0.5155,0.0046,1.0,1547854691.0,4.954910316123278,1.303869162741711e-05,0.534,0,-0.04211071135232559,0.08983138,0.08704538,0.002820120040164622,0.08422525894285617,test,Low,Low
1490,Missouri,Reynolds,29179,36736.0,6530.0,9.125395152792413,6.1142,0.0101,9.5604,83.4664,0.4245,0.0,0.4245,0.0,0.0,2093947226.0,0.0,3.118512214118237e-06,0.4346,0,-0.04211071135232559,0.06700061,0.064134754,0.0,0.06413475424051285,train,Low,Low
1491,Missouri,Saint Louis,29189,61103.0,1000560.0,42.38208974329136,0.8214,0.0265,5.2084,43.0134,0.8043,0.0,0.1017,0.0243,145.0,1315122130.0,14.491884544654994,0.0007608114692739601,0.8551,1,-0.04211071135232559,0.9976157,0.998005,0.008248152119150625,0.9897568208155723,train,High,High
1492,Missouri,Stone,29209,41944.0,31197.0,16.85780298256669,5.1916,0.0032,9.1266,84.1396,1.0877,0.0,0.4221,0.0292,1.0,1201848048.0,3.205436420168606,2.5957524374162814e-05,1.1200999999999999,1,-0.04211071135232559,0.65108806,0.6502652,0.00182439537938271,0.6484408214480099,train,High,High
1493,Missouri,Barry,29009,37869.0,35716.0,12.811892417368762,5.8678,0.0031,8.372,84.7616,0.5194,0.0,0.4514,0.0247,5.0,2015659215.0,13.999328032254452,1.7719265109008023e-05,0.5471999999999999,0,-0.04211071135232559,0.18595585,0.18350609,0.00796781031618916,0.17553827615250744,test,Low,Low
1494,Missouri,Boone,29019,50813.0,172773.0,46.75046225264566,2.8917,0.0292,8.4366,86.6447,1.6704,0.0,0.2996,0.0278,16.0,1775580802.0,9.26070624460998,9.730506198613427e-05,1.7274,1,-0.04211071135232559,0.99632,0.99670476,0.005270792325245487,0.991433964888347,train,High,High
1495,Missouri,Cole,29051,54130.0,76603.0,31.739590345225505,3.7129,0.0076,11.2748,83.4353,1.0358,0.0,0.5059,0.0278,12.0,1014013381.0,15.665182825737894,7.554436798896641e-05,1.0712000000000002,1,-0.04211071135232559,0.9909526,0.9913186,0.008915942610697085,0.9824026408777673,train,High,High
1496,Missouri,Crawford,29055,36983.0,24545.0,12.511112428139631,6.1289,0.0041,8.1936,84.8492,0.2816,0.0,0.5386,0.0041,0.0,1923108650.0,0.0,1.2763189432900736e-05,0.2898,0,-0.04211071135232559,0.12647805,0.12382023,0.0,0.1238202303647995,train,Low,Low
1497,Missouri,Iron,29093,36354.0,10220.0,11.378977820636452,5.0771,0.0102,8.3359,85.7084,0.2145,0.0,0.6231,0.0306,3.0,1425177705.0,29.354207436399218,7.171035558684943e-06,0.2553,0,-0.04211071135232559,0.1843072,0.18185167,0.016707141678259024,0.16514452846772945,train,Low,Low
1498,Missouri,Livingston,29117,44266.0,15057.0,19.771578356113086,5.871,0.0,11.5789,81.7198,0.3855,0.0,0.4448,0.0,2.0,1378706292.0,13.282858471142989,1.0921107771371511e-05,0.3855,0,-0.04211071135232559,0.54956377,0.54838586,0.007560026917792707,0.5408258316179739,train,Low,High
1499,Missouri,Moniteau,29135,48974.0,15840.0,18.282312925170068,7.4815,0.0139,9.4617,81.9551,0.4672,0.0,0.5927,0.0279,0.0,1074911081.0,0.0,1.4736102622799179e-05,0.509,0,-0.04211071135232559,0.51114035,0.50982803,0.0,0.5098280310630798,train,Low,High
1500,Missouri,Pemiscot,29155,31671.0,17599.0,11.662422060244138,2.768,0.0,12.3795,84.4216,0.1899,0.0,0.241,0.0,4.0,1275622233.0,22.72856412296153,1.3796404252543315e-05,0.1899,0,-0.04211071135232559,0.05690618,0.05400501,0.012936112881550634,0.04106889530931965,train,Low,Low
1501,Missouri,Pettis,29159,40467.0,42193.0,17.230493273542603,4.0511,0.0053,9.7284,84.9353,0.8224,0.0,0.4337,0.0238,9.0,1766949639.0,21.33055246130875,2.3879005416294152e-05,0.8515,1,-0.04211071135232559,0.7635377,0.7631082,0.012140425280388256,0.7509677685939709,train,High,High
1502,Missouri,Shannon,29203,32284.0,8256.0,15.036420395421434,6.4472,0.0,8.7295,84.0135,0.3471,0.0,0.4628,0.0,0.0,2599883711.0,0.0,3.17552664569927e-06,0.3471,0,-0.04211071135232559,0.07891927,0.0760951,0.0,0.0760950967669487,train,Low,Low
1503,Missouri,Randolph,29175,40638.0,25081.0,14.393895264169629,4.4414,0.0089,8.5861,85.954,0.5712,0.0,0.4207,0.0177,7.0,1250217889.0,27.909572983533355,2.0061303090184786e-05,0.5978000000000001,1,-0.04211071135232559,0.6000386,0.59903723,0.015884918406531515,0.5831523116082695,train,High,High
1504,Missouri,Dunklin,29069,31220.0,31271.0,11.446810584279518,2.5373,0.0039,12.4359,84.5024,0.2506,0.0,0.2699,0.0,0.0,1401369327.0,0.0,2.231460286557278e-05,0.2545,0,-0.04211071135232559,0.018871246,0.015837036,0.0,0.015837036073207855,train,Low,Low
1505,Missouri,Franklin,29071,50895.0,102063.0,19.725355847655635,5.5231,0.0117,9.5596,83.6952,0.7126,0.0,0.4666,0.0312,10.0,2389734943.0,9.797869943074375,4.270892062693498e-05,0.7555000000000001,1,-0.04211071135232559,0.9058981,0.9059666,0.005576522603744981,0.900390057310348,train,High,High
1506,Missouri,Howard,29089,45762.0,10148.0,25.312214438014013,5.9806,0.0,9.1236,84.0009,0.5457,0.0,0.3492,0.0,0.0,1201192534.0,0.0,8.448270958034443e-06,0.5457,0,-0.04211071135232559,0.27353323,0.27138978,0.0,0.27138978242874146,train,Low,Low
1507,Missouri,Jackson,29095,48104.0,683643.0,29.42657622924753,1.7193,0.0356,8.046,88.7679,1.0819,0.0,0.2982,0.051,460.0,1565835130.0,67.28658086164856,0.00043659960547698276,1.1685,1,-0.04211071135232559,0.996743,0.99712926,0.0382966033723407,0.9588326581213422,test,High,High
1508,Missouri,Miller,29131,40057.0,25011.0,15.665948401374411,6.5275,0.004,8.4549,84.0119,0.4608,0.0,0.5209,0.02,0.0,1534813236.0,0.0,1.629579378998788e-05,0.4848,0,-0.04211071135232559,0.2753616,0.27322456,0.0,0.2732245624065399,train,Low,Low
1509,Missouri,Putnam,29171,38125.0,4877.0,18.444055944055947,8.308,0.0,8.8771,82.1131,0.3035,0.0,0.3983,0.0,0.0,1339843854.0,0.0,3.639976393846264e-06,0.3035,0,-0.04211071135232559,0.10713685,0.104411386,0.0,0.10441138595342636,train,Low,Low
1510,Missouri,Taney,29213,38040.0,53853.0,18.44691651366238,3.3233,0.0063,8.2254,87.0906,0.975,0.0,0.3522,0.0273,32.0,1638012282.0,59.421016470763,3.287704285968229e-05,1.0086,1,-0.04211071135232559,0.90495694,0.9050221,0.03381986527805836,0.8712022194349238,train,High,High
1511,Missouri,Buchanan,29021,46680.0,89415.0,20.481404095277895,3.249,0.007,9.0426,86.5514,0.6847,0.0,0.4499,0.0155,51.0,1056782089.0,57.037409830565345,8.461063158688716e-05,0.7071999999999999,1,-0.04211071135232559,0.96607834,0.9663573,0.0324632197638061,0.9338940709809754,test,High,High
1512,Missouri,Caldwell,29025,44722.0,9057.0,17.853125502169373,7.59,0.0,8.56,83.13,0.34,0.0,0.37,0.01,0.0,1104350547.0,0.0,8.201200266168745e-06,0.35000000000000003,0,-0.04211071135232559,0.25675064,0.2545485,0.0,0.25454849004745483,train,Low,Low
1513,Missouri,Cass,29037,63613.0,101324.0,25.283885885974343,4.5938,0.0211,9.6021,84.5175,0.8574,0.0,0.3733,0.0348,22.0,1804141831.0,21.712526153724685,5.616188165419241e-05,0.9133,1,-0.04211071135232559,0.97649276,0.9768082,0.01235782813857776,0.9644503622071864,train,High,High
1514,Missouri,Clinton,29049,57486.0,20494.0,18.593072053488868,6.4572,0.0086,9.203,83.232,0.5216,0.0,0.5345,0.0431,3.0,1085096688.0,14.638430760222505,1.8886796196727494e-05,0.5733,1,-0.04211071135232559,0.635073,0.6341942,0.008331559868830255,0.6258626354017081,test,High,High
1515,Missouri,Dallas,29059,37695.0,16508.0,13.156736777259525,6.6822,0.0,8.5111,83.8264,0.3765,0.0,0.5798,0.0239,0.0,1400578411.0,0.0,1.1786558946180986e-05,0.4004,0,-0.04211071135232559,0.19185778,0.18942866,0.0,0.1894286572933197,test,Low,Low
1516,Missouri,Hickory,29085,33113.0,9267.0,9.813214385280178,6.9702,0.0,9.1337,82.8614,0.5926,0.0,0.4327,0.0094,0.0,1032907243.0,0.0,8.971763982489568e-06,0.602,1,-0.04211071135232559,0.13020414,0.12755936,0.0,0.1275593638420105,train,High,Low
1517,Missouri,Lincoln,29113,55249.0,54286.0,15.21345261012343,5.7371,0.0036,9.6896,83.6226,0.4744,0.0,0.4471,0.0255,2.0,1622776606.0,3.684191135836127,3.345254041701412e-05,0.5035,0,-0.04211071135232559,0.60987043,0.60890347,0.002096881798275887,0.606806585856906,train,Low,High
1518,Missouri,Monroe,29137,41201.0,8642.0,14.024190912062764,6.314,0.0,10.1642,82.7325,0.3413,0.0,0.448,0.0,0.0,1677414414.0,0.0,5.151976713608949e-06,0.3413,0,-0.04211071135232559,0.087809,0.08501592,0.0,0.0850159227848053,train,Low,Low
1519,Missouri,Newton,29145,44474.0,58741.0,18.436638415194526,4.9851,0.0173,8.2025,85.5412,0.7631,0.0,0.4813,0.0096,5.0,1618104260.0,8.511942254983742,3.6302357920990825e-05,0.79,1,-0.04211071135232559,0.8820812,0.88206637,0.0048446283388606255,0.877221740717841,train,High,High
1520,Missouri,Pike,29163,42779.0,18475.0,13.310339421494083,6.121,0.0061,10.1653,82.8722,0.3754,0.0,0.4541,0.0061,3.0,1736428536.0,16.23815967523681,1.0639654680266094e-05,0.3876,0,-0.04211071135232559,0.28790882,0.28581566,0.009242056181423937,0.2765736000037262,test,Low,Low
1521,Missouri,Saint Charles,29183,75603.0,379856.0,36.146062992125984,2.1617,0.0339,9.4821,86.902,1.094,0.0,0.2633,0.0629,40.0,1451493058.0,10.530306221304915,0.00026170018375657985,1.1908,1,-0.04211071135232559,0.99731195,0.99770015,0.0059933935649933035,0.9917067612163483,test,High,High
1522,Missouri,Cape Girardeau,29031,48458.0,78089.0,29.855576197039614,3.8778,0.0175,9.7309,85.1002,0.8603,0.0,0.3959,0.0175,9.0,1498398267.0,11.525310863245783,5.2114982858559327e-05,0.8952999999999999,1,-0.04211071135232559,0.99244386,0.9928151,0.006559707050358202,0.9862553702544818,train,High,High
1523,Missouri,Shelby,29205,41351.0,6148.0,13.982551285074274,5.9954,0.0,9.9879,83.3714,0.3092,0.0,0.3361,0.0,0.0,1297230230.0,0.0,4.739328345747847e-06,0.3092,0,-0.04211071135232559,0.07093959,0.06808751,0.0,0.06808751076459885,train,Low,Low
1524,Missouri,Webster,29225,44814.0,37075.0,16.19487051585817,6.2817,0.0055,8.5121,84.0022,0.6552,0.0,0.5214,0.0218,4.0,1534730291.0,10.78894133513149,2.415733905652091e-05,0.6825,1,-0.04211071135232559,0.6470214,0.6461844,0.006140597453874838,0.6400437873689706,train,High,High
1525,Missouri,Atchison,29005,43438.0,5380.0,22.332065906210392,6.2436,0.0,13.0703,79.6055,0.4117,0.0,0.6518,0.0172,1.0,1417462632.0,18.587360594795538,3.795514519073403e-06,0.4289,0,-0.04211071135232559,0.23614728,0.23387307,0.010579119451784833,0.2232939498345616,train,Low,Low
1526,Missouri,Bates,29013,41520.0,16513.0,13.777267508610791,6.3438,0.0055,9.5821,83.1663,0.3155,0.0,0.5812,0.0055,2.0,2167013739.0,12.111669593653485,7.620163962421467e-06,0.3265,0,-0.04211071135232559,0.24326079,0.24101146,0.006893437007279404,0.23411801864781856,test,Low,Low
1527,Missouri,Benton,29015,33428.0,18825.0,10.594422531312713,5.4512,0.0,9.4152,84.1384,0.4696,0.0,0.5032,0.0224,2.0,1823463548.0,10.624169986719787,1.0323759978995753e-05,0.492,0,-0.04211071135232559,0.10398961,0.10125313,0.006046816749067985,0.09520631279280595,train,Low,Low
1528,Missouri,Carter,29035,37162.0,6249.0,12.149752766658818,6.3706,0.0,10.1582,82.5424,0.3628,0.0,0.566,0.0,0.0,1314052192.0,0.0,4.755518873636946e-06,0.3628,0,-0.04211071135232559,0.06248888,0.059607234,0.0,0.059607233852148056,train,Low,Low
1529,Missouri,Dade,29057,37904.0,7590.0,14.929474262685474,8.1969,0.0,7.5756,83.1521,0.466,0.0,0.6094,0.0,0.0,1269123308.0,0.0,5.980506348087651e-06,0.466,0,-0.04211071135232559,0.10371371,0.10097627,0.0,0.10097627341747284,train,Low,Low
1530,Missouri,Linn,29115,39286.0,12319.0,14.57619103912992,6.3712,0.0076,10.6288,81.9394,0.3712,0.0,0.6667,0.0152,0.0,1594303526.0,0.0,7.726884999688573e-06,0.39399999999999996,0,-0.04211071135232559,0.15423867,0.15167795,0.0,0.1516779512166977,train,Low,Low
1531,Missouri,Howell,29091,33964.0,40265.0,14.37495406775924,5.9852,0.0027,8.4409,84.3742,0.7471,0.0,0.4258,0.0241,4.0,2401562305.0,9.934186017633179,1.6766169220831438e-05,0.7739,1,-0.04211071135232559,0.30508673,0.30305365,0.005654107800879413,0.29739953947885994,train,High,Low
1532,Missouri,Johnson,29101,48977.0,54229.0,27.791019777104943,4.8109,0.0115,9.4101,84.5878,0.7566,0.0,0.3863,0.0368,11.0,2147833553.0,20.284349702188866,2.5248232072850946e-05,0.8049,1,-0.04211071135232559,0.9771936,0.97751147,0.011544972047366289,0.9659664935021027,train,High,High
1533,Missouri,Laclede,29105,40436.0,35505.0,13.672733302931055,5.192,0.0028,9.9902,83.8291,0.458,0.0,0.5195,0.0084,1.0,1980627554.0,2.816504717645402,1.792613655621192e-05,0.46920000000000006,0,-0.04211071135232559,0.20151763,0.19912228,0.0016030323236333587,0.19751924755879768,train,Low,Low
1534,Missouri,Maries,29125,40542.0,8987.0,13.962619758127847,7.2583,0.0124,9.7813,81.8046,0.609,0.0,0.5344,0.0,0.0,1364869337.0,0.0,6.584513078558523e-06,0.6214,1,-0.04211071135232559,0.116551764,0.11385923,0.0,0.11385922878980637,train,High,Low
1535,Missouri,Phelps,29161,41603.0,44833.0,27.85097192224622,4.5142,0.013,8.5303,85.5961,0.8484,0.0,0.4592,0.0389,5.0,1739898251.0,11.152499275087546,2.5767598751382387e-05,0.9003000000000001,1,-0.04211071135232559,0.9569666,0.9572137,0.006347518864519707,0.9508661809531378,train,High,High
1536,Missouri,Platte,29165,70879.0,94970.0,40.72839429247928,2.9703,0.044,8.0713,87.0168,1.5626,0.0,0.2637,0.0714,121.0,1088302649.0,127.40865536485205,8.726432861967609e-05,1.678,1,-0.04211071135232559,0.9975823,0.9979715,0.07251548047512783,0.9254559946492313,train,High,High
1537,Missouri,Saint Francois,29187,41461.0,66230.0,13.763300760043432,4.3939,0.0017,9.2631,85.3837,0.4701,0.0,0.4666,0.0208,3.0,1170437420.0,4.529669334138608,5.658568229987042e-05,0.4926,0,-0.04211071135232559,0.6060778,0.60509753,0.002578091317406118,0.6025194409549327,test,Low,High
1538,Missouri,Saint Louis,29510,36809.0,316030.0,33.00742109934757,0.5726,0.0289,4.2503,43.737,0.9309,0.0,0.4472,0.033,261.0,160458044.0,82.58709616175679,0.001969549124006522,0.9928,1,-0.04211071135232559,0.99403065,0.9944074,0.047004993044354106,0.9474024223456605,test,High,High
1539,Missouri,Andrew,29003,54804.0,17347.0,23.98167430237401,5.834,0.0,9.8525,83.209,0.5816,0.0,0.4994,0.0235,0.0,1120696556.0,0.0,1.547876622545809e-05,0.6051,1,-0.04211071135232559,0.8399862,0.83982414,0.0,0.8398241400718689,train,High,High
1540,Missouri,Butler,29023,36302.0,42887.0,15.603710930813735,3.9685,0.0054,11.4646,83.6228,0.4923,0.0,0.4355,0.0108,7.0,1799185021.0,16.3219623662182,2.3836903653279138e-05,0.5085000000000001,0,-0.04211071135232559,0.37763926,0.37585998,0.009289753038315033,0.3665702227765043,test,Low,Low
1541,Missouri,Carroll,29033,41537.0,9009.0,17.317541613316262,8.2175,0.0,10.6568,80.3059,0.2299,0.0,0.5798,0.01,0.0,1799061775.0,0.0,5.007610147239108e-06,0.2399,0,-0.04211071135232559,0.15384619,0.1512841,0.0,0.1512840986251831,train,Low,Low
1542,Missouri,Daviess,29061,43669.0,8257.0,16.822601357549075,7.9464,0.0,9.1295,82.0982,0.3237,0.0,0.4911,0.0112,0.0,1458775344.0,0.0,5.66022728171364e-06,0.3349,0,-0.04211071135232559,0.12675348,0.12409663,0.0,0.12409663200378418,train,Low,Low
1543,Missouri,Holt,29087,41017.0,4537.0,20.089686098654706,8.9636,0.0,12.8135,77.1923,0.3694,0.0,0.6416,0.0194,0.0,1198369598.0,0.0,3.7859772206938112e-06,0.38880000000000003,0,-0.04211071135232559,0.110878095,0.10816571,0.0,0.10816571116447449,test,Low,Low
1544,Missouri,Marion,29127,43828.0,28858.0,20.471585914473344,3.3728,0.0,9.9548,85.7093,0.5771,0.0,0.3743,0.0117,2.0,1131627484.0,6.930487213251092,2.550132478047873e-05,0.5888,1,-0.04211071135232559,0.83045495,0.8302595,0.003944532722337127,0.8263149692117144,train,High,High
1545,Missouri,Osage,29151,54119.0,13704.0,19.081577525661807,7.6913,0.0065,10.0789,81.2512,0.4762,0.0,0.4893,0.0065,0.0,1571017654.0,0.0,8.72300827753779e-06,0.4892,0,-0.04211071135232559,0.27118215,0.26903048,0.0,0.26903048157691956,train,Low,Low
1546,Missouri,Ripley,29181,34145.0,13936.0,11.305699481865284,5.3871,0.0,10.3205,83.3269,0.2703,0.0,0.6855,0.0097,0.0,1630498740.0,0.0,8.547078055393039e-06,0.27999999999999997,0,-0.04211071135232559,0.0822201,0.079407476,0.0,0.0794074758887291,train,Low,Low
1547,Missouri,Warren,29219,51509.0,33290.0,18.208915968965066,5.0596,0.0086,9.5694,84.2399,0.5814,0.0,0.5065,0.0345,4.0,1110070560.0,12.015620306398318,2.9989084657825716e-05,0.6245,1,-0.04211071135232559,0.79942983,0.7991259,0.006838769918966946,0.7922871398863309,train,High,High
1548,Missouri,Washington,29221,36701.0,25002.0,7.953623188405796,5.6706,0.0,7.7145,85.8923,0.1951,0.0,0.5232,0.0044,1.0,1968056216.0,3.999680025597952,1.270390540510861e-05,0.19949999999999998,0,-0.04211071135232559,0.069713615,0.06685725,0.0022764443904728583,0.06458080415422013,train,Low,Low
1549,Missouri,Christian,29043,54392.0,82053.0,26.47069637473344,4.2892,0.0157,9.2073,84.9217,1.089,0.0,0.4131,0.0641,6.0,1457243589.0,7.312346897736829,5.630698986729253e-05,1.1688,1,-0.04211071135232559,0.9377388,0.9379186,0.004161870692157684,0.9337567327280999,train,High,High
1550,Missouri,De Kalb,29063,43538.0,12706.0,13.580246913580247,7.4784,0.0222,9.2621,82.3399,0.3324,0.0,0.565,0.0,0.0,1091311254.0,0.0,1.1642874526793802e-05,0.35459999999999997,0,-0.04211071135232559,0.16193429,0.1594005,0.0,0.15940049290657043,train,Low,Low
1551,Missouri,Harrison,29081,41173.0,8649.0,13.91465677179963,7.4082,0.0,9.7654,82.0335,0.2064,0.0,0.5866,0.0,7.0,1871276777.0,80.93421204763557,4.6219779491230226e-06,0.2064,0,-0.04211071135232559,0.19866498,0.19625966,0.04606424309795547,0.15019541941100906,train,Low,Low
1552,Missouri,Lafayette,29107,50830.0,32789.0,18.322403403048565,5.4169,0.003,10.319,83.28,0.5332,0.0,0.4296,0.0183,12.0,1627640379.0,36.59763945225533,2.0145113394240755e-05,0.5545,0,-0.04211071135232559,0.79655725,0.79624325,0.020829789008729418,0.7754134613612962,train,Low,High
1553,Missouri,Adair,29001,37967.0,25547.0,30.48968504515087,3.4848,0.0218,8.5646,86.241,1.1252,0.0,0.5244,0.0382,5.0,1469362053.0,19.571769679414412,1.7386456896610765e-05,1.1852,1,-0.04211071135232559,0.9631824,0.9634512,0.011139402405488394,0.9523118042786242,train,High,High
1554,Missouri,Scotland,29199,41336.0,4893.0,14.00192246074976,7.6117,0.0184,9.8364,81.6327,0.3309,0.0,0.5332,0.0368,0.0,1130968300.0,0.0,4.326381208032091e-06,0.38610000000000005,0,-0.04211071135232559,0.077885054,0.07505727,0.0,0.0750572681427002,train,Low,Low
1555,Missouri,Sullivan,29211,42639.0,6416.0,11.58865886588659,7.6244,0.0,9.4464,82.4807,0.1822,0.0,0.2663,0.0,0.0,1678264468.0,0.0,3.822996984286985e-06,0.1822,0,-0.04211071135232559,0.08936102,0.08657337,0.0,0.08657336980104446,train,Low,Low
1556,Missouri,Clark,29045,45169.0,6860.0,12.311872909698996,5.8775,0.0,9.8692,83.3999,0.3441,0.0,0.5093,0.0,0.0,1307147388.0,0.0,5.248069240681526e-06,0.3441,0,-0.04211071135232559,0.07674441,0.07391263,0.0,0.07391262799501419,train,Low,Low
1557,Missouri,Jasper,29097,42648.0,117376.0,22.056426167437948,3.2796,0.0068,8.2537,87.1639,0.8056,0.0,0.4682,0.0223,36.0,1653653979.0,30.670665212649947,7.097978264532691e-05,0.8347,1,-0.04211071135232559,0.9635711,0.96384126,0.01745641234512751,0.9463848471343952,train,High,High
1558,Missouri,Lewis,29111,45708.0,10146.0,13.937651331719128,5.9231,0.0,9.0862,84.0604,0.5272,0.0,0.3928,0.0103,4.0,1308052630.0,39.42440370589395,7.756568632869152e-06,0.5375,0,-0.04211071135232559,0.2588087,0.25661376,0.022438660615258194,0.23417510057134153,train,Low,Low
1559,Missouri,Mcdonald,29119,38846.0,22720.0,13.30006070007419,6.978,0.0,7.5512,84.4025,0.5732,0.0,0.4951,0.0,0.0,1397247188.0,0.0,1.626054444419465e-05,0.5732,1,-0.04211071135232559,0.25951728,0.2573248,0.0,0.25732481479644775,train,High,Low
1560,Missouri,Perry,29157,53014.0,19152.0,16.10836677987033,6.3226,0.0,9.722,83.1772,0.3532,0.0,0.4096,0.0154,2.0,1228575201.0,10.442773600668337,1.5588789342655793e-05,0.36860000000000004,0,-0.04211071135232559,0.4834742,0.48206508,0.005943573793922557,0.47612150780245194,train,Low,Low
1561,Missouri,Polk,29167,42483.0,31113.0,19.61191610092208,6.1659,0.0067,8.4789,84.1501,0.646,0.0,0.5255,0.0268,5.0,1646005965.0,16.070452865361744,1.8902118620208036e-05,0.6795000000000001,1,-0.04211071135232559,0.5981238,0.5971157,0.009146604739273359,0.5879690907372587,train,High,High
1562,Missouri,Ray,29177,53459.0,22921.0,13.870331488197493,6.1222,0.0044,9.39,83.6164,0.4046,0.0,0.4402,0.0222,4.0,1473200437.0,17.451245582653463,1.5558643226223806e-05,0.4312,0,-0.04211071135232559,0.35509008,0.3532319,0.0099324920641512,0.34329941482671794,test,Low,Low
1563,Missouri,Madison,29123,36359.0,12403.0,12.26679104477612,5.6552,0.0,9.5648,84.0319,0.354,0.0,0.3942,0.0,0.0,1280463339.0,0.0,9.686337454757851e-06,0.354,0,-0.04211071135232559,0.088787265,0.08599761,0.0,0.08599761128425598,train,Low,Low
1564,Missouri,Vernon,29217,40655.0,20836.0,16.23446591480497,5.5921,0.0,9.7318,83.6478,0.546,0.0,0.4611,0.0212,5.0,2140348948.0,23.996928393165675,9.73486123347771e-06,0.5672,1,-0.04211071135232559,0.5761105,0.5750254,0.0136580108107608,0.5613673688469846,train,High,High
1565,Missouri,Nodaway,29147,39908.0,23026.0,24.972147063504696,6.7862,0.0,10.0308,82.0493,0.6262,0.0,0.4589,0.0486,9.0,2271326596.0,39.08625032571875,1.013768783430386e-05,0.6748,1,-0.04211071135232559,0.92984474,0.92999697,0.022246198378156067,0.9077507689375177,train,High,High
1566,Missouri,Chariton,29041,41773.0,7615.0,15.76794347341019,7.2969,0.0,11.0928,80.8323,0.3772,0.0,0.389,0.0118,0.0,1945539735.0,0.0,3.914080942685039e-06,0.38899999999999996,0,-0.04211071135232559,0.13280489,0.1301692,0.0,0.13016919791698456,train,Low,Low
1567,Missouri,Wayne,29223,33954.0,13341.0,11.853313941408684,5.1277,0.0,9.6261,84.2651,0.435,0.0,0.5368,0.0093,0.0,1966257795.0,0.0,6.784969923030871e-06,0.4443,0,-0.04211071135232559,0.10403913,0.101302825,0.0,0.10130282491445541,test,Low,Low
1568,Missouri,Scott,29201,40276.0,38994.0,13.897509651048367,3.9734,0.0,11.2348,84.0126,0.431,0.0,0.3426,0.0055,10.0,1087765673.0,25.644971021182744,3.584779421514251e-05,0.4365,0,-0.04211071135232559,0.6484723,0.64764035,0.014596005193261118,0.6330443422875128,test,Low,High
1569,Missouri,Barton,29011,38877.0,12075.0,15.182732401275448,6.2741,0.0171,9.394,83.2605,0.4286,0.0,0.5914,0.0343,0.0,1533067872.0,0.0,7.876363610860407e-06,0.48,0,-0.04211071135232559,0.15277694,0.15021111,0.0,0.15021111071109772,train,Low,Low
1570,Missouri,Cedar,29039,33720.0,13932.0,14.851587547833281,6.3308,0.0,8.6973,84.112,0.3576,0.0,0.4946,0.0076,1.0,1228905197.0,7.17772035601493,1.1336920076512623e-05,0.36519999999999997,0,-0.04211071135232559,0.19203554,0.18960704,0.004085247103833076,0.18552179199013819,test,Low,Low
1571,Missouri,Gasconade,29073,45505.0,14875.0,16.400526019162125,6.6551,0.0,9.0487,82.6911,0.8724,0.0,0.7103,0.0224,0.0,1344215195.0,0.0,1.1065936507286692e-05,0.8947999999999999,1,-0.04211071135232559,0.36729667,0.3654812,0.0,0.3654811978340149,test,High,Low
1572,Missouri,Macon,29121,37099.0,15399.0,15.819687558817993,5.6136,0.0,9.8377,83.5342,0.498,0.0,0.5165,0.0,3.0,2075118128.0,19.48178453146308,7.4207823603958224e-06,0.498,0,-0.04211071135232559,0.18732625,0.18488127,0.011088186762244769,0.17379308316954845,train,Low,Low
1573,Missouri,Oregon,29149,30442.0,10922.0,12.560010380173866,6.8458,0.0,8.876,83.3954,0.4315,0.0,0.4512,0.0,0.0,2045561037.0,0.0,5.3393664634999596e-06,0.4315,0,-0.04211071135232559,0.035409093,0.032432728,0.0,0.03243272751569748,train,Low,Low
1574,Missouri,Ste Genevieve,29186,49356.0,17937.0,13.945249597423508,6.0095,0.0,9.9076,83.1042,0.4783,0.0,0.4783,0.022,0.0,1292800498.0,0.0,1.3874530546475703e-05,0.5003,0,-0.04211071135232559,0.30484718,0.30281326,0.0,0.30281326174736023,test,Low,Low
1575,Missouri,Douglas,29067,31333.0,13467.0,9.427713960467763,6.7621,0.0,7.335,84.897,0.468,0.0,0.5239,0.014,0.0,2107295721.0,0.0,6.39065503042418e-06,0.48200000000000004,0,-0.04211071135232559,0.027701339,0.024698015,0.0,0.024698015302419662,train,Low,Low
1576,Missouri,Henry,29083,42707.0,21930.0,15.46868972611547,4.477,0.0,10.3098,84.2717,0.3813,0.0,0.5367,0.0235,8.0,1805075859.0,36.4797081623347,1.2149073896622313e-05,0.4048,0,-0.04211071135232559,0.49900943,0.49765468,0.02076266763359869,0.47689200880377924,train,Low,Low
1577,Missouri,Lawrence,29109,40505.0,38204.0,16.208058952649733,5.9285,0.0028,8.3164,84.652,0.5089,0.0,0.5777,0.0138,2.0,1584391273.0,5.235053921055387,2.4112730643650798e-05,0.5255000000000001,0,-0.04211071135232559,0.5150252,0.5137265,0.0029795656292850177,0.5107469072253292,train,Low,High
1578,Missouri,Pulaski,29169,49216.0,53302.0,23.877002547904087,4.2054,0.0053,10.5688,83.9326,0.8253,0.0,0.4521,0.0105,5.0,1416985287.0,9.380511050242017,3.761648091127992e-05,0.8411,1,-0.04211071135232559,0.9703677,0.9706617,0.0053389800242582275,0.9653227197476228,train,High,High
1579,Missouri,Texas,29215,35730.0,25690.0,13.490990990990992,6.9442,0.0085,8.4911,83.4742,0.4903,0.0,0.5706,0.0211,1.0,3049104544.0,3.8925652004671076,8.425424457994577e-06,0.5199,0,-0.04211071135232559,0.15664528,0.15409298,0.0022154792779526043,0.15187750313343198,test,Low,Low
1580,Missouri,Callaway,29027,50362.0,44693.0,20.461287204612873,5.2798,0.0118,8.707,84.4973,0.9745,0.0,0.5061,0.0235,6.0,2161546514.0,13.42492112858837,2.067639984174775e-05,1.0098,1,-0.04211071135232559,0.8736216,0.8735772,0.007640882820656802,0.8659362947039099,train,High,High
1581,Missouri,Cooper,29053,44917.0,17613.0,20.490440565253532,5.9096,0.0063,9.1809,83.6749,0.752,0.0,0.4637,0.0125,3.0,1462738176.0,17.032873445750297,1.204111596250565e-05,0.7707999999999999,1,-0.04211071135232559,0.76411086,0.7636834,0.009694372790087277,0.7539890059063544,train,High,High
1582,Missouri,Gentry,29075,44024.0,6745.0,19.43355119825708,7.8767,0.0,9.7082,81.3728,0.2978,0.0,0.7147,0.0298,0.0,1272776756.0,0.0,5.299436816553554e-06,0.3276,0,-0.04211071135232559,0.1033245,0.1005857,0.0,0.1005856990814209,test,Low,Low
1583,Missouri,Mississippi,29133,29214.0,14112.0,11.41409021794222,3.3138,0.0095,12.1,83.9614,0.3598,0.0,0.2556,0.0,0.0,1065995413.0,0.0,1.3238330885763389e-05,0.3693,0,-0.04211071135232559,0.02059863,0.017570462,0.0,0.017570462077856064,train,Low,Low
1584,Missouri,Ozark,29153,31087.0,9450.0,11.471004243281472,7.4618,0.0095,8.0821,83.1393,0.7061,0.0,0.6011,0.0,0.0,1929467320.0,0.0,4.897724829047636e-06,0.7155999999999999,1,-0.04211071135232559,0.04515662,0.042214353,0.0,0.04221435263752937,train,High,Low
1585,Missouri,Bollinger,29017,39493.0,12282.0,9.448452408657202,6.7982,0.0,8.2741,84.0942,0.4053,0.0,0.4282,0.0,0.0,1600366924.0,0.0,7.674490028388015e-06,0.4053,0,-0.04211071135232559,0.07738874,0.07455922,0.0,0.07455921918153763,train,Low,Low
1586,Missouri,Knox,29103,38816.0,3997.0,15.512159174649964,7.8899,0.0,9.6228,81.366,0.3874,0.0,0.7339,0.0,0.0,1305376709.0,0.0,3.0619513680935453e-06,0.3874,0,-0.04211071135232559,0.10522131,0.102489136,0.0,0.10248913615942001,train,Low,Low
1587,Missouri,Montgomery,29139,41096.0,11820.0,13.50927934442034,6.5166,0.0076,8.9271,83.4765,0.4867,0.0,0.5779,0.0076,0.0,1385765331.0,0.0,8.529582704649146e-06,0.5019,0,-0.04211071135232559,0.15198773,0.14941914,0.0,0.1494191437959671,train,Low,Low
1588,Missouri,Stoddard,29207,38096.0,29788.0,13.57177148343735,5.1829,0.0,11.9481,82.1085,0.4649,0.0,0.2919,0.0036,2.0,2132125025.0,6.7141130656640255,1.397103811958682e-05,0.46849999999999997,0,-0.04211071135232559,0.21024494,0.20788012,0.003821381942433356,0.20405874250729655,train,Low,Low
1589,Missouri,Audrain,29007,41930.0,25868.0,12.594144628801176,4.5518,0.0,10.0092,84.3505,0.5347,0.0,0.5539,0.0,0.0,1792880227.0,0.0,1.4428180762127397e-05,0.5347,0,-0.04211071135232559,0.22326663,0.22094737,0.0,0.22094736993312836,train,Low,Low
1590,Missouri,Greene,29077,41908.0,285449.0,29.882200717039115,2.5972,0.0208,8.3029,87.5688,1.0668,0.0,0.3853,0.0581,57.0,1749069385.0,19.96854079012363,0.00016320050104816168,1.1457,1,-0.04211071135232559,0.9948842,0.99526393,0.011365227312354701,0.9838987068230823,test,High,High
1591,Missouri,Saint Clair,29185,33750.0,9444.0,11.448531508411747,6.097,0.0186,8.8523,84.213,0.2513,0.0,0.512,0.0559,2.0,1748192193.0,21.177467174925876,5.402152027571719e-06,0.32580000000000003,0,-0.04211071135232559,0.1613391,0.15880322,0.012053295775222872,0.14674992878837576,train,Low,Low
1592,Missouri,Schuyler,29197,37583.0,4396.0,12.547397449155465,7.29,0.0,8.8247,83.0775,0.3635,0.0,0.4443,0.0,0.0,795916406.0,0.0,5.523193097743484e-06,0.3635,0,-0.04211071135232559,0.08714979,0.08435441,0.0,0.08435440808534622,train,Low,Low
1593,Missouri,Camden,29029,46747.0,44152.0,21.31979695431472,4.6037,0.0023,9.5883,84.6267,0.7462,0.0,0.4081,0.0248,7.0,1699028737.0,15.854321435042582,2.5986611667298715e-05,0.7733,1,-0.04211071135232559,0.9194082,0.91952395,0.009023592103510981,0.9105003622879685,train,High,High
1594,Missouri,Jefferson,29099,58232.0,222453.0,18.43126880724844,3.8338,0.0132,9.6844,85.3239,0.6914,0.0,0.4173,0.0359,7.0,1700722348.0,3.1467321186947355,0.0001307991279479559,0.7405,1,-0.04211071135232559,0.91248083,0.9125723,0.0017909834371944494,0.910781340838776,train,High,High
1595,Missouri,New Madrid,29143,31615.0,18229.0,11.104030587860443,3.6677,0.0,12.7308,82.9404,0.368,0.0,0.2932,0.0,0.0,1747828876.0,0.0,1.0429510720590704e-05,0.368,0,-0.04211071135232559,0.020981653,0.017954823,0.0,0.01795482262969017,train,Low,Low
1596,Missouri,Ralls,29173,48919.0,10225.0,12.706497797356828,4.9403,0.0,10.5435,83.5086,0.4596,0.0,0.5479,0.0,0.0,1216727530.0,0.0,8.403689197366973e-06,0.4596,0,-0.04211071135232559,0.18168491,0.1792202,0.0,0.17922019958496094,test,Low,Low
1597,Missouri,Mercer,29129,41817.0,3702.0,16.858846918489064,7.0513,0.0,10.3797,81.6815,0.2959,0.0,0.5917,0.0,0.0,1175427726.0,0.0,3.149491813161467e-06,0.2959,0,-0.04211071135232559,0.12560418,0.12294331,0.0,0.12294331192970276,train,Low,Low
1598,Montana,Hill,30041,42979.0,16529.0,23.488304377365814,9.3581,0.005,8.5651,80.7782,0.3817,0.0,0.9071,0.005,1.0,7509316053.0,6.049972775122511,2.201132550999315e-06,0.3917,0,-0.004505395854368931,0.6104679,0.60950303,0.003443382095142017,0.6060596486818355,train,Low,High
1599,Montana,Chouteau,30015,38735.0,5837.0,24.749421742482653,13.7719,0.0,7.3099,77.5731,0.3509,0.0,0.9942,0.0,0.0,10288773071.0,0.0,5.673174011828685e-07,0.3509,0,-0.004505395854368931,0.08568105,0.082880534,0.0,0.08288053423166275,train,Low,Low
1600,Montana,Lincoln,30053,35461.0,19268.0,18.958675424192666,9.8082,0.0039,5.5816,83.1646,0.3978,0.0,1.032,0.0118,1.0,9356865944.0,5.189952252439278,2.0592365130928716e-06,0.4135,0,-0.004505395854368931,0.15265836,0.15009211,0.0029538957157256808,0.14713821432207796,train,Low,Low
1601,Montana,Park,30067,43385.0,15843.0,35.206150726596825,10.2932,0.0184,6.3742,81.474,0.9912,0.0,0.8398,0.0092,6.0,7259224503.0,37.871615224389316,2.1824645309499116e-06,1.0188000000000001,1,-0.004505395854368931,0.9574763,0.9577252,0.021554880761447605,0.9361703461176722,train,High,High
1602,Montana,Treasure,30103,42500.0,846.0,19.833333333333332,20.3301,0.0,7.5019,70.5176,0.3751,0.0,1.2753,0.0,0.0,2532492035.0,0.0,3.3405830632750636e-07,0.3751,0,-0.004505395854368931,0.060158297,0.0572685,0.0,0.057268500328063965,train,Low,Low
1603,Montana,Blaine,30005,36875.0,6609.0,19.58198556854939,9.7035,0.0091,6.6479,82.5482,0.1637,0.0,0.9185,0.0091,0.0,10948196441.0,0.0,6.036610719962875e-07,0.1819,0,-0.004505395854368931,0.039062563,0.03609898,0.0,0.03609897941350937,test,Low,Low
1604,Montana,Sweet Grass,30097,50813.0,3634.0,24.702723436900655,14.9651,0.0205,7.4621,76.0763,0.492,0.0,0.984,0.0,1.0,4805632555.0,27.5178866263071,7.561959759530554e-07,0.5125,0,-0.004505395854368931,0.3896295,0.38789216,0.015661987520804183,0.37223016931856656,train,Low,Low
1605,Montana,Teton,30099,49047.0,6067.0,22.2673031026253,11.2517,0.0115,8.0419,79.0842,0.4372,0.0,1.162,0.0115,0.0,5883425220.0,0.0,1.0312020248640129e-06,0.4602,0,-0.004505395854368931,0.101385646,0.09864006,0.0,0.0986400619149208,train,Low,Low
1606,Montana,Prairie,30079,44643.0,1414.0,19.1699604743083,13.6816,0.0,8.7562,76.5174,0.0995,0.0,0.9453,0.0,0.0,4497780354.0,0.0,3.143772902877507e-07,0.0995,0,-0.004505395854368931,0.07317483,0.07033057,0.0,0.07033056765794754,train,Low,Low
1607,Montana,Glacier,30035,29181.0,13695.0,18.258040295332247,5.5638,0.0,5.8373,87.7188,0.1989,0.0,0.6812,0.0,3.0,7756748578.0,21.90580503833516,1.7655593529023624e-06,0.1989,0,-0.004505395854368931,0.23115486,0.22886318,0.012467834096517505,0.2163953455871678,train,Low,Low
1608,Montana,Fallon,30025,50114.0,2913.0,14.762386248736098,16.6316,0.0,13.4526,68.6947,0.1263,0.0,1.0947,0.0,0.0,4197205011.0,0.0,6.940332893832047e-07,0.1263,0,-0.004505395854368931,0.040907204,0.037950072,0.0,0.037950072437524796,train,Low,Low
1609,Montana,Golden Valley,30037,44000.0,730.0,23.56020942408377,20.2987,0.0,6.721,71.5547,0.4073,0.0,1.0183,0.0,0.0,3041740414.0,0.0,2.399941811734103e-07,0.4073,0,-0.004505395854368931,0.12032593,0.1176466,0.0,0.11764659732580185,train,Low,Low
1610,Montana,Silver Bow,30093,39580.0,34560.0,25.934459805427544,7.018,0.0,7.2735,84.2715,0.652,0.0,0.7638,0.0213,3.0,1859564311.0,8.680555555555555,1.8584998537326735e-05,0.6733,1,-0.004505395854368931,0.75684446,0.7563916,0.004940595716198125,0.7514509891570014,train,High,High
1611,Montana,Stillwater,30095,59603.0,9342.0,25.444839857651246,14.0093,0.0,7.6347,77.0365,0.4003,0.0,0.9191,0.0,0.0,4653284930.0,0.0,2.007614006133942e-06,0.4003,0,-0.004505395854368931,0.13821292,0.13559616,0.0,0.1355961561203003,train,Low,Low
1612,Montana,Jefferson,30043,62939.0,11601.0,33.06862628896527,10.9113,0.0,6.0647,81.2958,0.7716,0.0,0.9374,0.0191,0.0,4291244804.0,0.0,2.7034113712614004e-06,0.7907,1,-0.004505395854368931,0.74558747,0.7450952,0.0,0.7450951933860779,train,High,High
1613,Montana,Granite,30039,48688.0,3212.0,25.010233319688908,12.4233,0.0646,7.4475,77.6414,0.5493,0.0,1.6478,0.2262,1.0,4473328243.0,31.133250311332503,7.180336039561226e-07,0.8401000000000001,1,-0.004505395854368931,0.40445194,0.40276644,0.01771969571936563,0.3850467406190591,train,High,Low
1614,Montana,Wheatland,30107,36076.0,2109.0,19.074333800841515,13.522,0.0,7.7044,77.2799,0.2358,0.0,1.2579,0.0,0.0,3684208673.0,0.0,5.724431451062924e-07,0.2358,0,-0.004505395854368931,0.04402375,0.041077517,0.0,0.041077516973018646,train,Low,Low
1615,Montana,Madison,30057,47617.0,7810.0,26.55440414507772,14.0391,0.0164,7.1429,77.0755,0.6165,0.0,1.1014,0.0082,3.0,9293313960.0,38.41229193341869,8.403891263779062e-07,0.6411,1,-0.004505395854368931,0.57299995,0.571904,0.021862610493189143,0.5500413931269585,train,High,High
1616,Montana,Sheridan,30091,52308.0,3645.0,20.060560181680547,11.9738,0.0173,11.6115,75.2933,0.0863,0.0,1.0179,0.0,0.0,4340302863.0,0.0,8.398031462441749e-07,0.1036,0,-0.004505395854368931,0.055025652,0.052117903,0.0,0.05211790278553963,train,Low,Low
1617,Montana,Carter,30011,46985.0,1295.0,17.139852786540484,18.2891,0.0,8.2174,72.3135,0.1686,0.0,1.0114,0.0,0.0,8651796925.0,0.0,1.4967988860880482e-07,0.1686,0,-0.004505395854368931,0.07545088,0.07261458,0.0,0.07261458039283752,test,Low,Low
1618,Montana,Big Horn,30003,44136.0,13214.0,15.735703860952633,6.723,0.0092,6.2474,86.2308,0.2032,0.0,0.5864,0.0,2.0,12942419269.0,15.135462388375965,1.0209837685949873e-06,0.21239999999999998,0,-0.004505395854368931,0.1555186,0.15296237,0.008614448713576873,0.14434792299338572,train,Low,Low
1619,Montana,Lake,30047,39898.0,29311.0,24.944756930494176,8.7671,0.0147,5.4721,84.1452,0.6546,0.0,0.9439,0.0025,3.0,3860279619.0,10.235065333833715,7.5929732798975256e-06,0.6718,1,-0.004505395854368931,0.600757,0.59975815,0.00582535525747355,0.5939327929358859,train,High,High
1620,Montana,Lewis And Clark,30049,59170.0,65989.0,37.488333731252574,7.133,0.0189,7.0833,83.7248,1.0271,0.0,0.9892,0.0237,11.0,8957583813.0,16.669444907484582,7.366830316924437e-06,1.0696999999999999,1,-0.004505395854368931,0.96860933,0.96889716,0.009487525029271948,0.9594096388386785,train,High,High
1621,Montana,Custer,30017,50146.0,11980.0,19.850907779247326,10.6185,0.0139,10.6115,77.5747,0.1946,0.0,0.9868,0.0,2.0,9798813338.0,16.69449081803005,1.2225970213700584e-06,0.2085,0,-0.004505395854368931,0.14973375,0.14715728,0.009501780075225778,0.137655501561966,train,Low,Low
1622,Montana,Powder River,30075,47955.0,1648.0,25.355450236966824,19.2957,0.0,9.6112,69.9193,0.1834,0.0,0.9905,0.0,0.0,8542289018.0,0.0,1.9292252890617426e-07,0.1834,0,-0.004505395854368931,0.11413154,0.11143054,0.0,0.11143054068088531,train,Low,Low
1623,Montana,Roosevelt,30085,34481.0,11230.0,14.156391446855002,8.0106,0.0,8.427,82.5843,0.1983,0.0,0.7799,0.0,1.0,6097930309.0,8.904719501335709,1.8416084525311028e-06,0.1983,0,-0.004505395854368931,0.1006099,0.0978616,0.005068180111362637,0.09279342279104978,test,Low,Low
1624,Montana,Liberty,30051,46597.0,2292.0,18.403412553321147,14.1709,0.0,9.7293,74.7462,0.1692,0.0,1.1844,0.0,0.0,3703660708.0,0.0,6.188471840979446e-07,0.1692,0,-0.004505395854368931,0.0621376,0.05925473,0.0,0.0592547282576561,train,Low,Low
1625,Montana,Richland,30083,65638.0,11392.0,18.413410770855332,12.4482,0.0055,13.4436,72.7811,0.1548,0.0,1.1668,0.0,0.0,5398317072.0,0.0,2.1102873077033666e-06,0.1603,0,-0.004505395854368931,0.09336431,0.09059067,0.0,0.09059067070484161,train,Low,Low
1626,Montana,Toole,30101,46588.0,5114.0,14.692982456140353,8.9557,0.0496,9.7158,79.9075,0.2148,0.0,1.1566,0.0,0.0,4959885520.0,0.0,1.0310721849080096e-06,0.26439999999999997,0,-0.004505395854368931,0.07612647,0.07329253,0.0,0.07329253107309341,train,Low,Low
1627,Montana,Daniels,30019,51108.0,1787.0,23.726235741444867,14.9382,0.0,10.6702,72.7443,0.2621,0.0,1.3852,0.0,0.0,3693357584.0,0.0,4.838415884076499e-07,0.2621,0,-0.004505395854368931,0.102674,0.099932924,0.0,0.09993292391300201,train,Low,Low
1628,Montana,Judith Basin,30045,45347.0,1981.0,31.338481338481337,13.5738,0.0,7.8875,77.3464,0.214,0.0,0.9783,0.0,0.0,4842466683.0,0.0,4.0908903038084157e-07,0.214,0,-0.004505395854368931,0.20586252,0.20348237,0.0,0.20348237454891205,test,Low,Low
1629,Montana,Deer Lodge,30023,39212.0,9176.0,15.89945930147596,7.6415,0.105,7.6265,82.8046,0.5324,0.0,1.1399,0.15,1.0,1907997131.0,10.897994768962512,4.809231550149538e-06,0.7874,1,-0.004505395854368931,0.121725775,0.11905134,0.006202665938383,0.11284867130374346,train,High,Low
1630,Montana,Mccone,30055,42330.0,1678.0,16.425120772946862,16.2195,0.0,8.5703,73.7685,0.1201,0.0,1.3216,0.0,0.0,6843263531.0,0.0,2.452046443043814e-07,0.1201,0,-0.004505395854368931,0.063622326,0.060744647,0.0,0.060744646936655045,train,Low,Low
1631,Montana,Rosebud,30087,55609.0,9348.0,19.81360027614774,9.04,0.0,6.7116,83.3611,0.2268,0.0,0.6471,0.0133,0.0,12972203125.0,0.0,7.206177632220819e-07,0.2401,0,-0.004505395854368931,0.09370404,0.09093158,0.0,0.09093157947063446,train,Low,Low
1632,Montana,Dawson,30021,57591.0,9431.0,18.904403866809883,10.6973,0.0,10.8365,77.3531,0.2701,0.0,0.843,0.0,4.0,6143864274.0,42.41331778178348,1.5350273995977925e-06,0.2701,0,-0.004505395854368931,0.22805463,0.22575212,0.02413982086760785,0.20161229438202594,train,Low,Low
1633,Montana,Broadwater,30007,50946.0,5692.0,27.30112953616919,12.7155,0.0,6.8696,78.9467,0.4984,0.0,0.9564,0.0135,0.0,3088128102.0,0.0,1.8431877862558954e-06,0.5119,0,-0.004505395854368931,0.09168876,0.08890925,0.0,0.08890925347805023,train,Low,Low
1634,Montana,Phillips,30071,38692.0,4150.0,17.389818927229246,12.7374,0.0309,7.7196,78.6012,0.1235,0.0,0.7874,0.0,0.0,13313721482.0,0.0,3.117084885402442e-07,0.1544,0,-0.004505395854368931,0.055679735,0.052774273,0.0,0.05277427285909653,train,Low,Low
1635,Montana,Pondera,30073,42193.0,6166.0,22.67525035765379,10.3194,0.0,7.6865,80.4717,0.3619,0.0,1.148,0.0125,0.0,4207608907.0,0.0,1.4654403810539323e-06,0.3744,0,-0.004505395854368931,0.09790128,0.095143504,0.0,0.09514350444078445,train,Low,Low
1636,Montana,Yellowstone,30111,55032.0,155344.0,29.229473604526827,6.5704,0.0155,9.814,81.8842,1.0054,0.0,0.6919,0.0186,16.0,6820731017.0,10.299721907508497,2.27752713914125e-05,1.0395,1,-0.004505395854368931,0.9866523,0.98700327,0.005862154974827727,0.9811411118365432,train,High,High
1637,Montana,Missoula,30063,46371.0,113101.0,41.816424861426135,6.1057,0.0335,6.0922,85.6599,1.1209,0.0,0.964,0.0239,21.0,6715977352.0,18.56747508863759,1.6840586868018373e-05,1.1783000000000001,1,-0.004505395854368931,0.99080265,0.9911681,0.01056780148418361,0.9806002802762229,train,High,High
1638,Montana,Ravalli,30081,40546.0,41130.0,25.75238601975325,10.926,0.0266,5.5702,81.9134,0.744,0.0,0.8066,0.0133,1.0,6192617169.0,2.4313153415998054,6.6417798610085535e-06,0.7838999999999999,1,-0.004505395854368931,0.53494656,0.5337175,0.0013837992377972869,0.5323337138466143,test,High,High
1639,Montana,Valley,30105,49977.0,7576.0,21.50093808630394,10.2383,0.0,10.1205,78.3637,0.2175,0.0,1.0601,0.0,0.0,12758543078.0,0.0,5.937982067140221e-07,0.2175,0,-0.004505395854368931,0.045899164,0.042959493,0.0,0.04295949265360832,train,Low,Low
1640,Montana,Cascade,30013,45469.0,82049.0,25.94043321299639,6.3987,0.0056,8.1865,83.9539,0.5888,0.0,0.8586,0.0078,8.0,6988276640.0,9.750271179417178,1.174094905321321e-05,0.6022000000000001,1,-0.004505395854368931,0.8840818,0.8840739,0.005549431451995993,0.8785244816453855,test,High,High
1641,Montana,Fergus,30027,42357.0,11429.0,28.602048106692067,12.7425,0.0,8.1019,77.6341,0.2789,0.0,1.2299,0.0127,0.0,11238810568.0,0.0,1.0169225587395807e-06,0.29159999999999997,0,-0.004505395854368931,0.5423199,0.54111665,0.0,0.5411166548728943,train,Low,High
1642,Montana,Garfield,30033,42614.0,1061.0,14.643799472295516,19.0225,0.0,11.2123,68.5194,0.1437,0.0,1.1021,0.0,0.0,12112230876.0,0.0,8.75974055367734e-08,0.1437,0,-0.004505395854368931,0.058454186,0.05555843,0.0,0.055558428168296814,train,Low,Low
1643,Montana,Mineral,30061,37143.0,4223.0,12.664315485732608,11.4642,0.0171,5.4844,81.4283,0.393,0.0,1.196,0.0171,4.0,3158803511.0,94.71939379587971,1.3368986026810834e-06,0.4272,0,-0.004505395854368931,0.12649931,0.12384157,0.05391017063755852,0.06993139819007058,train,Low,Low
1644,Montana,Petroleum,30069,38250.0,445.0,21.288515406162464,19.0476,0.0,7.7922,71.2843,0.0,0.0,1.8759,0.0,0.0,4288047827.0,0.0,1.0377682758061271e-07,0.0,0,-0.004505395854368931,0.055817563,0.052912585,0.0,0.05291258543729782,train,Low,Low
1645,Montana,Powell,30077,43064.0,6928.0,18.03186504217432,10.5907,0.0129,6.55,81.6497,0.2316,0.0,0.9651,0.0,2.0,6024448201.0,28.868360277136258,1.1499808395480967e-06,0.2445,0,-0.004505395854368931,0.28568137,0.28358042,0.016430618548095383,0.26714980385333287,train,Low,Low
1646,Montana,Sanders,30089,34336.0,11375.0,16.375901372412187,12.2095,0.0,5.282,80.9195,0.4334,0.0,1.1431,0.0126,0.0,7149422259.0,0.0,1.5910376514243038e-06,0.446,0,-0.004505395854368931,0.12299805,0.12032806,0.0,0.12032806128263474,train,Low,Low
1647,Montana,Wibaux,30109,40833.0,1143.0,20.14388489208633,15.1382,0.0,10.1131,73.5553,0.3141,0.0,0.8794,0.0,0.0,2301488703.0,0.0,4.966350686449579e-07,0.3141,0,-0.004505395854368931,0.056478787,0.05357612,0.0,0.05357611924409866,test,Low,Low
1648,Montana,Gallatin,30031,57021.0,97958.0,48.01899439536123,7.9937,0.0296,7.419,82.7699,1.1144,0.0,0.6492,0.0242,29.0,6746211520.0,29.60452438800302,1.4520445988032109e-05,1.1682000000000001,1,-0.004505395854368931,0.98874927,0.98910755,0.016849611229991117,0.9722579379605302,test,High,High
1649,Montana,Meagher,30059,39032.0,1960.0,21.224773834377174,13.5553,0.0,7.4118,77.9627,0.3964,0.0,0.6738,0.0,0.0,6194911314.0,0.0,3.1638871012899864e-07,0.3964,0,-0.004505395854368931,0.055817563,0.052912585,0.0,0.05291258543729782,train,Low,Low
1650,Montana,Carbon,30009,52869.0,10340.0,29.16189749459494,13.5334,0.0263,6.5758,78.1661,0.5398,0.0,1.1453,0.0132,2.0,5304259855.0,19.342359767891683,1.949376592146615e-06,0.5792999999999999,1,-0.004505395854368931,0.7417781,0.7412725,0.011008832234159072,0.7302636768638939,train,High,High
1651,Montana,Beaverhead,30001,38194.0,9317.0,30.864787386526515,12.4065,0.0085,7.7806,78.5204,0.5187,0.0,0.7653,0.0,3.0,14355494309.0,32.19920575292476,6.490197968424412e-07,0.5272,0,-0.004505395854368931,0.6705213,0.6697665,0.01832639132250802,0.6514400943685625,test,Low,High
1652,Montana,Flathead,30029,48407.0,94696.0,28.92499698540938,8.0911,0.0394,6.2767,83.8679,0.8299,0.0,0.8579,0.0371,25.0,13175875606.0,26.40027033876827,7.187074531644603e-06,0.9064,1,-0.004505395854368931,0.9590032,0.9592574,0.015025888804860396,0.9442315350728556,train,High,High
1653,Montana,Musselshell,30065,41557.0,4778.0,14.591268678581892,15.8075,0.0155,6.7547,76.087,0.295,0.0,1.0404,0.0,0.0,4840572325.0,0.0,9.870733622392472e-07,0.3105,0,-0.004505395854368931,0.076554276,0.07372183,0.0,0.07372183352708817,train,Low,Low
1654,Nebraska,Blaine,31009,50350.0,580.0,25.063938618925828,18.7799,0.0,8.6124,71.5311,0.1196,0.0,0.9569,0.0,0.0,1840674139.0,0.0,3.151019442882497e-07,0.1196,0,-0.07192986565217392,0.036574062,0.033601772,0.0,0.03360177204012871,train,Low,Low
1655,Nebraska,Deuel,31049,51786.0,1932.0,17.826704545454543,9.5164,0.0,9.2843,79.7679,0.1934,0.0,1.2379,0.0,1.0,1139208969.0,51.75983436853002,1.6959136142475367e-06,0.1934,0,-0.07192986565217392,0.05846,0.055564266,0.02945945271770311,0.026104812980491394,train,Low,Low
1656,Nebraska,Logan,31113,51346.0,830.0,20.76502732240437,19.7995,0.0,10.5263,69.0894,0.1671,0.0,0.4177,0.0,0.0,1478003936.0,0.0,5.615681932798317e-07,0.1671,0,-0.07192986565217392,0.015885774,0.012841121,0.0,0.012841121293604374,test,Low,Low
1657,Nebraska,Thayer,31169,45590.0,5163.0,19.588455371459112,8.7368,0.0,12.8269,76.9755,0.4035,0.0,1.0434,0.0139,3.0,1486153355.0,58.105752469494476,3.474069471114574e-06,0.41740000000000005,0,-0.07192986565217392,0.061713234,0.058828875,0.033071274056131555,0.025757601366346167,train,Low,Low
1658,Nebraska,Adams,31001,51201.0,31536.0,22.563016935801496,4.1304,0.0,10.9798,83.579,0.5469,0.0,0.7481,0.0157,5.0,1458869092.0,15.854895991882293,2.1616744211618405e-05,0.5626000000000001,1,-0.07192986565217392,0.63815385,0.63728577,0.009023919116343608,0.6282618498694047,test,High,High
1659,Nebraska,Boone,31011,51890.0,5353.0,17.65182186234818,6.9619,0.0,13.5175,78.3828,0.3657,0.0,0.7585,0.0135,1.0,1778166035.0,18.681113394358302,3.0104050435312694e-06,0.37920000000000004,0,-0.07192986565217392,0.022676257,0.019655354,0.010632479478909471,0.009022874842093489,train,Low,Low
1660,Nebraska,Rock,31149,48750.0,1407.0,17.478510028653297,13.5768,0.0,10.8614,74.9532,0.0936,0.0,0.515,0.0,0.0,2611466209.0,0.0,5.387777927782484e-07,0.0936,0,-0.07192986565217392,0.02007484,0.017044839,0.0,0.01704483851790428,test,Low,Low
1661,Nebraska,Sherman,31163,46299.0,3090.0,15.857461024498887,10.1947,0.0,9.622,79.1753,0.2749,0.0,0.7331,0.0,0.0,1465489243.0,0.0,2.1085108708641676e-06,0.2749,0,-0.07192986565217392,0.026743418,0.023736741,0.0,0.02373674139380455,train,Low,Low
1662,Nebraska,Howard,31093,52247.0,6365.0,20.30513798519183,7.828,0.0,10.315,81.0043,0.2724,0.0,0.5685,0.0118,1.0,1474578442.0,15.710919088766692,4.31648789830877e-06,0.28419999999999995,0,-0.07192986565217392,0.020802664,0.017775208,0.008941973707871548,0.00883323405007828,train,Low,Low
1663,Nebraska,Gosper,31073,60711.0,1977.0,20.905172413793103,7.2303,0.0,12.0133,79.0508,0.8157,0.0,0.8899,0.0,0.0,1186616240.0,0.0,1.6660820350815358e-06,0.8157,1,-0.07192986565217392,0.024203252,0.021187693,0.0,0.021187692880630493,train,High,Low
1664,Nebraska,Sarpy,31153,72269.0,172460.0,38.38400528750826,2.5221,0.0156,9.3621,86.6053,1.1188,0.0,0.3258,0.0503,25.0,619060039.0,14.496115041168968,0.0002785836415456304,1.1847,1,-0.07192986565217392,0.98622155,0.98657095,0.008250559934274964,0.97832039438854,train,High,High
1665,Nebraska,Boyd,31015,42463.0,2006.0,19.60382513661202,9.3324,0.0,10.8354,78.539,0.0699,0.0,1.2233,0.0,0.0,1398425586.0,0.0,1.4344703215405843e-06,0.0699,0,-0.07192986565217392,0.021477534,0.01845244,0.0,0.018452439457178116,train,Low,Low
1666,Nebraska,Fillmore,31059,52070.0,5676.0,19.502074688796682,6.8737,0.0,13.3828,78.528,0.2566,0.0,0.9588,0.0,0.0,1490202786.0,0.0,3.808877592582893e-06,0.2566,0,-0.07192986565217392,0.012679662,0.009623794,0.0,0.009623793885111809,train,Low,Low
1667,Nebraska,Hooker,31091,38616.0,669.0,23.65988909426987,13.0686,0.0,8.0866,77.8339,0.1444,0.0,0.8664,0.0,0.0,1867796194.0,0.0,3.5817612336348943e-07,0.1444,0,-0.07192986565217392,0.04463757,0.041693483,0.0,0.04169348254799843,train,Low,Low
1668,Nebraska,Seward,31159,61563.0,17113.0,27.183215238796354,6.2534,0.0322,10.8897,81.7664,0.4352,0.0,0.6017,0.0215,3.0,1479990669.0,17.530532343832174,1.1562910738864935e-05,0.4889,0,-0.07192986565217392,0.47047326,0.4690187,0.009977618649670263,0.4590410790889772,train,Low,Low
1669,Nebraska,Webster,31181,40313.0,3665.0,20.765661252900234,7.6906,0.0,9.989,81.0829,0.3315,0.0,0.9061,0.0,0.0,1489017970.0,0.0,2.4613537739910554e-06,0.3315,0,-0.07192986565217392,0.015771922,0.01272687,0.0,0.012726870365440845,test,Low,Low
1670,Nebraska,Butler,31023,51166.0,8205.0,17.44658308317146,6.6774,0.0,10.4727,81.7654,0.3615,0.0,0.7134,0.0095,0.0,1514884892.0,0.0,5.4162531049916895e-06,0.371,0,-0.07192986565217392,0.017726682,0.014688469,0.0,0.014688468538224697,test,Low,Low
1671,Nebraska,Arthur,31005,40375.0,437.0,26.785714285714285,16.8776,0.0,9.4233,73.2771,0.1406,0.0,0.2813,0.0,0.0,1852759732.0,0.0,2.3586436624908254e-07,0.1406,0,-0.07192986565217392,0.04257197,0.03962066,0.0,0.03962066024541855,train,Low,Low
1672,Nebraska,Harlan,31083,44630.0,3465.0,16.473873155165535,11.2726,0.0238,10.8437,76.9304,0.1192,0.0,0.8103,0.0,0.0,1433471291.0,0.0,2.4172092052033986e-06,0.14300000000000002,0,-0.07192986565217392,0.029711984,0.026715692,0.0,0.02671569213271141,train,Low,Low
1673,Nebraska,York,31185,55156.0,13842.0,28.349142065437494,6.1708,0.0065,12.2122,80.6468,0.401,0.0,0.5627,0.0,7.0,1482793516.0,50.57072677358763,9.335082633312513e-06,0.40750000000000003,0,-0.07192986565217392,0.4637579,0.46227983,0.028782664250413006,0.4334971621522512,train,Low,Low
1674,Nebraska,Buffalo,31019,54098.0,48402.0,33.47421520842565,4.5677,0.0143,12.2152,82.087,0.4762,0.0,0.6274,0.0123,16.0,2507357646.0,33.056485269203755,1.9303987238205107e-05,0.5028,0,-0.07192986565217392,0.909545,0.90962625,0.018814317639966088,0.8908119278586911,train,Low,High
1675,Nebraska,Colfax,31037,52712.0,10499.0,13.914254759325182,5.1502,0.0,10.207,83.5992,0.3903,0.0,0.6363,0.017,0.0,1066164680.0,0.0,9.847446831572023e-06,0.4073,0,-0.07192986565217392,0.032502424,0.029515892,0.0,0.029515892267227173,train,Low,Low
1676,Nebraska,Hitchcock,31087,41131.0,2866.0,14.725697786333011,9.6881,0.0,11.159,77.7834,0.3043,0.0,1.0652,0.0,0.0,1838742723.0,0.0,1.5586737416553735e-06,0.3043,0,-0.07192986565217392,0.019552741,0.016520914,0.0,0.016520913690328598,test,Low,Low
1677,Nebraska,Platte,31141,58473.0,32703.0,21.393666008833755,4.4273,0.0053,11.3428,83.2111,0.5867,0.0,0.4081,0.0187,10.0,1745758247.0,30.578234412745005,1.8732834317809182e-05,0.6107,1,-0.07192986565217392,0.4450238,0.44348022,0.01740380474286836,0.42607641867441376,train,High,Low
1678,Nebraska,Polk,31143,57991.0,5242.0,21.504787961696305,6.2314,0.0,12.3845,80.2881,0.4227,0.0,0.6419,0.0313,2.0,1135309850.0,38.15337657382678,4.617241715994977e-06,0.454,0,-0.07192986565217392,0.04651109,0.04357356,0.02171524710057322,0.02185831122996267,test,Low,Low
1679,Nebraska,Box Butte,31013,54444.0,11279.0,15.714665249734324,8.1882,0.0,9.9896,80.5196,0.402,0.0,0.8933,0.0074,0.0,2784994727.0,0.0,4.0499179013346835e-06,0.40940000000000004,0,-0.07192986565217392,0.024736898,0.021723203,0.0,0.021723203361034393,train,Low,Low
1680,Nebraska,Brown,31017,37328.0,3022.0,18.706293706293707,10.6473,0.0235,11.046,77.3218,0.2111,0.0,0.7505,0.0,2.0,3163296234.0,66.18133686300463,9.55332595006023e-07,0.2346,0,-0.07192986565217392,0.08656129,0.08376385,0.03766754642660649,0.04609630628888576,test,Low,Low
1681,Nebraska,Sheridan,31161,42802.0,5259.0,25.053648068669528,11.1391,0.0,10.2937,77.4399,0.1928,0.0,0.9196,0.0148,1.0,6321834104.0,19.01502186727515,8.318788366611019e-07,0.2076,0,-0.07192986565217392,0.093709834,0.0909374,0.010822525698916601,0.08011487267516405,train,Low,Low
1682,Nebraska,Lancaster,31109,53730.0,301707.0,37.30231609019488,2.3922,0.0256,8.8281,87.0502,1.2355,0.0,0.428,0.0403,49.0,2169240199.0,16.240922484397114,0.00013908418262720937,1.3014000000000001,1,-0.07192986565217392,0.98299325,0.9833314,0.009243628652565297,0.9740877536220623,test,High,High
1683,Nebraska,Nuckolls,31129,41576.0,4352.0,16.614518147684606,7.8966,0.0,11.0305,79.6742,0.3364,0.0,1.0446,0.0177,0.0,1489645187.0,0.0,2.921501064803561e-06,0.35409999999999997,0,-0.07192986565217392,0.02178082,0.018756788,0.0,0.018756788223981857,train,Low,Low
1684,Nebraska,Banner,31007,50833.0,793.0,17.04745166959578,14.7059,0.0,8.4559,75.7353,0.1838,0.0,0.9191,0.0,0.0,1932676832.0,0.0,4.1031174321025856e-07,0.1838,0,-0.07192986565217392,0.020159008,0.017129302,0.0,0.01712930202484131,test,Low,Low
1685,Nebraska,Frontier,31063,51192.0,2599.0,18.73925501432665,11.8917,0.0,11.1719,75.4967,0.4031,0.0,1.0366,0.0,0.0,2524180467.0,0.0,1.0296411187623694e-06,0.4031,0,-0.07192986565217392,0.017686384,0.014648029,0.0,0.014648028649389744,train,Low,Low
1686,Nebraska,Douglas,31055,56003.0,543253.0,37.606205501779215,1.6594,0.0279,7.9175,89.024,1.0301,0.0,0.2898,0.0512,78.0,850767845.0,14.357951083565117,0.00063854434931071,1.1092,1,-0.07192986565217392,0.9859276,0.986276,0.008171923002260434,0.9781040479335611,train,High,High
1687,Nebraska,Richardson,31147,45929.0,8149.0,19.103018040802564,8.455,0.0106,10.8466,79.672,0.2751,0.0,0.7302,0.0106,0.0,1429258642.0,0.0,5.701557269296539e-06,0.2963,0,-0.07192986565217392,0.019621344,0.016589757,0.0,0.016589757055044174,train,Low,Low
1688,Nebraska,Holt,31089,49607.0,10360.0,21.167984463864613,8.6085,0.0,12.9164,77.6514,0.1385,0.0,0.6852,0.0,2.0,6248083634.0,19.305019305019304,1.6581084068120207e-06,0.1385,0,-0.07192986565217392,0.05928653,0.056393687,0.010987579662278457,0.0454061070197074,train,Low,Low
1689,Nebraska,Furnas,31065,40445.0,4850.0,16.75438596491228,9.8778,0.0,12.6959,76.0891,0.3163,0.0,1.0065,0.0144,1.0,1862542307.0,20.61855670103093,2.6039676960744602e-06,0.33070000000000005,0,-0.07192986565217392,0.048803806,0.045874294,0.01173518817538194,0.03413910571819373,train,Low,Low
1690,Nebraska,Saline,31151,49332.0,14356.0,14.57051720209615,5.3091,0.0124,10.0427,83.2807,0.4641,0.0,0.891,0.0,2.0,1486698709.0,13.931457230426304,9.656294118702972e-06,0.47650000000000003,0,-0.07192986565217392,0.07558231,0.07274647,0.007929181199582393,0.06481728937098188,train,Low,Low
1691,Nebraska,Thurston,31173,42979.0,6989.0,15.872598052118978,4.9259,0.0,13.537,80.7037,0.2963,0.0,0.5185,0.0185,0.0,1019377255.0,0.0,6.8561466971322606e-06,0.3148,0,-0.07192986565217392,0.024129694,0.021113876,0.0,0.02111387625336647,train,Low,Low
1692,Nebraska,Washington,31177,65565.0,20338.0,30.58238220661399,7.6561,0.0289,12.9075,78.1102,0.6693,0.0,0.5702,0.0578,5.0,1009985949.0,24.58452158520995,2.0136913805718698e-05,0.756,1,-0.07192986565217392,0.9134376,0.91353244,0.013992443369702625,0.8995399925243098,train,High,High
1693,Nebraska,Cherry,31031,53059.0,5781.0,19.072532699167656,13.5489,0.0,10.8545,74.3007,0.2309,0.0,1.0521,0.0128,0.0,15437679913.0,0.0,3.7447336857475884e-07,0.2437,0,-0.07192986565217392,0.01108509,0.008023645,0.0,0.008023644797503948,train,Low,Low
1694,Nebraska,Dodge,31053,49830.0,36679.0,18.912797281993203,3.992,0.0212,11.3379,83.5795,0.4686,0.0,0.5639,0.0371,5.0,1369377419.0,13.6317784018103,2.6785164915882113e-05,0.5269,0,-0.07192986565217392,0.40052214,0.39882287,0.0077586170084520305,0.39106425682234325,test,Low,Low
1695,Nebraska,Garden,31069,49805.0,1930.0,21.916890080428956,11.175,0.0,9.7736,77.686,0.3234,0.0,1.042,0.0,0.0,4414069977.0,0.0,4.3723819741338007e-07,0.3234,0,-0.07192986565217392,0.028503586,0.02550307,0.0,0.025503069162368774,train,Low,Low
1696,Nebraska,Morrill,31123,43942.0,4843.0,18.98772087451333,10.0384,0.0,9.5261,79.3628,0.1761,0.0,0.8966,0.0,0.0,3687723999.0,0.0,1.3132761565977487e-06,0.1761,0,-0.07192986565217392,0.016387967,0.013345071,0.0,0.013345071114599705,train,Low,Low
1697,Nebraska,Nemaha,31127,52736.0,7101.0,28.81024750325662,6.2948,0.0,11.2078,81.282,0.5118,0.0,0.6781,0.0256,3.0,1055100609.0,42.24757076468103,6.73016387198389e-06,0.5374,0,-0.07192986565217392,0.19495814,0.19253986,0.024045484854500383,0.16849437098332157,train,Low,Low
1698,Nebraska,Thomas,31171,54286.0,675.0,23.768736616702355,18.8277,0.0,9.2362,70.5151,0.6217,0.0,0.7993,0.0,2.0,1846403578.0,296.2962962962963,3.6557554807771286e-07,0.6217,1,-0.07192986565217392,0.21397454,0.21162277,0.16863900044622934,0.042983774154753324,train,High,Low
1699,Nebraska,Dakota,31043,52336.0,20697.0,12.9847563383619,3.022,0.0324,9.5844,86.5652,0.3841,0.0,0.398,0.0139,5.0,684416193.0,24.15809054452336,3.0240371592143203e-05,0.4304,0,-0.07192986565217392,0.14961131,0.1470344,0.013749737317147993,0.13328466934483932,train,Low,Low
1700,Nebraska,Antelope,31003,46381.0,6421.0,18.56634016028495,9.4148,0.0,12.3591,77.1962,0.1575,0.0,0.8603,0.0121,0.0,2220183807.0,0.0,2.892102887947962e-06,0.1696,0,-0.07192986565217392,0.019624772,0.016593195,0.0,0.016593195497989655,test,Low,Low
1701,Nebraska,Chase,31029,53496.0,4061.0,18.490701001430615,11.5364,0.0,14.717,72.7403,0.1438,0.0,0.8625,0.0,0.0,2316533465.0,0.0,1.7530504356430698e-06,0.1438,0,-0.07192986565217392,0.016622055,0.013579977,0.0,0.013579976744949818,test,Low,Low
1702,Nebraska,Clay,31035,51613.0,6313.0,18.64758827602123,8.7059,0.0,11.4949,78.6524,0.2346,0.0,0.8993,0.013,0.0,1482222907.0,0.0,4.2591434595876204e-06,0.24760000000000001,0,-0.07192986565217392,0.013367142,0.0103136785,0.0,0.010313678532838821,train,Low,Low
1703,Nebraska,Custer,31041,47083.0,10784.0,21.439021146429045,9.9326,0.0,11.6591,77.349,0.2683,0.0,0.791,0.0,2.0,6670757589.0,18.5459940652819,1.6166079873420505e-06,0.2683,0,-0.07192986565217392,0.05928653,0.056393687,0.010555575417396589,0.04583811126458927,train,Low,Low
1704,Nebraska,Franklin,31061,46531.0,3076.0,18.760984182776802,9.6413,0.0,11.7889,77.4275,0.2056,0.0,0.9367,0.0,0.0,1491355770.0,0.0,2.0625527871193337e-06,0.2056,0,-0.07192986565217392,0.021108933,0.018082548,0.0,0.018082547932863235,train,Low,Low
1705,Nebraska,Hamilton,31081,59760.0,9118.0,25.27011772294791,7.3141,0.0087,11.8919,79.517,0.4604,0.0,0.8079,0.0,3.0,1403528266.0,32.90195218249616,6.4964847669124175e-06,0.46909999999999996,0,-0.07192986565217392,0.118695974,0.116010934,0.01872636410965203,0.09728457000480414,train,Low,Low
1706,Nebraska,Jefferson,31095,44616.0,7354.0,14.859742228961334,6.3297,0.0,11.4928,81.0434,0.2052,0.0,0.9181,0.0108,0.0,1476728674.0,0.0,4.979926325992096e-06,0.216,0,-0.07192986565217392,0.025211703,0.022199672,0.0,0.02219967171549797,train,Low,Low
1707,Nebraska,Keith,31101,43100.0,8103.0,21.64443694073949,7.1616,0.0,9.8593,81.9117,0.3785,0.0,0.6793,0.0097,5.0,2749531884.0,61.70554115759595,2.9470471126931657e-06,0.3882,0,-0.07192986565217392,0.0792655,0.07644254,0.035120117641985936,0.04132242204993911,train,Low,Low
1708,Nebraska,Loup,31115,56750.0,542.0,21.890547263681594,12.1339,0.0,6.834,80.6137,0.0,0.0,0.4184,0.0,0.0,1471803707.0,0.0,3.682556290775805e-07,0.0,0,-0.07192986565217392,0.03041931,0.027425494,0.0,0.02742549404501915,train,Low,Low
1709,Nebraska,Perkins,31135,56797.0,2911.0,23.121667474551625,14.0798,0.0,11.3256,73.3333,0.2059,0.0,1.0553,0.0,0.0,2287828019.0,0.0,1.2723858506079429e-06,0.2059,0,-0.07192986565217392,0.038260426,0.035294034,0.0,0.03529403358697891,train,Low,Low
1710,Nebraska,Saunders,31155,64475.0,20946.0,26.113346037123296,6.9762,0.008,10.6281,80.9334,0.6313,0.0,0.7951,0.028,4.0,1943097564.0,19.096724911677647,1.0779695465667312e-05,0.6673,1,-0.07192986565217392,0.5027685,0.5014269,0.010869027528044,0.4905578480632341,test,High,High
1711,Nebraska,Scotts Bluff,31157,46632.0,36599.0,21.38069157197744,4.8895,0.0051,9.5167,84.358,0.5096,0.0,0.7058,0.0153,6.0,1915039163.0,16.39389054345747,1.911135850750223e-05,0.53,0,-0.07192986565217392,0.25861284,0.2564172,0.009330691437023263,0.24708652343342963,train,Low,Low
1712,Nebraska,Keya Paha,31103,43333.0,736.0,18.761384335154826,14.5992,0.0,9.0649,75.4771,0.2863,0.0,0.5725,0.0,0.0,2002257567.0,0.0,3.675850760313296e-07,0.2863,0,-0.07192986565217392,0.018797645,0.015763178,0.0,0.01576317846775055,train,Low,Low
1713,Nebraska,Kimball,31105,40344.0,3713.0,15.6062874251497,10.7068,0.0,8.9107,79.2396,0.3732,0.0,0.7698,0.0,0.0,2465269098.0,0.0,1.5061236126361408e-06,0.3732,0,-0.07192986565217392,0.018252637,0.015216262,0.0,0.015216262079775333,train,Low,Low
1714,Nebraska,Lincoln,31111,52179.0,35777.0,21.680506453999833,5.968,0.0024,10.0183,82.907,0.5326,0.0,0.5594,0.0122,5.0,6640892375.0,13.975459093831233,5.387378379249822e-06,0.5471999999999999,0,-0.07192986565217392,0.10379304,0.101055875,0.00795422515171792,0.09310165026885245,train,Low,Low
1715,Nebraska,Pierce,31139,53125.0,7179.0,21.38171381713817,8.2762,0.0,12.1256,78.5637,0.3007,0.0,0.7218,0.012,0.0,1484707285.0,0.0,4.835296541297701e-06,0.31270000000000003,0,-0.07192986565217392,0.016162455,0.013118769,0.0,0.01311876904219389,train,Low,Low
1716,Nebraska,Sioux,31165,46667.0,1274.0,29.06458797327394,11.7647,0.0,10.4412,76.9853,0.0735,0.0,0.7353,0.0,0.0,5352538105.0,0.0,2.3801792252724187e-07,0.0735,0,-0.07192986565217392,0.049439702,0.046512414,0.0,0.0465124137699604,train,Low,Low
1717,Nebraska,Burt,31021,47137.0,6594.0,17.826825127334462,8.5966,0.0124,11.6438,78.5705,0.223,0.0,0.929,0.0248,0.0,1273201442.0,0.0,5.1790704773644135e-06,0.2602,0,-0.07192986565217392,0.016990565,0.013949775,0.0,0.013949775137007236,train,Low,Low
1718,Nebraska,Cass,31025,65385.0,25463.0,24.93525925073373,5.61,0.0102,10.2635,82.6797,0.6842,0.0,0.7149,0.0374,1.0,1443783556.0,3.927267014884342,1.7636300049396047e-05,0.7318,1,-0.07192986565217392,0.609686,0.6087184,0.0022352300455799556,0.6064831651875744,train,High,High
1719,Nebraska,Cuming,31039,49181.0,9055.0,19.950779327317473,6.631,0.0,13.4027,79.2065,0.2908,0.0,0.4502,0.0188,2.0,1477895811.0,22.087244616234127,6.126954236288853e-06,0.3096,0,-0.07192986565217392,0.06485235,0.06197897,0.012571101634589158,0.04940786808839706,test,Low,Low
1720,Nebraska,Dixon,31051,52813.0,5809.0,18.963757018887186,6.7729,0.0,10.5509,81.7145,0.1786,0.0,0.7693,0.0137,1.0,1233434227.0,17.214666896195556,4.709614726785103e-06,0.1923,0,-0.07192986565217392,0.018903028,0.015868928,0.00979784173706359,0.006071086546389397,train,Low,Low
1721,Nebraska,Dundy,31057,44583.0,1823.0,19.53242835595777,10.457,0.0,11.8513,76.7622,0.2324,0.0,0.6971,0.0,0.0,2381956152.0,0.0,7.653373461427177e-07,0.2324,0,-0.07192986565217392,0.039891824,0.03693114,0.0,0.03693113848567009,train,Low,Low
1722,Nebraska,Grant,31075,45625.0,647.0,21.956521739130437,20.6349,0.0,10.3175,67.7249,0.3527,0.0,0.97,0.0,0.0,2010410702.0,0.0,3.2182478901268804e-07,0.3527,0,-0.07192986565217392,0.032577563,0.029591296,0.0,0.02959129586815834,train,Low,Low
1723,Nebraska,Greeley,31077,48220.0,2447.0,16.59824046920821,9.4232,0.0,10.9125,78.9873,0.1625,0.0,0.4874,0.0271,0.0,1475804206.0,0.0,1.6580790256942798e-06,0.1896,0,-0.07192986565217392,0.024477001,0.0214624,0.0,0.021462399512529373,train,Low,Low
1724,Nebraska,Hall,31079,51355.0,61105.0,18.97675845670016,3.2353,0.0015,10.6062,85.1638,0.5175,0.0,0.4679,0.0077,13.0,1414817883.0,21.27485475820309,4.318930424489129e-05,0.5267,0,-0.07192986565217392,0.695783,0.6951165,0.012108724563584505,0.683007795364394,train,Low,High
1725,Nebraska,Hayes,31085,44602.0,1013.0,20.58047493403694,15.8871,0.0,11.9355,71.6935,0.0,0.0,0.4839,0.0,0.0,1846821514.0,0.0,5.485099628311997e-07,0.0,0,-0.07192986565217392,0.018942434,0.015908472,0.0,0.01590847223997116,train,Low,Low
1726,Nebraska,Otoe,31131,52108.0,15890.0,20.726535128157845,5.5404,0.0114,11.0694,82.2014,0.4778,0.0,0.6769,0.0228,8.0,1594475628.0,50.346129641283824,9.965658753863374e-06,0.512,0,-0.07192986565217392,0.20126958,0.19887337,0.028654833304268046,0.17021853758158095,train,Low,Low
1727,Nebraska,Red Willow,31145,42457.0,10884.0,18.207973695026716,6.8406,0.0,11.7323,80.41,0.2718,0.0,0.7299,0.0155,0.0,1856984023.0,0.0,5.861116662929953e-06,0.2873,0,-0.07192986565217392,0.03185126,0.028862454,0.0,0.028862453997135162,train,Low,Low
1728,Nebraska,Cedar,31027,54391.0,8657.0,17.5960557633458,7.2853,0.0,13.7174,78.0196,0.2013,0.0,0.7765,0.0,0.0,1917398594.0,0.0,4.514971496844646e-06,0.2013,0,-0.07192986565217392,0.01874554,0.01571089,0.0,0.015710890293121338,train,Low,Low
1729,Nebraska,Dawes,31045,42685.0,9082.0,34.67446964155084,8.106,0.0,9.2829,81.3462,0.374,0.0,0.8689,0.022,5.0,3616823880.0,55.05395287381634,2.5110429208955565e-06,0.396,0,-0.07192986565217392,0.38642716,0.3846786,0.03133432209348294,0.35334428012514496,train,Low,Low
1730,Nebraska,Johnson,31097,47938.0,5167.0,16.02890018731603,7.2247,0.0,9.7376,81.9475,0.2402,0.0,0.85,0.0,0.0,973968227.0,0.0,5.305101189917975e-06,0.2402,0,-0.07192986565217392,0.020450346,0.01742166,0.0,0.0174216590821743,train,Low,Low
1731,Nebraska,Cheyenne,31033,54215.0,10090.0,24.439685938615273,8.8358,0.0087,10.6864,79.1225,0.417,0.0,0.9209,0.0087,2.0,3098367771.0,19.821605550049554,3.2565533680152653e-06,0.43439999999999995,0,-0.07192986565217392,0.10516231,0.102429934,0.011281598146799288,0.09114833569919757,train,Low,Low
1732,Nebraska,Dawson,31047,49943.0,23924.0,15.21724883675208,4.6838,0.0073,10.8513,83.4576,0.4,0.0,0.5709,0.0291,5.0,2623947385.0,20.899515131248954,9.117560869079698e-06,0.4364,0,-0.07192986565217392,0.15276301,0.15019713,0.011895097527713259,0.13830203589418463,train,Low,Low
1733,Nebraska,Garfield,31071,45227.0,1968.0,18.497519489723597,12.5664,0.0,8.9218,77.3349,0.2658,0.0,0.9112,0.0,0.0,1475754369.0,0.0,1.3335552591543775e-06,0.2658,0,-0.07192986565217392,0.026657406,0.02365043,0.0,0.023650430142879486,train,Low,Low
1734,Nebraska,Mcpherson,31117,53750.0,425.0,24.53416149068323,14.6552,0.0,7.931,76.2069,0.3448,0.0,0.8621,0.0,0.0,2224733583.0,0.0,1.9103410999302563e-07,0.3448,0,-0.07192986565217392,0.0412351,0.038279112,0.0,0.03827911242842674,test,Low,Low
1735,Nebraska,Nance,31125,42429.0,3607.0,17.34013338564143,8.3101,0.0,11.8482,78.9339,0.2793,0.0,0.6052,0.0233,0.0,1143826264.0,0.0,3.1534509335239396e-06,0.3026,0,-0.07192986565217392,0.02359194,0.020574242,0.0,0.020574241876602173,test,Low,Low
1736,Nebraska,Stanton,31167,58553.0,6022.0,19.189659458115834,5.8875,0.0,11.4947,81.6716,0.3504,0.0,0.5958,0.0,0.0,1108381539.0,0.0,5.43314715024318e-06,0.3504,0,-0.07192986565217392,0.013031009,0.00997637,0.0,0.009976370260119438,train,Low,Low
1737,Nebraska,Valley,31175,44657.0,4240.0,20.628099173553718,9.8527,0.0,11.4149,77.401,0.3728,0.0,0.9586,0.0,2.0,1471237003.0,47.16981132075472,2.8819286024985874e-06,0.3728,0,-0.07192986565217392,0.062840745,0.05996033,0.026847010684246417,0.033113321083551056,train,Low,Low
1738,Nebraska,Gage,31067,48731.0,21778.0,20.12060692517183,4.9921,0.0042,10.8717,82.9111,0.5375,0.0,0.6626,0.0208,5.0,2205277881.0,22.95894939847553,9.87539946218687e-06,0.5625,1,-0.07192986565217392,0.24533519,0.24309312,0.013067238187758842,0.23002587988379725,train,High,Low
1739,Nebraska,Kearney,31099,55068.0,6548.0,23.864391757146024,6.4825,0.0,12.2538,79.9371,0.424,0.0,0.8889,0.0137,1.0,1337063630.0,15.271838729383019,4.897298717189697e-06,0.4377,0,-0.07192986565217392,0.05128438,0.048363544,0.008692068211759683,0.03967147583511913,train,Low,Low
1740,Nebraska,Madison,31119,48673.0,35125.0,19.654778636683066,4.2519,0.0052,11.911,82.8339,0.4262,0.0,0.5562,0.0156,11.0,1483396631.0,31.31672597864769,2.367876484681055e-05,0.447,0,-0.07192986565217392,0.4945968,0.49322662,0.017824122111220683,0.4754024954634711,train,Low,Low
1741,Nebraska,Phelps,31137,51264.0,9236.0,23.28201872718616,6.9797,0.0,14.1655,77.7043,0.352,0.0,0.7984,0.0,1.0,1398048574.0,10.827197921177998,6.6063512897657015e-06,0.352,0,-0.07192986565217392,0.06780086,0.0649378,0.006162371443330706,0.058775428725660384,train,Low,Low
1742,Nebraska,Wayne,31179,55141.0,9414.0,36.33422154548916,6.3939,0.1375,12.1118,80.5088,0.3323,0.0,0.5042,0.0115,1.0,1147143902.0,10.622477161674102,8.206468241331417e-06,0.4813,0,-0.07192986565217392,0.22772707,0.22542341,0.006045853266475717,0.21937755726838298,train,Low,Low
1743,Nebraska,Knox,31107,47692.0,8551.0,20.178993583248904,7.4784,0.0,12.8538,78.8817,0.2358,0.0,0.5503,0.0,0.0,2870614960.0,0.0,2.978804235034015e-06,0.2358,0,-0.07192986565217392,0.026432382,0.023424618,0.0,0.02342461794614792,train,Low,Low
1744,Nebraska,Merrick,31121,50464.0,7793.0,15.958815958815958,6.9344,0.0111,11.783,80.3506,0.3218,0.0,0.588,0.0111,0.0,1258350313.0,0.0,6.19302901544238e-06,0.344,0,-0.07192986565217392,0.018751658,0.01571703,0.0,0.015717029571533203,train,Low,Low
1745,Nebraska,Pawnee,31133,40139.0,2695.0,16.170431211498972,8.7576,0.0,8.8449,81.0591,0.1164,0.0,1.222,0.0,0.0,1116478188.0,0.0,2.4138402603526723e-06,0.1164,0,-0.07192986565217392,0.021880992,0.018857308,0.0,0.018857307732105255,train,Low,Low
1746,Nebraska,Wheeler,31183,47452.0,805.0,16.558441558441558,16.5814,0.0,11.0542,71.6479,0.2047,0.0,0.5118,0.0,0.0,1489717875.0,0.0,5.403707732244268e-07,0.2047,0,-0.07192986565217392,0.025440475,0.022429243,0.0,0.022429242730140686,train,Low,Low
1747,Nevada,Churchill,32001,45368.0,24148.0,16.58509727150373,10.6563,0.0115,4.6466,83.2232,0.84,0.0,0.6147,0.0076,8.0,12770128151.0,33.129037601457675,1.890975541863221e-06,0.8591,1,-0.0397233010225,0.5723354,0.57123715,0.018855611280636873,0.5523815355737638,train,High,High
1748,Nevada,Douglas,32005,59769.0,47426.0,26.321974148061106,8.4328,0.0636,4.9066,84.8967,1.0517,0.0,0.601,0.0477,13.0,1838170211.0,27.4111246995319,2.5800657477850945e-05,1.1630000000000003,1,-0.0397233010225,0.9712677,0.9715648,0.015601223262721528,0.9559636060867963,test,High,High
1749,Nevada,Pershing,32027,45192.0,6690.0,11.011370436864153,10.8574,0.0215,6.7643,81.452,0.3878,0.0,0.517,0.0,2.0,15634691937.0,29.895366218236177,4.2789458384964404e-07,0.4093,0,-0.0397233010225,0.21571486,0.21336918,0.017015145784933457,0.19635403000680696,train,Low,Low
1750,Nevada,Eureka,32011,70000.0,1730.0,16.603487490523122,19.0056,0.0401,10.0241,70.0882,0.2406,0.0,0.5613,0.0401,0.0,10814958249.0,0.0,1.59963631866999e-07,0.3208,0,-0.0397233010225,0.079882756,0.07706196,0.0,0.0770619586110115,train,Low,Low
1751,Nevada,Humboldt,32013,67295.0,17091.0,13.953488372093023,13.5335,0.0,7.6019,77.7512,0.4006,0.0,0.7024,0.0104,6.0,24969533278.0,35.106196243637,6.844741473425309e-07,0.41100000000000003,0,-0.0397233010225,0.20014648,0.19774635,0.01998092422348689,0.17776542713778784,train,Low,Low
1752,Nevada,White Pine,32033,58156.0,9893.0,14.039621016365203,11.6964,0.0,7.6769,79.7653,0.2871,0.0,0.5617,0.0125,3.0,22985104191.0,30.324471848781968,4.3040918665374957e-07,0.29960000000000003,0,-0.0397233010225,0.17483626,0.17234759,0.01725937409802964,0.15508821622923324,train,Low,Low
1753,Nevada,Elko,32007,74672.0,52029.0,18.11907610196006,13.0482,0.0019,8.7247,77.1399,0.6931,0.0,0.3825,0.0097,10.0,44468067628.0,19.220050356531935,1.1700306034265168e-06,0.7047000000000001,1,-0.0397233010225,0.6447902,0.64394534,0.01093921902219962,0.6330061173196583,train,High,High
1754,Nevada,Lander,32015,78077.0,5907.0,14.102905891762196,14.6871,0.0,6.6373,77.825,0.4405,0.0,0.4101,0.0,3.0,14219341058.0,50.78720162519045,4.154200940750795e-07,0.4405,0,-0.0397233010225,0.103022605,0.10028274,0.028905872346674657,0.07137687122651412,train,Low,Low
1755,Nevada,Esmeralda,32009,43125.0,1069.0,16.81528662420382,16.2893,0.073,3.7984,78.1592,0.5844,0.0,1.0957,0.0,0.0,9277050036.0,0.0,1.15230595485817e-07,0.6574,1,-0.0397233010225,0.11795212,0.11526448,0.0,0.11526448279619217,train,High,Low
1756,Nevada,Mineral,32021,37750.0,4519.0,11.787410926365796,7.6529,0.0,5.8185,85.2268,0.6114,0.0,0.6706,0.0197,5.0,9719815219.0,110.64394777605665,4.64926533908422e-07,0.6311000000000001,1,-0.0397233010225,0.19902296,0.1966189,0.0629737360595291,0.1336451636434967,train,High,Low
1757,Nevada,Lincoln,32017,49406.0,5155.0,22.743988684582746,15.5637,0.0,6.3678,76.7411,0.5964,0.0,0.7311,0.0,2.0,27540342244.0,38.797284190106694,1.871799542042031e-07,0.5964,1,-0.0397233010225,0.46024644,0.4587561,0.02208173138723663,0.43667435782327363,train,High,Low
1758,Nevada,Washoe,32031,54955.0,439914.0,28.981993880928897,5.0097,0.088,5.2405,87.8424,1.2985,0.0,0.4658,0.055,140.0,16323099199.0,31.824402042217343,2.6950396774342363e-05,1.4415,1,-0.0397233010225,0.9920724,0.9924423,0.018113069306919846,0.974329240549495,train,High,High
1759,Nevada,Carson City,32510,47948.0,54412.0,20.975609756097562,4.9362,0.045,4.5585,88.7682,1.1077,0.0,0.5503,0.0342,24.0,374669606.0,44.10791737116813,0.0001452266186758688,1.1868999999999998,1,-0.0397233010225,0.97389156,0.97419786,0.02510431345318051,0.9490935510792902,train,High,High
1760,Nevada,Nye,32023,42266.0,43198.0,12.123521521765639,8.816,0.0302,6.7755,82.9517,0.7828,0.0,0.5936,0.0503,8.0,47090938927.0,18.51937589703227,9.173314651246431e-07,0.8633000000000001,1,-0.0397233010225,0.46866885,0.46720797,0.010540425510551859,0.456667542724464,train,High,Low
1761,Nevada,Storey,32029,65508.0,3941.0,23.127137084239976,5.5227,0.0443,5.1831,87.404,1.1813,0.0,0.6497,0.0148,2.0,680962190.0,50.748540979446844,5.7873991506048225e-06,1.2404,1,-0.0397233010225,0.6000816,0.5990804,0.028883868383964683,0.5701965153936537,train,High,High
1762,Nevada,Clark,32003,52629.0,2070153.0,22.823853184640146,2.2808,0.1107,5.7227,89.9885,1.56,0.0002,0.2534,0.0839,453.0,20439281442.0,21.882440573232994,0.00010128306153395938,1.7546000000000002,1,-0.0397233010225,0.98877305,0.9891314,0.012454536056379839,0.9766768549920516,train,High,High
1763,Nevada,Lyon,32019,49007.0,51897.0,14.489071038251367,7.5716,0.0086,4.9047,86.1196,0.8028,0.0,0.5789,0.0138,8.0,5183173279.0,15.415149237913559,1.001259213352261e-05,0.8252,1,-0.0397233010225,0.521741,0.52046573,0.008773634337337789,0.5116920972834508,train,High,High
1764,New Hampshire,Merrimack,33013,67181.0,147715.0,34.945226464722374,2.7795,0.0192,8.629,86.4239,1.5533,0.0,0.5158,0.0795,31.0,2415829018.0,20.98635886673662,6.11446418183557e-05,1.652,1,-0.109142184344,0.9977405,0.99813026,0.0119445252152366,0.9861857366828042,train,High,High
1765,New Hampshire,Belknap,33001,61245.0,60392.0,30.465221318879856,3.0849,0.0313,7.1267,87.6949,1.3916,0.0,0.6176,0.0532,19.0,1040130770.0,31.46112067823553,5.8061930039816053e-05,1.4761,1,-0.109142184344,0.9947706,0.9951499,0.01790630531132345,0.9772436051386583,train,High,High
1766,New Hampshire,Strafford,33017,63533.0,125913.0,34.81367416076378,2.2173,0.0253,6.5195,89.2308,1.5023,0.0,0.4466,0.0582,23.0,951728790.0,18.266580893156387,0.000132299244619888,1.5858,1,-0.109142184344,0.99700266,0.99738985,0.010396545558948285,0.9869933074416926,train,High,High
1767,New Hampshire,Cheshire,33005,58359.0,76320.0,31.439235251551967,3.5219,0.0375,6.0265,88.2196,1.4731,0.0,0.5223,0.1991,13.0,1830338973.0,17.033542976939202,4.1697194413616415e-05,1.7097000000000002,1,-0.109142184344,0.99282384,0.99319637,0.009694753858200095,0.9835016143592682,train,High,High
1768,New Hampshire,Grafton,33009,58107.0,89164.0,38.85997802055724,3.2894,0.0405,6.9472,87.1222,1.9435,0.0,0.5672,0.0899,50.0,4425216149.0,56.076443407653315,2.014907227077463e-05,2.0739,1,-0.109142184344,0.9961212,0.99650526,0.03191627935635593,0.9645889811111734,train,High,High
1769,New Hampshire,Rockingham,33015,82398.0,300365.0,39.6032100280831,2.7537,0.0383,6.6206,88.5637,1.5624,0.0,0.3925,0.0687,66.0,1800347172.0,21.97326585987049,0.00016683726598482973,1.6694,1,-0.109142184344,0.9981975,0.99858886,0.012506229870123878,0.9860826301648188,train,High,High
1770,New Hampshire,Sullivan,33019,58454.0,43051.0,26.790712468193384,3.0797,0.0252,6.8807,87.9234,1.4251,0.0,0.5902,0.0757,7.0,1392143922.0,16.259784906273953,3.092424520171126e-05,1.526,1,-0.109142184344,0.9664264,0.9667066,0.009254364324968452,0.9574522096381969,train,High,High
1771,New Hampshire,Hillsborough,33011,73189.0,404948.0,36.25032015709041,2.2508,0.0422,5.9426,89.8615,1.4669,0.0,0.3593,0.0767,81.0,2269876709.0,20.002568230982742,0.00017840087895276078,1.5858,1,-0.109142184344,0.9981061,0.99849707,0.011384594255802707,0.9871124746261858,train,High,High
1772,New Hampshire,Coos,33007,45154.0,32219.0,17.756630896942703,3.4546,0.0276,8.7367,86.2542,0.7738,0.0,0.7013,0.0518,21.0,4647904949.0,65.17893168627208,6.931940380349632e-06,0.8532,1,-0.109142184344,0.7399314,0.73941934,0.03709702087782522,0.7023223202095161,train,High,High
1773,New Hampshire,Carroll,33003,56289.0,47416.0,33.563281572076406,3.4507,0.0236,7.3025,87.0505,1.4216,0.0,0.7078,0.0433,22.0,2413880542.0,46.39784039142906,1.9643059867707405e-05,1.4885,1,-0.109142184344,0.99031067,0.9906744,0.026407638314350706,0.9642667381733813,train,High,High
1774,New Jersey,Monmouth,34025,87297.0,627532.0,43.285500156327586,1.789,0.0731,6.7889,89.7836,1.1494,0.0,0.3286,0.0873,101.0,1213125252.0,16.094796759368446,0.0005172854154716747,1.3097999999999999,1,-0.10922447691954022,0.997586,0.9979752,0.009160460227862233,0.988814710384473,train,High,High
1775,New Jersey,Sussex,34037,87388.0,144694.0,33.747634442516954,3.007,0.0326,6.9058,88.5485,0.968,0.0,0.4515,0.0866,28.0,1343552955.0,19.351182495473203,0.00010769504801543159,1.0872,1,-0.10922447691954022,0.9972615,0.9976496,0.011013853748025952,0.986635756294546,train,High,High
1776,New Jersey,Essex,34013,54860.0,792586.0,33.3285257474689,1.0387,0.0694,5.004,92.1967,1.1831,0.0,0.4243,0.0837,168.0,326643513.0,21.196437989063647,0.0024264556571800037,1.3361999999999998,1,-0.10922447691954022,0.997221,0.99760884,0.012064093139799597,0.985544747325746,train,High,High
1777,New Jersey,Gloucester,34015,78592.0,291286.0,29.93764361707512,1.8274,0.0271,6.6937,90.0706,0.9336,0.0,0.4014,0.0462,31.0,833866376.0,10.642461360999155,0.0003493197571981245,1.0069,1,-0.10922447691954022,0.99496824,0.9953483,0.006057227405946989,0.9892910473018472,train,High,High
1778,New Jersey,Passaic,34031,61664.0,507204.0,26.710511273037973,1.4121,0.0552,5.6624,91.8192,0.761,0.0,0.2188,0.0711,39.0,481749389.0,7.689213807462086,0.001052837868778283,0.8873,1,-0.10922447691954022,0.9785009,0.9788233,0.004376366991138662,0.9744469371851919,train,High,High
1779,New Jersey,Bergen,34003,88487.0,930310.0,47.567616391128695,1.4014,0.1372,5.6452,91.0876,1.3059,0.0,0.2276,0.195,263.0,602848342.0,28.270146510303015,0.0015431907748367,1.6381000000000001,1,-0.10922447691954022,0.99851197,0.9989044,0.016090141218635112,0.9828142658057484,train,High,High
1780,New Jersey,Warren,34041,72999.0,107095.0,30.439892096899122,3.1335,0.0206,5.8437,89.4421,1.0769,0.0,0.4357,0.0475,13.0,923351614.0,12.138755310705449,0.00011598506828407407,1.145,1,-0.10922447691954022,0.992359,0.9927299,0.006908853022623197,0.9858210492448328,train,High,High
1781,New Jersey,Burlington,34005,80034.0,450236.0,36.363462017912276,2.5589,0.0418,8.5749,87.234,1.2168,0.0,0.2939,0.0796,70.0,2069166409.0,15.547401807052301,0.00021759293889639015,1.3382,1,-0.10922447691954022,0.997586,0.9979752,0.00884890676343555,0.9891262638488997,test,High,High
1782,New Jersey,Mercer,34021,73966.0,371101.0,40.43787493091388,1.388,0.0778,6.3269,89.9231,1.7775,0.0,0.412,0.0947,112.0,581097880.0,30.18046300063864,0.0006386204678633485,1.9500000000000002,1,-0.10922447691954022,0.99841595,0.9988081,0.017177410507833363,0.9816306754105931,test,High,High
1783,New Jersey,Cumberland,34011,49537.0,155744.0,14.270999246535492,2.251,0.0218,6.4672,89.9887,0.6873,0.0,0.5495,0.0344,8.0,1252327405.0,5.1366344770906105,0.00012436364434586497,0.7435,1,-0.10922447691954022,0.8605312,0.86044097,0.002923549550575427,0.8575174199165877,train,High,High
1784,New Jersey,Somerset,34035,102405.0,331686.0,52.965449713246606,1.8356,0.1249,5.6927,90.3644,1.6031,0.0,0.2602,0.119,92.0,781820323.0,27.737076632718896,0.0004242483729858222,1.847,1,-0.10922447691954022,0.99851197,0.9989044,0.015786740965417358,0.9831176660589662,train,High,High
1785,New Jersey,Ocean,34029,63108.0,586166.0,27.4818905118157,1.7033,0.0207,6.556,90.4573,0.8303,0.0,0.3738,0.0587,58.0,1628655943.0,9.894807955425597,0.00035990781387521085,0.9097000000000001,1,-0.10922447691954022,0.9931831,0.99355686,0.005631695515835001,0.9879251615932348,train,High,High
1786,New Jersey,Atlantic,34001,55456.0,274026.0,25.88819477815153,1.722,0.0413,6.2631,90.5015,1.0558,0.0,0.37,0.0462,64.0,1438982575.0,23.355448023180283,0.00019043038099332094,1.1433000000000002,1,-0.10922447691954022,0.99276555,0.99313784,0.013292908007410079,0.9798449284488887,train,High,High
1787,New Jersey,Middlesex,34023,80716.0,831852.0,41.46840840936248,1.2623,0.0592,4.8468,92.1694,1.3595,0.0,0.2276,0.0752,171.0,800962803.0,20.556541307828798,0.0010385650830279569,1.4938999999999998,1,-0.10922447691954022,0.9981975,0.99858886,0.011699891703395571,0.986888968331547,train,High,High
1788,New Jersey,Salem,34033,61341.0,64504.0,20.267823209854463,3.6199,0.0137,7.7036,86.6415,0.6726,0.0,1.3213,0.0274,15.0,859463290.0,23.254371821902517,7.50514894010191e-05,0.7137,1,-0.10922447691954022,0.96658427,0.966865,0.01323537981767078,0.9536296232913075,test,High,High
1789,New Jersey,Cape May,34009,59338.0,95404.0,30.502661315572254,2.4565,0.0545,8.1102,87.6206,1.0661,0.0,0.6135,0.0787,44.0,653004933.0,46.11965955305857,0.000146099968283088,1.1993,1,-0.10922447691954022,0.9967158,0.99710196,0.02624930984682514,0.9708526527195506,train,High,High
1790,New Jersey,Camden,34007,63028.0,511145.0,30.64412971328478,1.2624,0.0422,5.6726,91.6374,1.0416,0.0,0.2684,0.0756,56.0,573287175.0,10.955795322266676,0.0008916037586223693,1.1594000000000002,1,-0.10922447691954022,0.9961616,0.9965458,0.00623556350631178,0.9903102281196647,train,High,High
1791,New Jersey,Union,34039,70476.0,550436.0,33.393979089343325,1.3271,0.0612,5.1179,92.3292,0.8921,0.0,0.2123,0.0601,104.0,266174384.0,18.894113030397722,0.0020679525645112416,1.0134,1,-0.10922447691954022,0.9972083,0.9975962,0.010753709633204678,0.9868424946476486,train,High,High
1792,New Jersey,Hudson,34017,60894.0,668526.0,38.55227255836669,1.1096,0.0432,4.4574,93.0985,1.0439,0.0,0.1769,0.0705,153.0,119786739.0,22.886170470557612,0.005580968357440635,1.1576,1,-0.10922447691954022,0.99828666,0.99867827,0.013025815578664356,0.9856524514234414,train,High,High
1793,New Jersey,Hunterdon,34019,108177.0,125708.0,49.61340352068829,3.601,0.0717,6.2001,87.8628,1.6762,0.0,0.4822,0.106,28.0,1108070035.0,22.273840964775513,0.00011344770278893066,1.8539,1,-0.10922447691954022,0.9972742,0.99766237,0.012677304182843315,0.9849850612537107,test,High,High
1794,New Jersey,Morris,34027,102798.0,498215.0,51.87806441553041,1.7929,0.0944,7.0605,89.312,1.3399,0.0,0.2912,0.1091,141.0,1192817713.0,28.30103469385707,0.00041767907583042404,1.5434,1,-0.10922447691954022,0.99851197,0.9989044,0.016107721432985635,0.9827966855913979,train,High,High
1795,New Mexico,Lincoln,35027,40065.0,19726.0,28.57619874449045,8.9247,0.0093,8.5657,81.0967,0.774,0.0,0.6108,0.0187,6.0,12512530131.0,30.416708912095714,1.576499700178824e-06,0.802,1,-0.0013713779919298297,0.94489515,0.9451,0.017311871433824115,0.9277881380075517,train,High,High
1796,New Mexico,Chaves,35005,41356.0,65610.0,19.288302969863548,5.4293,0.0076,8.5713,84.4198,0.8585,0.0,0.6944,0.0191,8.0,15708886721.0,12.193263222069806,4.176616788017896e-06,0.8852000000000001,1,-0.0013713779919298297,0.71424055,0.7136386,0.006939876561573224,0.7066987271257131,train,High,High
1797,New Mexico,Lea,35025,58152.0,68930.0,13.071213738236152,9.9121,0.0033,13.7206,75.4634,0.4299,0.0,0.4691,0.0016,2.0,11373742011.0,2.9014942695488175,6.060450459781402e-06,0.4348,0,-0.0013713779919298297,0.2131944,0.2108399,0.0016514046902829653,0.20918849270389733,train,Low,Low
1798,New Mexico,Santa Fe,35049,55370.0,147320.0,40.95779778998336,4.1447,0.0656,6.2004,86.696,2.2736,0.0,0.542,0.0777,79.0,4941598720.0,53.624762421938634,2.9812214294891187e-05,2.4169,1,-0.0013713779919298297,0.9978212,0.9982112,0.030520888877257603,0.9676903161283882,train,High,High
1799,New Mexico,Union,35059,36420.0,4292.0,15.921696574225122,12.7372,0.0,10.7211,75.5455,0.2609,0.0,0.6879,0.0474,2.0,9903868971.0,46.59832246039142,4.33365991873238e-07,0.3083,0,-0.0013713779919298297,0.12171382,0.119039334,0.02652174401239627,0.09251759034438856,train,Low,Low
1800,New Mexico,Sierra,35051,29679.0,11442.0,17.66875279392043,9.0844,0.0398,6.7974,82.5803,0.6853,0.0,0.7889,0.0239,4.0,10828768077.0,34.958923265163435,1.0566298879650482e-06,0.7490000000000001,1,-0.0013713779919298297,0.43022597,0.42863062,0.01989710283188338,0.40873351740928177,train,High,Low
1801,New Mexico,Socorro,35053,34542.0,17324.0,19.575581938861365,7.1663,0.0478,6.8862,84.1508,0.9086,0.0,0.8266,0.0137,5.0,17213598994.0,28.861694758716233,1.0064135923021375e-06,0.9701,1,-0.0013713779919298297,0.59798145,0.5969729,0.016426824824117527,0.5805460579235326,train,High,High
1802,New Mexico,Roosevelt,35041,34933.0,19618.0,22.665947112790068,8.8303,0.0304,9.3598,80.5806,0.5416,0.0,0.6512,0.0061,2.0,6335223796.0,10.194719135487817,3.0966546142200404e-06,0.5781,1,-0.0013713779919298297,0.6600241,0.65923256,0.005802391951330656,0.6534301648685851,train,High,High
1803,New Mexico,Dona Ana,35013,38636.0,213825.0,27.52992979816974,4.1771,0.0129,6.9032,87.3565,0.9732,0.0,0.5481,0.029,43.0,9863101539.0,20.109902958026424,2.1679286090131776e-05,1.0151,1,-0.0013713779919298297,0.98524255,0.98558855,0.011445684526953834,0.9741428660406731,train,High,High
1804,New Mexico,Los Alamos,35028,105902.0,17895.0,64.59119496855345,4.6079,0.0266,5.1346,87.2246,2.6179,0.0,0.3193,0.0692,7.0,282784643.0,39.11707180776753,6.328137132963052e-05,2.7137000000000002,1,-0.0013713779919298297,0.9971751,0.9975628,0.022263740628902868,0.9752990850508761,train,High,High
1805,New Mexico,Rio Arriba,35039,33972.0,39924.0,18.1100014905351,6.4637,0.0026,6.1354,86.0492,0.69,0.0,0.6464,0.0128,11.0,15179716420.0,27.552349463981567,2.630088658797224e-06,0.7054,1,-0.0013713779919298297,0.74816424,0.74768096,0.01568160227323481,0.7319993598124891,train,High,High
1806,New Mexico,San Miguel,35047,27000.0,28350.0,19.315416084097148,5.8632,0.0,6.3087,86.1021,0.9847,0.0,0.7226,0.0187,7.0,12230072105.0,24.691358024691358,2.318056652209738e-06,1.0034,1,-0.0013713779919298297,0.42311552,0.4214953,0.014053250037185779,0.4074420385732726,train,High,Low
1807,New Mexico,Valencia,35061,41788.0,75993.0,17.12316523328103,7.3127,0.0152,6.4777,84.9605,0.7081,0.0,0.501,0.0248,2.0,2760177312.0,2.6318213519666283,2.7531926905426285e-05,0.7481,1,-0.0013713779919298297,0.5963442,0.5953299,0.0014979185622518495,0.5938319621521646,train,High,High
1808,New Mexico,Torrance,35057,32067.0,15599.0,17.695133149678604,9.2046,0.0117,6.3702,83.1395,0.4851,0.0,0.7597,0.0292,2.0,8664076488.0,12.821334700942367,1.8004227019007823e-06,0.5259999999999999,0,-0.0013713779919298297,0.17889047,0.17641598,0.007297347605692981,0.16911863225652016,train,Low,Low
1809,New Mexico,Bernalillo,35001,48994.0,674777.0,32.78348296642479,3.3021,0.0623,6.6904,87.7456,1.69,0.0,0.4547,0.055,170.0,3007078788.0,25.19350837387759,0.00022439618233241983,1.8073,1,-0.0013713779919298297,0.9981559,0.998547,0.014339052235927439,0.9842079653383828,test,High,High
1810,New Mexico,Otero,35035,41502.0,65333.0,17.626518815618734,6.2114,0.011,7.7263,84.302,0.8279,0.0,0.8957,0.0256,8.0,17126441843.0,12.244960433471599,3.814744510209119e-06,0.8644999999999999,1,-0.0013713779919298297,0.639314,0.63845,0.006969300372014437,0.6314807261401315,train,High,High
1811,New Mexico,Cibola,35006,36160.0,27373.0,12.446114734166022,5.679,0.0,8.4508,84.9697,0.3686,0.0,0.518,0.014,6.0,11758240097.0,21.91940963723377,2.327984441054572e-06,0.3826,0,-0.0013713779919298297,0.2238474,0.22153017,0.012475577244131605,0.2090545920044493,train,Low,Low
1812,New Mexico,De Baca,35011,31197.0,1977.0,9.543010752688172,11.7538,0.0,9.255,77.9269,0.4627,0.0,0.6016,0.0,1.0,6016761713.0,50.58168942842691,3.2858206694947435e-07,0.4627,0,-0.0013713779919298297,0.09798111,0.09522361,0.02878890371805888,0.0664347093653037,train,Low,Low
1813,New Mexico,Guadalupe,35019,26692.0,4469.0,13.855054811205846,7.0832,0.0,7.8051,84.0965,0.2256,0.0,0.7895,0.0,3.0,7847069559.0,67.12911165808906,5.695119644854419e-07,0.2256,0,-0.0013713779919298297,0.07990058,0.07707984,0.03820697873166418,0.03887286127277994,train,Low,Low
1814,New Mexico,Catron,35003,38142.0,3547.0,24.76027397260274,20.3965,0.0,5.1322,73.0176,0.7269,0.0,0.7048,0.022,0.0,17933560031.0,0.0,1.9778560385493154e-07,0.7489,1,-0.0013713779919298297,0.14453425,0.14193958,0.0,0.14193958044052124,train,High,Low
1815,New Mexico,Luna,35029,27326.0,24627.0,12.532554151051261,6.1993,0.0042,7.9603,84.3255,0.4922,0.0,0.9929,0.0255,9.0,7679944726.0,36.545255207698865,3.206663703792912e-06,0.5219,0,-0.0013713779919298297,0.1613292,0.15879329,0.020799974168815592,0.13799331132026674,test,Low,Low
1816,New Mexico,Taos,35055,35323.0,32961.0,28.04530236018683,5.7682,0.0227,5.6178,86.7811,1.2342,0.0,0.5249,0.0511,17.0,5704119092.0,51.576105093898846,5.778455791048901e-06,1.3079999999999998,1,-0.0013713779919298297,0.8345466,0.83436555,0.02935488198356363,0.805010664719775,train,High,High
1817,New Mexico,Colfax,35007,32693.0,12716.0,22.132023071993164,6.9352,0.0,7.744,83.856,0.7553,0.0,0.7095,0.0,7.0,9733110086.0,55.0487574709028,1.3064683218050268e-06,0.7553,1,-0.0013713779919298297,0.66746724,0.66670173,0.031331365095487326,0.6353703689705222,test,High,High
1818,New Mexico,Harding,35021,32404.0,565.0,25.770925110132158,14.0625,0.0,10.9375,74.2188,0.0,0.0,0.7812,0.0,0.0,5504963107.0,0.0,1.0263465694830132e-07,0.0,0,-0.0013713779919298297,0.13018626,0.12754141,0.0,0.1275414079427719,train,Low,Low
1819,New Mexico,Quay,35037,28159.0,8555.0,15.177519771159348,8.929,0.0,9.244,80.6213,0.3693,0.0,0.8255,0.0109,5.0,7443335868.0,58.44535359438924,1.1493502579642024e-06,0.38020000000000004,0,-0.0013713779919298297,0.21297462,0.21061936,0.03326456028673431,0.17735479992177705,train,Low,Low
1820,New Mexico,Hidalgo,35023,34528.0,4531.0,15.444770283479961,10.9099,0.0,9.386,78.8869,0.4417,0.0,0.3534,0.0221,4.0,8905569096.0,88.28073273008167,5.087827573012859e-07,0.4638,0,-0.0013713779919298297,0.15720727,0.15465693,0.05024556402613323,0.10441136773179371,test,Low,Low
1821,New Mexico,Mckinley,35031,29272.0,74346.0,11.000229937916762,3.6265,0.0038,9.6559,85.8555,0.4817,0.0,0.3651,0.0115,4.0,14116799068.0,5.380249105533586,5.266491337156432e-06,0.49700000000000005,0,-0.0013713779919298297,0.09802834,0.09527101,0.0030622044306675496,0.09220880924645265,test,Low,Low
1822,New Mexico,Sandoval,35043,60158.0,138117.0,29.749733357753094,4.1875,0.0305,6.8496,86.9934,1.4926,0.0,0.3968,0.0497,9.0,9606259427.0,6.516214513781794,1.4377812826062042e-05,1.5728,1,-0.0013713779919298297,0.9696201,0.96991146,0.0037087466702536375,0.9662027094378396,test,High,High
1823,New Mexico,Grant,35017,38890.0,28879.0,27.39505631124762,8.9991,0.027,6.3507,82.8531,1.1553,0.0,0.5844,0.0304,0.0,10259419034.0,0.0,2.814876739539948e-06,1.2127,1,-0.0013713779919298297,0.782995,0.78263354,0.0,0.7826335430145264,train,High,High
1824,New Mexico,Curry,35009,42170.0,50544.0,19.732430584941895,5.8081,0.0047,10.0686,83.0267,0.6053,0.0,0.4747,0.0119,7.0,3640111191.0,13.84931940487496,1.3885290132061793e-05,0.6219,1,-0.0013713779919298297,0.70336235,0.7027224,0.007882431911883049,0.6948399387126591,test,High,High
1825,New Mexico,Eddy,35015,59625.0,56369.0,16.970377880689448,8.7217,0.0037,13.7489,76.411,0.5406,0.0,0.5704,0.0037,7.0,10816737062.0,12.418173109333145,5.211275792034224e-06,0.548,0,-0.0013713779919298297,0.39111742,0.38938528,0.007067885514275876,0.38231739747904075,test,Low,Low
1826,New Mexico,Mora,35033,21190.0,4598.0,13.180610889774236,10.0221,0.0,5.8954,82.9956,0.4606,0.0,0.608,0.0184,2.0,4992675987.0,43.49717268377555,9.209490085021213e-07,0.479,0,-0.0013713779919298297,0.118064865,0.11537762,0.024756704067247674,0.09062091579530879,test,Low,Low
1827,New Mexico,San Juan,35045,48624.0,122537.0,15.469592043112607,8.4244,0.0047,9.8057,80.6928,0.5748,0.0,0.4911,0.0065,12.0,14279020830.0,9.792960493565209,8.581610844250026e-06,0.586,1,-0.0013713779919298297,0.7014879,0.70084137,0.005573728358024343,0.6952676388866961,train,High,High
1828,New York,Schoharie,36095,50607.0,31667.0,20.48488150367747,4.3995,0.0281,7.3606,86.8402,0.7842,0.0,0.5099,0.0774,9.0,1610503573.0,28.42075346575299,1.9662794004866202e-05,0.8897,1,-0.13638688083789885,0.9362878,0.9364626,0.016175860165327363,0.920286720992357,test,High,High
1829,New York,Fulton,36035,46090.0,54297.0,17.003023333936277,2.5153,0.0085,7.9862,88.2782,0.7971,0.0,0.3483,0.0662,18.0,1283234679.0,33.15100281783524,4.231260336754038e-05,0.8718,1,-0.13638688083789885,0.94940335,0.949624,0.018868112929090804,0.930755889050737,train,High,High
1830,New York,Rensselaer,36083,61754.0,159959.0,29.310642473582348,2.205,0.0489,6.7066,89.3676,1.2971,0.0,0.3013,0.0734,111.0,1689815932.0,69.39278190036197,9.466060591030101e-05,1.4193999999999998,1,-0.13638688083789885,0.9993017,0.9996969,0.0394953616502783,0.9602015487310388,test,High,High
1831,New York,Franklin,36033,49782.0,51007.0,18.40149737400827,2.8308,0.0246,10.516,85.3412,0.8,0.0,0.4455,0.0418,36.0,4219632482.0,70.57854804242555,1.2088019565112448e-05,0.8664,1,-0.13638688083789885,0.96638083,0.96666086,0.04017024830752028,0.9264906088931023,test,High,High
1832,New York,Queens,36081,59758.0,2310011.0,30.595789113548257,1.0893,0.0408,5.3405,90.5537,2.6891,0.0,0.2058,0.0807,161.0,281708062.0,6.969663780821823,0.008200017364075296,2.8106,1,-0.13638688083789885,0.99667895,0.997065,0.00396683032537377,0.9930981773612412,train,High,High
1833,New York,Washington,36115,51449.0,62465.0,20.24601509130687,3.5052,0.0127,7.2025,87.9065,0.9076,0.0,0.3913,0.0743,12.0,2152713679.0,19.210758024493717,2.9016863974691175e-05,0.9946,1,-0.13638688083789885,0.9668979,0.9671797,0.010933930229844376,0.956245785403548,train,High,High
1834,New York,New York,36061,75513.0,1634989.0,60.43463962773801,1.4729,0.3879,5.8885,88.5239,3.1892,0.0,0.4104,0.1272,491.0,58677325.0,30.030783081721037,0.027864068445519627,3.7043000000000004,1,-0.13638688083789885,0.99947554,0.9998713,0.017092219190126528,0.9827790943818034,train,High,High
1835,New York,Cayuga,36011,53114.0,78783.0,21.62249981948155,2.6114,0.0276,9.9963,86.0266,0.8726,0.0,0.425,0.0405,17.0,1791190504.0,21.578259269131664,4.3983596286417116e-05,0.9407,1,-0.13638688083789885,0.9907575,0.99112284,0.012281409251491323,0.9788414325835306,train,High,High
1836,New York,Rockland,36087,86134.0,322642.0,40.42278569563568,1.4533,0.0583,5.6618,91.0577,1.4568,0.0,0.1913,0.1209,162.0,449229420.0,50.21044997241524,0.0007182120886027456,1.6360000000000001,1,-0.13638688083789885,0.9995559,0.9999519,0.028577610321649346,0.971374288730017,test,High,High
1837,New York,Niagara,36063,50094.0,213374.0,23.494485159521002,1.8758,0.0372,10.3439,86.6313,0.6148,0.0,0.4221,0.0749,50.0,1352887116.0,23.433033078069492,0.0001577175194268019,0.7269,1,-0.13638688083789885,0.99774796,0.99813765,0.013337066055518106,0.9848005868184748,train,High,High
1838,New York,Essex,36031,53244.0,38598.0,24.600220567962502,2.8913,0.1336,9.8169,85.3983,1.3021,0.0,0.3838,0.0739,68.0,4646734030.0,176.17493134359293,8.306479292941154e-06,1.5096,1,-0.13638688083789885,0.9793144,0.97963965,0.10027112959844975,0.8793685197927246,train,High,High
1839,New York,Nassau,36059,102044.0,1356801.0,43.543885361561465,1.0089,0.1006,6.5715,90.6768,1.2465,0.0,0.2635,0.1323,177.0,737649064.0,13.04539132857361,0.0018393583971252757,1.4794,1,-0.13638688083789885,0.99920017,0.999595,0.007424870920021895,0.9921701155187294,train,High,High
1840,New York,Schuyler,36097,47229.0,18336.0,20.840551329366576,3.4843,0.0293,8.1593,86.9779,0.8447,0.0,0.4458,0.0587,12.0,850379111.0,65.44502617801048,2.1562147708964595e-05,0.9327,1,-0.13638688083789885,0.9831524,0.98349106,0.03724847032107488,0.946242592796906,train,High,High
1841,New York,Chenango,36017,46979.0,49286.0,17.435498733010828,3.1963,0.0134,8.7569,86.8646,0.7271,0.0,0.3836,0.058,4.0,2314378334.0,8.115894980318954,2.1295567486072052e-05,0.7985,1,-0.13638688083789885,0.9182992,0.918411,0.00461921540807551,0.9137918010561579,test,High,High
1842,New York,Jefferson,36045,49911.0,117966.0,20.753948868262498,2.8137,0.0236,10.1157,85.8908,0.8153,0.0,0.3025,0.0382,19.0,3285912844.0,16.106335723852634,3.5900526155282285e-05,0.8771,1,-0.13638688083789885,0.9850175,0.9853627,0.009167027705961426,0.9761956808626115,train,High,High
1843,New York,Suffolk,36103,90128.0,1498130.0,34.38479402064672,1.8763,0.0664,6.507,89.4015,1.6483,0.0,0.2849,0.2157,325.0,2361434905.0,21.6937114936621,0.0006344151163463894,1.9304000000000001,1,-0.13638688083789885,0.9992004,0.9995952,0.012347119650127681,0.9872481052072026,test,High,High
1844,New York,Oswego,36075,49571.0,120513.0,18.03266416299642,2.7151,0.0284,10.8134,85.4104,0.5752,0.0,0.4154,0.0421,46.0,2464746080.0,38.170155916789064,4.889469182156078e-05,0.6457,1,-0.13638688083789885,0.9889227,0.9892816,0.021724797174808616,0.9675567975784568,test,High,High
1845,New York,Wayne,36117,51627.0,91874.0,21.216389645350112,2.4433,0.0222,9.5303,86.6857,0.8339,0.0,0.4216,0.0631,32.0,1563903156.0,34.83031107821582,5.8746604383730776e-05,0.9192,1,-0.13638688083789885,0.9908049,0.99117035,0.019823902353432715,0.9713464443834753,train,High,High
1846,New York,Broome,36007,47744.0,197381.0,27.75764725709952,1.7163,0.0476,6.6041,90.0012,1.2192,0.0,0.3431,0.0685,65.0,1827987180.0,32.931234515986844,0.00010797723428235422,1.3353000000000002,1,-0.13638688083789885,0.9988211,0.9992146,0.018743030343797814,0.9804715592519969,test,High,High
1847,New York,Erie,36029,52744.0,922129.0,32.199278770774534,1.3592,0.0362,8.9325,88.4419,0.8264,0.0,0.3186,0.0851,316.0,2700574449.0,34.26852425202981,0.00034145661133002894,0.9477,1,-0.13638688083789885,0.9992073,0.99960214,0.01950415765862516,0.9800979813374991,train,High,High
1848,New York,Sullivan,36105,52027.0,75818.0,22.355714824594493,3.1561,0.0445,7.4581,88.1391,0.759,0.0,0.3914,0.0519,23.0,2507463254.0,30.335804162599906,3.0236933633644388e-05,0.8553999999999999,1,-0.13638688083789885,0.99014217,0.99050534,0.017265823959532765,0.9732395137556161,test,High,High
1849,New York,Orange,36071,71910.0,376242.0,28.697360467459198,2.2873,0.0479,6.0598,90.1221,1.143,0.0,0.262,0.0778,102.0,2103888458.0,27.110210981230168,0.0001788317239772604,1.2687000000000002,1,-0.13638688083789885,0.99854505,0.99893755,0.015429956225943531,0.9835075909809351,train,High,High
1850,New York,Bronx,36005,35302.0,1436785.0,19.131504025295225,0.5747,0.026,5.0237,92.5301,1.7093,0.0,0.1028,0.0333,45.0,108910661.0,3.1319926084974443,0.013192326506952337,1.7686000000000002,1,-0.13638688083789885,0.8981305,0.8981718,0.001782594347294208,0.8963891881462971,train,High,High
1851,New York,Onondaga,36067,55717.0,468050.0,34.32024782895739,1.3672,0.0519,9.309,87.7721,1.1342,0.0,0.2876,0.0781,237.0,2016071028.0,50.63561585300716,0.00023215947925422,1.2642000000000002,1,-0.13638688083789885,0.99943465,0.9998303,0.028819596299952507,0.971010709276372,train,High,High
1852,New York,Clinton,36019,50502.0,81505.0,22.241338718148395,2.5184,0.043,8.0801,87.7316,1.1005,0.0,0.4464,0.0801,52.0,2687767000.0,63.79976688546715,3.0324429163688666e-05,1.2236,1,-0.13638688083789885,0.9923246,0.9926954,0.03631206009240323,0.9563833310857279,test,High,High
1853,New York,Seneca,36099,50073.0,35036.0,19.988765848178463,2.6722,0.0182,9.3781,86.5483,0.9549,0.0,0.3703,0.0581,15.0,838403626.0,42.81310651900902,4.17889414042205e-05,1.0312,1,-0.13638688083789885,0.9780488,0.97836965,0.02436736327660224,0.9540022899483428,train,High,High
1854,New York,Putnam,36079,97606.0,99408.0,38.93276383494102,2.648,0.0523,6.1848,89.4678,1.2529,0.0,0.3148,0.0795,25.0,596504171.0,25.14888137775632,0.00016665097216897752,1.3846999999999998,1,-0.13638688083789885,0.99915004,0.9995447,0.014313652485363959,0.9852310276331968,train,High,High
1855,New York,Herkimer,36043,48893.0,63558.0,21.52900221529002,3.4306,0.0097,8.4085,87.1158,0.651,0.0,0.3593,0.0251,26.0,3655805548.0,40.90751754303156,1.7385497988198798e-05,0.6858000000000001,1,-0.13638688083789885,0.98425967,0.9846022,0.02328278468352784,0.9613194282223559,train,High,High
1856,New York,Ontario,36069,58070.0,109450.0,32.078772889917914,2.1159,0.0353,8.5353,87.6397,1.2546,0.0,0.3424,0.0768,85.0,1668114458.0,77.66103243490178,6.561300363718807e-05,1.3666999999999998,1,-0.13638688083789885,0.99883574,0.99922925,0.04420129123162361,0.9550279611067858,test,High,High
1857,New York,Steuben,36101,48823.0,98151.0,22.348479301811366,2.9404,0.0128,9.8581,85.9546,0.7922,0.0,0.3689,0.0731,35.0,3601567659.0,35.659341219141936,2.725229935767812e-05,0.8781000000000001,1,-0.13638688083789885,0.9905552,0.9909198,0.020295750351714034,0.9706240780632029,test,High,High
1858,New York,Hamilton,36041,52708.0,4697.0,21.622377622377623,3.6789,0.0,9.9187,84.5122,1.3211,0.0,0.5488,0.0203,11.0,4447987884.0,234.192037470726,1.0559830922417144e-06,1.3414,1,-0.13638688083789885,0.7040434,0.7034058,0.13329195000141078,0.5701138474801261,train,High,High
1859,New York,Chautauqua,36013,43211.0,131748.0,20.8411370310855,2.3527,0.025,9.8866,86.4915,0.7666,0.0,0.4247,0.053,40.0,2745973927.0,30.360992197225006,4.797860558855918e-05,0.8446,1,-0.13638688083789885,0.98456526,0.9849089,0.017280159896348304,0.9676287189069048,train,High,High
1860,New York,Kings,36047,50640.0,2606852.0,34.08146798616635,1.0559,0.0438,5.7686,90.9483,1.9732,0.0,0.1468,0.0634,184.0,180813964.0,7.0583216845451915,0.014417315689179847,2.0804,1,-0.13638688083789885,0.9968569,0.9972436,0.004017290558770058,0.993226292643592,test,High,High
1861,New York,Tioga,36107,58115.0,49649.0,25.036448357679888,3.038,0.023,7.3786,88.1473,0.9804,0.0,0.3728,0.0598,9.0,1343192583.0,18.127253318294425,3.6963426263946244e-05,1.0632000000000001,1,-0.13638688083789885,0.9944484,0.9948266,0.010317246346460585,0.9845093685102594,train,High,High
1862,New York,Orleans,36073,48731.0,41938.0,15.867991244317226,3.047,0.0118,10.2195,85.5842,0.61,0.0,0.4803,0.0471,7.0,1013366849.0,16.691306213934855,4.138481542136968e-05,0.6689,1,-0.13638688083789885,0.9397499,0.93993676,0.009499967536702198,0.9304367895510053,train,High,High
1863,New York,Saratoga,36091,74080.0,224929.0,39.64958188747938,2.1848,0.0412,6.8096,89.0437,1.5295,0.0,0.2945,0.0967,260.0,2097880371.0,115.5920312631986,0.00010721726706122081,1.6674,1,-0.13638688083789885,0.9995832,0.9999793,0.06578997056474098,0.9341893466235219,train,High,High
1864,New York,Columbia,36021,59916.0,61860.0,29.520456583061815,3.622,0.0251,6.1143,88.1518,1.6325,0.0,0.3671,0.0872,49.0,1643778342.0,79.2111218881345,3.763281120052621e-05,1.7448,1,-0.13638688083789885,0.99862015,0.999013,0.04508353491560811,0.9539294717715562,test,High,High
1865,New York,Lewis,36049,49976.0,27107.0,15.511087074094105,3.7469,0.0125,10.4829,84.975,0.4122,0.0,0.358,0.0125,6.0,3301307137.0,22.13450400265614,8.210990033672835e-06,0.43720000000000003,0,-0.13638688083789885,0.56976306,0.5686558,0.012597999627535855,0.5560577892709322,train,Low,High
1866,New York,Westchester,36119,86226.0,969229.0,47.30365063066796,1.4574,0.1544,5.8821,90.5134,1.653,0.0,0.2138,0.126,300.0,1115031348.0,30.952437452862018,0.0008692392386442574,1.9334000000000002,1,-0.13638688083789885,0.99947554,0.9998713,0.01761678488280966,0.9822545286891202,train,High,High
1867,New York,Delaware,36025,46055.0,46480.0,21.30337214944202,4.0689,0.0297,8.1287,86.4605,0.7978,0.0,0.4549,0.0594,24.0,3735952964.0,51.635111876075726,1.2441270125155676e-05,0.8868999999999999,1,-0.13638688083789885,0.97786736,0.97818756,0.029388466084648398,0.9487990949505078,test,High,High
1868,New York,Montgomery,36057,44455.0,49667.0,15.965306778027626,3.162,0.0209,8.1003,87.3474,0.8951,0.0,0.4301,0.0442,19.0,1044067732.0,38.25477681357843,4.7570668528236825e-05,0.9602,1,-0.13638688083789885,0.95952994,0.959786,0.02177295971895717,0.938013038148627,train,High,High
1869,New York,Richmond,36085,74021.0,473324.0,31.359684281926377,0.7903,0.0221,6.1628,91.8418,0.9172,0.0,0.1864,0.0793,40.0,150675181.0,8.450870862242354,0.0031413534522317915,1.0186,1,-0.13638688083789885,0.9971316,0.9975192,0.004809869150991913,0.9927093259288116,test,High,High
1870,New York,Saint Lawrence,36089,46313.0,111529.0,22.772071360252838,2.9152,0.0154,11.3978,84.4024,0.8651,0.0,0.3484,0.0557,28.0,6939259168.0,25.105577921437476,1.6072176769864664e-05,0.9361999999999999,1,-0.13638688083789885,0.9931028,0.9934763,0.014289006036249474,0.979187265593084,train,High,High
1871,New York,Tompkins,36109,54133.0,104268.0,51.60225253913452,2.4924,0.1019,6.2295,87.8439,2.8269,0.0,0.3072,0.1981,87.0,1229335153.0,83.43883070548969,8.481657727394378e-05,3.1269000000000005,1,-0.13638688083789885,0.9991297,0.9995243,0.04748976340394377,0.9520345319261039,train,High,High
1872,New York,Warren,36113,57174.0,64911.0,28.41687930998123,2.3166,0.0335,7.8476,87.9034,1.4589,0.0,0.3779,0.0622,110.0,2246154434.0,169.46280291476023,2.889872531355963e-05,1.5546000000000002,1,-0.13638688083789885,0.9969887,0.9973758,0.09645087722522015,0.9009249090792537,test,High,High
1873,New York,Cortland,36023,50910.0,48713.0,24.78243800300988,2.5295,0.0834,9.4232,86.6602,0.8756,0.0,0.3725,0.0556,24.0,1291815779.0,49.268162502822655,3.770893713475844e-05,1.0146000000000002,1,-0.13638688083789885,0.9962237,0.9966081,0.028041301164257133,0.9685667773155097,train,High,High
1874,New York,Dutchess,36027,72706.0,295905.0,33.970604922861355,2.4899,0.0381,5.7009,89.973,1.38,0.0,0.3257,0.0924,142.0,2060678181.0,47.98837464726855,0.0001435959300818161,1.5105,1,-0.13638688083789885,0.99940526,0.99980086,0.02731290142574658,0.9724879594560588,test,High,High
1875,New York,Monroe,36055,53568.0,749236.0,36.664714916301456,1.181,0.0479,7.6185,89.414,1.3536,0.0,0.2415,0.1435,369.0,1702166306.0,49.25016950600345,0.00044016615612646253,1.545,1,-0.13638688083789885,0.9994885,0.9998843,0.028031060330886783,0.9718532470536042,train,High,High
1876,New York,Oneida,36065,49838.0,232858.0,23.7874032485964,2.2808,0.0247,8.2955,88.0338,0.9691,0.0,0.3289,0.0671,100.0,3139921985.0,42.9446271976913,7.416044128242887e-05,1.0609,1,-0.13638688083789885,0.99773586,0.9981256,0.024442219142396828,0.9736833935933514,test,High,High
1877,New York,Ulster,36111,60393.0,180505.0,30.97081734682014,2.8906,0.0501,5.897,89.1775,1.5339,0.0,0.3282,0.1228,128.0,2911757793.0,70.91216309797512,6.199176333757648e-05,1.7068,1,-0.13638688083789885,0.9992086,0.99960345,0.04036012752708849,0.9592433227712208,test,High,High
1878,New York,Chemung,36015,49578.0,87742.0,24.4439291806754,1.9041,0.0194,8.421,88.3243,0.9692,0.0,0.2932,0.0688,22.0,1055038643.0,25.07351097535958,8.316472631799137e-05,1.0574,1,-0.13638688083789885,0.9959623,0.9963458,0.014270754921397427,0.9820750631213577,train,High,High
1879,New York,Livingston,36051,52724.0,64622.0,24.476197179794,2.8707,0.0531,9.9925,85.7784,0.8696,0.0,0.3973,0.0384,32.0,1636256623.0,49.51873974807341,3.949380500078196e-05,0.9611000000000001,1,-0.13638688083789885,0.9960748,0.9964587,0.028183918863843225,0.9682747903761165,train,High,High
1880,New York,Otsego,36077,49689.0,60979.0,28.503348466226893,3.6602,0.0303,7.2541,87.3466,1.1834,0.0,0.4684,0.0569,22.0,2594462130.0,36.07799406353007,2.350352286699209e-05,1.2706,1,-0.13638688083789885,0.9952577,0.9956387,0.020534029392303137,0.9751046987494816,train,High,High
1881,New York,Greene,36039,51013.0,48069.0,20.27474724395956,3.3564,0.0329,7.0963,88.1289,0.8418,0.0,0.4867,0.057,31.0,1676140500.0,64.49062805550355,2.8678383464870635e-05,0.9317000000000001,1,-0.13638688083789885,0.9814679,0.9818007,0.03670526830532515,0.9450954070868257,train,High,High
1882,New York,Albany,36001,60904.0,307891.0,39.72833732837262,1.4553,0.2224,7.2436,88.9335,1.5315,0.0003,0.5269,0.0865,462.0,1354083641.0,150.05310320860306,0.000227379602468737,1.8404,1,-0.13638688083789885,0.9996038,1.0,0.08540371801896877,0.9145962819810313,test,High,High
1883,New York,Allegany,36003,44085.0,47700.0,20.480147131268676,3.5078,0.0155,10.6061,84.642,0.5833,0.0,0.604,0.0413,9.0,2665875177.0,18.867924528301884,1.789281074055329e-05,0.6401,1,-0.13638688083789885,0.94815713,0.94837344,0.010738804273698565,0.9376346326540969,train,High,High
1884,New York,Cattaraugus,36009,43884.0,78506.0,18.12785302350046,2.9778,0.0132,11.1981,84.9153,0.5158,0.0,0.3667,0.0132,21.0,3388637061.0,26.749547805263294,2.3167426486456645e-05,0.5422,0,-0.13638688083789885,0.9805054,0.98083484,0.015224682389405277,0.9656101593388051,test,Low,High
1885,New York,Madison,36053,55858.0,72089.0,26.710918791748938,3.0617,0.0348,9.6512,85.7446,0.9868,0.0,0.4578,0.063,44.0,1696091559.0,61.035664248359666,4.250301206764039e-05,1.0846,1,-0.13638688083789885,0.99722725,0.99761516,0.03473885276015073,0.9628763057977411,train,High,High
1886,New York,Schenectady,36093,59959.0,154845.0,30.58151805231024,1.6088,0.0389,6.1031,90.4636,1.3871,0.0,0.3056,0.093,126.0,529856261.0,81.37169427492007,0.0002922396344015269,1.519,1,-0.13638688083789885,0.99941885,0.99981445,0.04631323900659306,0.9535012117342212,train,High,High
1887,New York,Genesee,36037,52641.0,59053.0,21.230910275278053,2.984,0.0136,10.6844,85.0798,0.8119,0.0,0.3895,0.0368,24.0,1276697994.0,40.64145767361523,4.6254478566996166e-05,0.8622999999999998,1,-0.13638688083789885,0.9917869,0.9921558,0.023131354945802207,0.9690244353831773,train,High,High
1888,New York,Yates,36123,50105.0,25106.0,23.15930388219545,3.0527,0.0312,9.3453,85.9535,1.0141,0.0,0.5148,0.0884,10.0,875785686.0,39.83111606787222,2.8666830711366526e-05,1.1337,1,-0.13638688083789885,0.9932974,0.9936716,0.022670143651160043,0.9710014523991024,train,High,High
1889,New York,Wyoming,36121,53612.0,41239.0,14.996617050067659,3.8494,0.0029,11.943,83.3741,0.3711,0.0,0.4153,0.0442,9.0,1535218841.0,21.824001551928998,2.6861968403890897e-05,0.4182,0,-0.13638688083789885,0.7265109,0.7259519,0.012421275100158141,0.7135306349187628,test,Low,High
1890,North Carolina,Haywood,37087,43097.0,59577.0,23.767260604149303,4.5342,0.0275,6.4392,87.609,0.9971,0.0,0.3724,0.0206,12.0,1433738456.0,20.14200110781006,4.1553603971964604e-05,1.0452,1,-0.028997997187499996,0.98255116,0.98288774,0.011463953401601773,0.9714237915019627,train,High,High
1891,North Carolina,Forsyth,37067,46283.0,364691.0,33.604179476492504,2.2356,0.0239,6.4108,89.6679,1.3418,0.0,0.2829,0.0371,40.0,1056112599.0,10.968189508378325,0.0003453145056174072,1.4028,1,-0.028997997187499996,0.9966061,0.9969918,0.006242617739467374,0.9907491954433635,train,High,High
1892,North Carolina,Bladen,37017,30408.0,34454.0,14.81832804058234,2.4956,0.0089,8.2484,88.364,0.5246,0.0,0.3497,0.0089,4.0,2265857408.0,11.609682475184304,1.5205722954301633e-05,0.5424,0,-0.028997997187499996,0.10796081,0.10523823,0.006607727712382006,0.09863050132394917,train,Low,Low
1893,North Carolina,Carteret,37031,50599.0,68537.0,25.939386833929305,3.1785,0.0281,8.994,86.3077,1.1328,0.0,0.3324,0.0265,16.0,1314749437.0,23.34505449611159,5.212932447142778e-05,1.1874,1,-0.028997997187499996,0.9892865,0.9896466,0.013286992462606163,0.9763596211352638,test,High,High
1894,North Carolina,Bertie,37015,31129.0,20324.0,11.541549578482538,2.8047,0.0,9.4417,87.0578,0.3586,0.0,0.3319,0.0054,4.0,1810858584.0,19.6811651249754,1.1223405394311012e-05,0.364,0,-0.028997997187499996,0.0983405,0.09558426,0.011201665548239011,0.08438259288891767,train,Low,Low
1895,North Carolina,Martin,37117,34957.0,23510.0,15.782580222658806,2.4565,0.0139,9.27,87.5041,0.4728,0.0,0.2735,0.0093,0.0,1182135018.0,0.0,1.988774517463791e-05,0.496,0,-0.028997997187499996,0.23287193,0.23058626,0.0,0.23058626055717468,train,Low,Low
1896,North Carolina,Perquimans,37143,45208.0,13470.0,17.40518962075848,3.2212,0.0,8.9645,86.3529,1.1078,0.0,0.3378,0.0157,2.0,640099676.0,14.847809948032666,2.1043597591197655e-05,1.1235,1,-0.028997997187499996,0.77928424,0.77890986,0.008450729421024856,0.7704591326204485,train,High,High
1897,North Carolina,Rockingham,37157,40003.0,91898.0,13.83063283399572,3.0447,0.0089,5.9842,89.8997,0.6105,0.0,0.4321,0.0199,6.0,1464974378.0,6.52897777971229,6.273010735208914e-05,0.6393000000000001,1,-0.028997997187499996,0.6662058,0.6654359,0.0037160109676338377,0.6617198992572807,test,High,High
1898,North Carolina,Camden,37029,60714.0,10228.0,20.358514724711906,5.1446,0.0197,8.253,85.2843,0.8951,0.0,0.3738,0.0295,0.0,622448679.0,0.0,1.643187678770863e-05,0.9443,1,-0.028997997187499996,0.56953245,0.56842434,0.0,0.5684243440628052,train,High,High
1899,North Carolina,Gaston,37071,44288.0,211753.0,19.83300413000539,2.5498,0.0145,6.8753,89.3811,0.8234,0.0,0.3263,0.0296,42.0,921966686.0,19.83442973653266,0.00022967532690221305,0.8674999999999999,1,-0.028997997187499996,0.98152095,0.98185396,0.011288897117515696,0.9705650648270644,test,High,High
1900,North Carolina,Moore,37125,51873.0,93070.0,34.17629088741524,3.1553,0.0293,7.2631,87.4459,1.7437,0.0,0.3207,0.0419,23.0,1806961889.0,24.712581927581393,5.150634364043303e-05,1.8149000000000002,1,-0.028997997187499996,0.9971615,0.99754924,0.014065329762155963,0.9834839060586144,train,High,High
1901,North Carolina,Stanly,37167,44140.0,60610.0,16.104653943655233,4.1705,0.0067,6.8178,87.9144,0.5829,0.0,0.4793,0.0284,4.0,1023370455.0,6.599571027883188,5.922586459660886e-05,0.618,1,-0.028997997187499996,0.8514022,0.8512801,0.0037561895826168893,0.8475239036104373,train,High,High
1902,North Carolina,Yancey,37199,36993.0,17599.0,20.143385753931543,4.4209,0.01,6.1612,88.1426,0.8052,0.0,0.4501,0.01,1.0,809602987.0,5.682141030740382,2.173781505576387e-05,0.8252,1,-0.028997997187499996,0.7105986,0.70998394,0.0032340282203876585,0.7067499166724956,train,High,High
1903,North Carolina,Chatham,37037,58555.0,68778.0,38.80688442310352,3.8246,0.0863,5.6887,87.5154,2.4269,0.0,0.3536,0.1046,17.0,1765012096.0,24.7172060833406,3.8967438328535965e-05,2.6178,1,-0.028997997187499996,0.99778557,0.99817544,0.014067961631048311,0.9841074805877322,test,High,High
1904,North Carolina,Johnston,37101,51980.0,182155.0,21.20778285695149,2.7475,0.0218,8.7203,87.2526,0.9447,0.0,0.2826,0.0304,11.0,2049314207.0,6.038813098734594,8.888583282046217e-05,0.9969,1,-0.028997997187499996,0.9590606,0.95931506,0.0034370304913761713,0.9558780310778376,train,High,High
1905,North Carolina,Person,37145,43297.0,39196.0,14.902501906387306,3.1181,0.0049,7.2406,88.4634,0.7087,0.0,0.4496,0.0147,1.0,1016141549.0,2.5512807429329527,3.857336612066829e-05,0.7283000000000001,1,-0.028997997187499996,0.7533122,0.7528469,0.0014520783409175022,0.7513948183074894,train,High,High
1906,North Carolina,Ashe,37009,37360.0,26992.0,19.52943502545598,5.0932,0.0104,6.671,87.1804,0.6228,0.0,0.4014,0.0208,2.0,1100902277.0,7.409602845287492,2.4518070826008474e-05,0.654,1,-0.028997997187499996,0.74309576,0.7425948,0.004217224559173266,0.738377553978577,train,High,High
1907,North Carolina,Lenoir,37107,36956.0,58343.0,13.682092555331993,2.4124,0.0168,8.6763,87.9644,0.5689,0.0,0.3556,0.0056,8.0,1033630023.0,13.71201343777317,5.6444761376672975e-05,0.5913,1,-0.028997997187499996,0.64372593,0.64287734,0.007804283310848247,0.6350730570059242,train,High,High
1908,North Carolina,Onslow,37133,46786.0,185755.0,19.51558964295012,2.9254,0.0116,9.107,86.6151,1.0297,0.0,0.2933,0.0181,15.0,1973721561.0,8.07515275497295,9.411408562912284e-05,1.0594000000000001,1,-0.028997997187499996,0.94688654,0.9470984,0.00459602670054123,0.942502347666219,train,High,High
1909,North Carolina,Rutherford,37161,36144.0,66701.0,16.728208807207814,3.4377,0.0114,6.0169,89.2509,0.8129,0.0,0.4424,0.0278,7.0,1464352460.0,10.494595283429033,4.554982616685057e-05,0.8521,1,-0.028997997187499996,0.8044875,0.8042013,0.0059730684480625,0.7982282364645047,train,High,High
1910,North Carolina,Yadkin,37197,38623.0,37819.0,12.135757209267169,4.6342,0.0048,5.452,88.92,0.5187,0.0,0.4632,0.0072,5.0,867487240.0,13.220867817763558,4.3596030300111386e-05,0.5307000000000001,0,-0.028997997187499996,0.49894407,0.4975891,0.007524744526640367,0.49006436680148463,train,Low,Low
1911,North Carolina,Burke,37023,39759.0,89082.0,16.866859738245584,3.2002,0.009,5.5315,90.0427,0.7801,0.0,0.4184,0.018,7.0,1311170301.0,7.857928650007858,6.794083112777888e-05,0.8071,1,-0.028997997187499996,0.784207,0.7838498,0.004472392161763508,0.7793773836294047,test,High,High
1912,North Carolina,Greene,37079,37190.0,21241.0,9.229734275142953,2.8341,0.0,8.2909,87.8047,0.6672,0.0,0.3898,0.0132,1.0,690851082.0,4.70787627701144,3.074613408508782e-05,0.6804,1,-0.028997997187499996,0.16196652,0.15943283,0.0026795189798315714,0.15675330944652952,test,High,Low
1913,North Carolina,Mitchell,37121,39658.0,15263.0,17.464114832535884,3.8593,0.0062,6.6604,88.2228,0.7096,0.0,0.5167,0.0249,1.0,573038008.0,6.551791915088777,2.6635231497593788e-05,0.7407,1,-0.028997997187499996,0.7578822,0.75743294,0.0037289957839613712,0.753703941838109,train,High,High
1914,North Carolina,Chowan,37041,41156.0,14556.0,20.122873345935727,2.924,0.0222,10.245,85.7132,0.7847,0.0,0.2961,0.0148,1.0,447179927.0,6.870019236053861,3.255065605840577e-05,0.8217,1,-0.028997997187499996,0.7280481,0.7274945,0.003910116972423908,0.7235843612532841,train,High,High
1915,North Carolina,Alleghany,37005,38352.0,10868.0,18.611318873098977,6.5296,0.0086,5.8183,86.3753,0.6255,0.0,0.6427,0.0,1.0,607101004.0,9.201324990798675,1.790146932453434e-05,0.6341,1,-0.028997997187499996,0.6090331,0.60806316,0.0052369950911485465,0.6028261662819899,train,High,High
1916,North Carolina,Caldwell,37027,37118.0,81623.0,13.79280615236059,3.6064,0.0142,5.2332,90.0188,0.6912,0.0,0.417,0.0193,10.0,1222192510.0,12.251448733812772,6.678407806639234e-05,0.7247,1,-0.028997997187499996,0.7243483,0.72378176,0.006972993231148378,0.7168087712761453,train,High,High
1917,North Carolina,Catawba,37035,45450.0,155461.0,21.611182465054796,3.0153,0.0264,6.3273,89.2534,0.9479,0.0,0.4011,0.0285,18.0,1039548607.0,11.578466625069954,0.0001495466387556806,1.0028,1,-0.028997997187499996,0.97839546,0.9787175,0.0065899610044374045,0.9721275449274168,train,High,High
1918,North Carolina,Cleveland,37045,39134.0,97113.0,16.303099885189436,3.1702,0.0066,6.5466,89.2602,0.6349,0.0,0.3671,0.0143,11.0,1202005999.0,11.327010801849392,8.079244203505843e-05,0.6558,1,-0.028997997187499996,0.8046823,0.80439675,0.0064468432563778945,0.7979499052864077,train,High,High
1919,North Carolina,Craven,37049,47957.0,104190.0,22.463284873812594,2.4557,0.0127,8.3771,87.7773,1.1027,0.0,0.2571,0.0174,24.0,1830335129.0,23.034840195796143,5.692400170285974e-05,1.1328,1,-0.028997997187499996,0.98126906,0.9816012,0.013110431937944695,0.968490746708143,train,High,High
1920,North Carolina,Edgecombe,37065,32298.0,54669.0,10.388873886038347,1.7489,0.0,7.9279,89.5849,0.4094,0.0,0.3242,0.0047,3.0,1309062990.0,5.487570652472151,4.176193232687756e-05,0.41409999999999997,0,-0.028997997187499996,0.13040714,0.12776306,0.0031232872002745107,0.12463977551525589,train,Low,Low
1921,North Carolina,Granville,37077,50317.0,58341.0,19.420926616147906,2.7301,0.0079,7.0403,89.0618,0.7891,0.0,0.3509,0.0198,3.0,1377849157.0,5.142181313313108,4.234208055620997e-05,0.8168000000000001,1,-0.028997997187499996,0.93181056,0.93196964,0.002926706569167605,0.9290429360699926,test,High,High
1922,North Carolina,Harnett,37085,47930.0,126620.0,19.26306086349934,2.6815,0.019,8.3085,87.8028,0.8682,0.0,0.2916,0.0285,7.0,1541077415.0,5.52835255093982,8.216329612487377e-05,0.9157,1,-0.028997997187499996,0.93074644,0.9309018,0.0031464984880288805,0.9277553269399802,test,High,High
1923,North Carolina,Hoke,37093,42704.0,51853.0,17.750752410785577,2.3161,0.0129,8.8044,87.589,0.9588,0.0,0.2879,0.0308,3.0,1010379488.0,5.785586176306096,5.132032134049024e-05,1.0025,1,-0.028997997187499996,0.8530514,0.852935,0.0032929047104662645,0.8496421114447766,train,High,High
1924,North Carolina,Henderson,37089,48138.0,110905.0,29.722361455799113,3.461,0.0278,5.7674,88.6413,1.6755,0.0,0.3504,0.0766,29.0,966233193.0,26.14850547766106,0.00011478078046114071,1.7799,1,-0.028997997187499996,0.99734724,0.99773556,0.014882595165839861,0.9828529647744982,train,High,High
1925,North Carolina,Hyde,37095,37741.0,5629.0,8.749078397640698,5.068,0.0309,11.8665,82.1693,0.2781,0.0,0.5871,0.0,0.0,1585933592.0,0.0,3.549328943150351e-06,0.309,0,-0.028997997187499996,0.11584033,0.11314531,0.0,0.11314530670642853,train,Low,Low
1926,North Carolina,Iredell,37097,53937.0,167493.0,25.68418641932898,3.6114,0.017,7.2978,87.5163,1.0742,0.0,0.4454,0.0378,46.0,1487157305.0,27.463834309493528,0.00011262628333725598,1.129,1,-0.028997997187499996,0.9935754,0.99395055,0.015631223286511738,0.9783193225012995,test,High,High
1927,North Carolina,Mecklenburg,37119,59268.0,1011774.0,43.09790098075663,1.6104,0.0603,6.711,89.6664,1.5988,0.0,0.2871,0.0659,329.0,1356116196.0,32.517143156475655,0.0007460820857271142,1.725,1,-0.028997997187499996,0.99846077,0.998853,0.01850734750255313,0.980345680318034,train,High,High
1928,North Carolina,Northampton,37131,31543.0,20628.0,11.277597294967844,2.4045,0.0,8.1977,88.5041,0.4894,0.0,0.399,0.0053,2.0,1390017259.0,9.695559433779328,1.4840103506945016e-05,0.49470000000000003,0,-0.028997997187499996,0.057267185,0.054367278,0.0055182918994185,0.04884898587181601,train,Low,Low
1929,North Carolina,Pitt,37147,42308.0,175150.0,29.458649370175117,1.9666,0.0243,8.5337,88.104,1.1221,0.0,0.2282,0.0212,30.0,1689619168.0,17.128175849272054,0.00010366241299648892,1.1676000000000002,1,-0.028997997187499996,0.9948089,0.99518836,0.009748614784573636,0.9854397406612881,train,High,High
1930,North Carolina,Rowan,37159,44494.0,138694.0,17.62472313047147,3.5293,0.0169,6.2338,88.9151,0.8526,0.0,0.423,0.0294,15.0,1324722117.0,10.8151758547594,0.00010469667428372829,0.8989,1,-0.028997997187499996,0.95552844,0.9557705,0.006155529004564265,0.9496149635491467,train,High,High
1931,North Carolina,Vance,37181,32733.0,44508.0,11.461105683387798,1.8022,0.0097,6.7284,90.6302,0.5021,0.0,0.3177,0.0097,8.0,653705786.0,17.974296755639436,6.808567547235998e-05,0.5215000000000001,0,-0.028997997187499996,0.3127929,0.31078678,0.010230190105257915,0.300556593589963,train,Low,Low
1932,North Carolina,Cherokee,37039,35284.0,27226.0,19.235792019347038,4.211,0.0,7.4767,87.0853,0.7562,0.0,0.4152,0.0556,4.0,1179401585.0,14.691838683611255,2.308458827448498e-05,0.8118,1,-0.028997997187499996,0.7508206,0.7503466,0.008361957342334888,0.741984643667034,train,High,High
1933,North Carolina,Currituck,37053,61086.0,24864.0,21.86398271352212,5.3284,0.0077,8.048,85.3269,0.9754,0.0,0.2984,0.0153,3.0,678415822.0,12.065637065637066,3.66500886236701e-05,0.9984000000000001,1,-0.028997997187499996,0.95696396,0.957211,0.006867237288924036,0.9503437803197186,train,High,High
1934,North Carolina,Union,37179,67194.0,217614.0,33.62927327064655,3.1576,0.034,7.5197,87.7201,1.2161,0.0,0.2966,0.056,19.0,1636095292.0,8.731055906329557,0.00013300814510258977,1.3061,1,-0.028997997187499996,0.99633884,0.99672365,0.004969338325482027,0.9917543135605043,train,High,High
1935,North Carolina,Wilkes,37193,34846.0,68888.0,13.761073715653579,4.1197,0.0121,5.342,89.2354,0.7486,0.0,0.5284,0.0137,7.0,1954249751.0,10.161421437695969,3.525035628877509e-05,0.7744000000000001,1,-0.028997997187499996,0.57639766,0.57531357,0.0057834403459850305,0.5695301277692494,train,High,High
1936,North Carolina,Nash,37127,43804.0,94385.0,19.573616347809896,2.2577,0.0123,8.0939,88.6959,0.6649,0.0,0.2675,0.0078,11.0,1399739714.0,11.654394236372305,6.74303937053257e-05,0.685,1,-0.028997997187499996,0.93231213,0.932473,0.006633175707544911,0.9258398281567434,train,High,High
1937,North Carolina,Alexander,37003,40404.0,37211.0,13.32217445885799,4.3216,0.0,5.2316,89.3299,0.6287,0.0,0.4749,0.0133,0.0,673358173.0,0.0,5.526182274466876e-05,0.642,1,-0.028997997187499996,0.64367694,0.6428282,0.0,0.6428282260894775,train,High,High
1938,North Carolina,Dare,37055,54787.0,35187.0,29.043919698484732,3.9907,0.0241,9.499,84.8054,1.3383,0.0,0.3105,0.0321,24.0,992521573.0,68.20700827009975,3.5452126137312684e-05,1.3945,1,-0.028997997187499996,0.9905139,0.99087834,0.03882047073107846,0.9520578728510749,train,High,High
1939,North Carolina,Warren,37185,33913.0,20324.0,14.636004710119831,2.3207,0.0107,6.8713,89.8562,0.5561,0.0,0.3797,0.0053,1.0,1111325893.0,4.92029128124385,1.828806484939877e-05,0.5721,1,-0.028997997187499996,0.229895,0.22759892,0.0028004163870597528,0.22479850407745594,test,High,Low
1940,North Carolina,Wilson,37195,40260.0,81617.0,18.56402799236572,2.0218,0.013,8.5512,88.4827,0.6479,0.0,0.2661,0.0174,17.0,952010946.0,20.828993959591752,8.573115712894334e-05,0.6783,1,-0.028997997187499996,0.9623874,0.96265346,0.011854959935555595,0.9507984981828831,test,High,High
1941,North Carolina,Gates,37073,51582.0,11615.0,14.469375379017588,3.793,0.0086,8.2897,87.0334,0.4634,0.0,0.3947,0.0172,1.0,882181715.0,8.609556607834696,1.316622165536496e-05,0.48919999999999997,0,-0.028997997187499996,0.32946828,0.3275205,0.004900186194627843,0.32262030349806015,train,Low,Low
1942,North Carolina,Graham,37075,34778.0,8651.0,13.990672884743505,4.9359,0.0,9.0385,85.2564,0.3718,0.0,0.3974,0.0,3.0,756200800.0,34.67807189920241,1.144008311020036e-05,0.3718,0,-0.028997997187499996,0.31187353,0.3098642,0.019737254415883393,0.2901269387851817,train,Low,Low
1943,North Carolina,Madison,37115,40408.0,21130.0,24.707220772267952,4.8481,0.0088,5.1915,88.5777,0.9555,0.0,0.3963,0.022,4.0,1164497710.0,18.93043066729768,1.8145162346433466e-05,0.9863000000000001,1,-0.028997997187499996,0.94871956,0.94893783,0.01077438005690533,0.9381634532522682,train,High,High
1944,North Carolina,Pamlico,37137,43808.0,12892.0,19.212774613506916,3.5316,0.0268,8.8647,86.1589,1.0345,0.0,0.3835,0.0,2.0,871556645.0,15.513496742165684,1.4791924396377013e-05,1.0613,1,-0.028997997187499996,0.593102,0.59207636,0.008829609471083215,0.5832467517082686,test,High,High
1945,North Carolina,Polk,37149,47396.0,20324.0,31.791198864369598,5.5218,0.0204,5.5575,86.8826,1.5886,0.0,0.3933,0.0358,4.0,615841358.0,19.6811651249754,3.3002005688614375e-05,1.6448,1,-0.028997997187499996,0.99559695,0.9959792,0.011201665548239011,0.9847775243245027,train,High,High
1946,North Carolina,Randolph,37151,43010.0,142588.0,15.118533487890195,3.6091,0.0112,6.2182,88.9323,0.7433,0.0,0.4627,0.0231,18.0,2026174234.0,12.623783207563047,7.037302005292404e-05,0.7776,1,-0.028997997187499996,0.89485073,0.89488053,0.007184909864159979,0.8876956233542238,train,High,High
1947,North Carolina,Stokes,37169,42489.0,46453.0,14.316735082396335,4.2695,0.0064,5.7118,88.9678,0.5808,0.0,0.4425,0.0213,1.0,1162923861.0,2.1527134953609024,3.994500547959777e-05,0.6084999999999999,1,-0.028997997187499996,0.7185923,0.7180056,0.0012252311508536026,0.7167803664405465,train,High,High
1948,North Carolina,Washington,37187,33286.0,12503.0,9.674806156694828,2.3558,0.0,9.5127,87.3791,0.421,0.0,0.3135,0.0179,1.0,897456200.0,7.998080460689434,1.3931599113137777e-05,0.43889999999999996,0,-0.028997997187499996,0.14916688,0.14658843,0.004552160493529745,0.1420362693150869,train,Low,Low
1949,North Carolina,Clay,37043,36296.0,10730.0,20.991325898389096,4.8505,0.0,7.5463,85.7997,1.2909,0.0,0.4936,0.019,0.0,556804507.0,0.0,1.9270677347444674e-05,1.3098999999999998,1,-0.028997997187499996,0.38962373,0.38788635,0.0,0.3878863453865051,test,High,Low
1950,North Carolina,Cumberland,37051,44810.0,325841.0,24.113323626316287,1.7012,0.0202,8.4446,88.5286,1.0135,0.0,0.2545,0.0375,30.0,1690007529.0,9.206944491331662,0.0001928044664941845,1.0712000000000002,1,-0.028997997187499996,0.98294824,0.9832862,0.00524019346711455,0.9780460084867734,train,High,High
1951,North Carolina,Guilford,37081,46896.0,511815.0,34.45951522010799,2.0533,0.0369,6.2471,89.881,1.4649,0.0,0.2803,0.0364,87.0,1672533675.0,16.99832947451716,0.00030601177581671113,1.5382,1,-0.028997997187499996,0.99718994,0.9975777,0.009674711859954103,0.9879030149810188,train,High,High
1952,North Carolina,Jackson,37099,40278.0,41227.0,29.36682882335056,4.7474,0.0182,7.2042,86.4145,1.1952,0.0,0.3812,0.0393,9.0,1271376787.0,21.830353894292575,3.242705106900776e-05,1.2527,1,-0.028997997187499996,0.98611623,0.9864653,0.012424890577908207,0.97404038470972,train,High,High
1953,North Carolina,Pasquotank,37139,45750.0,39909.0,18.877264034199573,2.9027,0.0058,8.1656,87.8231,0.8139,0.0,0.2742,0.0146,6.0,587616450.0,15.034202811395925,6.791675079892675e-05,0.8342999999999999,1,-0.028997997187499996,0.94235736,0.94255334,0.008556816154341488,0.9339965252343609,train,High,High
1954,North Carolina,Robeson,37155,31298.0,134576.0,12.629156490700733,1.826,0.0048,7.6635,89.6104,0.4876,0.0,0.3989,0.0087,9.0,2455335994.0,6.687670907145405,5.480960663992938e-05,0.5011,0,-0.028997997187499996,0.18311267,0.18065295,0.0038063322126933603,0.17684661402105603,test,Low,Low
1955,North Carolina,Swain,37173,33598.0,14234.0,15.33490614421992,5.0387,0.006,7.8737,85.7951,0.8993,0.0,0.3693,0.0179,8.0,1367500179.0,56.20345651257552,1.0408773774646796e-05,0.9232,1,-0.028997997187499996,0.4652726,0.46379983,0.03198856970667551,0.4318112645447283,train,High,Low
1956,North Carolina,Wake,37183,70620.0,998576.0,50.07085649502633,1.8642,0.1145,7.4764,88.0843,2.1158,0.0,0.2444,0.1003,399.0,2162149712.0,39.956898623640065,0.0004618440593904628,2.3306,1,-0.028997997187499996,0.9986002,0.99899286,0.022741733626274175,0.976251126690956,train,High,High
1957,North Carolina,Anson,37007,34656.0,25883.0,9.526952695269527,2.7795,0.0047,7.6261,88.7937,0.3538,0.0,0.4376,0.0047,2.0,1376481074.0,7.72707955028397,1.8803745644526022e-05,0.36319999999999997,0,-0.028997997187499996,0.1278225,0.1251694,0.00439791852958331,0.12077147787086835,train,Low,Low
1958,North Carolina,Mcdowell,37111,37590.0,45013.0,14.644560102222085,3.5441,0.0091,6.0564,89.272,0.6993,0.0,0.4077,0.0114,7.0,1139475862.0,15.551063026236864,3.950325013554346e-05,0.7198,1,-0.028997997187499996,0.67393136,0.67318845,0.008850990570595536,0.6643374573816749,test,High,High
1959,North Carolina,Franklin,37069,44272.0,62989.0,20.40556199304751,3.0221,0.014,7.3966,88.2536,0.9489,0.0,0.335,0.0298,4.0,1273631714.0,6.350315134388544,4.9456211954847725e-05,0.9927,1,-0.028997997187499996,0.93339026,0.9335549,0.0036143239391387325,0.9299405638324677,train,High,High
1960,North Carolina,Jones,37103,34080.0,10074.0,14.034616932778746,3.4167,0.0,8.7045,86.9636,0.5695,0.0,0.3457,0.0,0.0,1220844268.0,0.0,8.251666706436958e-06,0.5695,1,-0.028997997187499996,0.22119607,0.21886957,0.0,0.21886956691741943,train,High,Low
1961,North Carolina,Macon,37113,39593.0,33991.0,22.81463356880698,4.7415,0.0291,7.5225,86.3804,0.861,0.0,0.4363,0.0291,13.0,1335358123.0,38.24541790473949,2.5454594849534607e-05,0.9192,1,-0.028997997187499996,0.9699036,0.97019595,0.02176763303397462,0.9484283160436315,train,High,High
1962,North Carolina,Brunswick,37019,49356.0,119167.0,26.991684330670147,2.2938,0.0332,8.3262,87.2216,1.4797,0.0,0.6211,0.0245,21.0,2200507464.0,17.622328329151525,5.415432664944599e-05,1.5373999999999999,1,-0.028997997187499996,0.98621225,0.98656166,0.010029864943001421,0.9765317910552286,test,High,High
1963,North Carolina,Transylvania,37175,43918.0,33062.0,29.654978058698017,4.3612,0.0495,5.43,88.0183,1.7616,0.0,0.3497,0.0297,5.0,980254343.0,15.123102050692639,3.3727981147031754e-05,1.8408000000000002,1,-0.028997997187499996,0.9886613,0.9890193,0.008607413745478557,0.9804118609661303,train,High,High
1964,North Carolina,Beaufort,37013,40906.0,47513.0,18.56412982487227,3.3028,0.0361,9.0699,86.1904,0.9446,0.0,0.4394,0.017,3.0,2154915918.0,6.314061414770694,2.20486560998154e-05,0.9977,1,-0.028997997187499996,0.87507045,0.8750311,0.0035936898943827417,0.8714374237301901,train,High,High
1965,North Carolina,Columbus,37047,35847.0,57015.0,11.978636826042727,2.492,0.0036,9.1743,87.5132,0.4676,0.0,0.344,0.0054,8.0,2428135154.0,14.03139524686486,2.3480982887660132e-05,0.4766,0,-0.028997997187499996,0.33451703,0.3325869,0.007986061583878264,0.3246008527170403,train,Low,Low
1966,North Carolina,Lincoln,37109,49283.0,79783.0,19.711289371661337,4.0576,0.0211,7.1947,87.4926,0.7843,0.0,0.4039,0.0458,2.0,766277674.0,2.506799694170437,0.00010411760998272279,0.8512,1,-0.028997997187499996,0.94339275,0.94359237,0.0014267616572603788,0.9421656078991666,train,High,High
1967,North Carolina,Montgomery,37123,34819.0,27475.0,14.511024643320363,3.2592,0.0039,7.1113,88.5173,0.6046,0.0,0.4844,0.0194,4.0,1273042690.0,14.558689717925386,2.1582151341680457e-05,0.6279,1,-0.028997997187499996,0.37728712,0.37550658,0.008286174726202352,0.3672204051497437,train,High,Low
1968,North Carolina,Orange,37135,61130.0,139807.0,57.69293694199037,2.5499,0.1593,4.9226,87.6765,4.2656,0.0,0.2587,0.1674,67.0,1029605065.0,47.923208423040336,0.00013578701654891334,4.5923,1,-0.028997997187499996,0.99869496,0.999088,0.027275811637402714,0.9718121776928891,test,High,High
1969,North Carolina,Richmond,37153,32526.0,45710.0,13.809058325187356,2.0125,0.0075,7.1796,89.9202,0.5012,0.0,0.3716,0.0075,6.0,1227593689.0,13.12623058411726,3.7235447208298576e-05,0.5161999999999999,0,-0.028997997187499996,0.31968066,0.31769863,0.007470881117996378,0.31022774659234603,test,Low,Low
1970,North Carolina,Sampson,37163,36742.0,63713.0,11.923800564440263,2.5528,0.0031,8.7596,87.8695,0.4364,0.0,0.3723,0.0063,4.0,2449357429.0,6.278153595027701,2.601212842423416e-05,0.4458,0,-0.028997997187499996,0.3101364,0.308121,0.003573252720832634,0.30454774303913135,train,Low,Low
1971,North Carolina,Surry,37171,37345.0,72767.0,15.281575168669722,5.0892,0.0102,6.9121,86.812,0.6553,0.0,0.5046,0.0166,20.0,1382444499.0,27.484986326219303,5.263647115861539e-05,0.6820999999999999,1,-0.028997997187499996,0.8965253,0.896561,0.015643262096995177,0.880917764476186,train,High,High
1972,North Carolina,Avery,37011,35891.0,17633.0,19.802055576703463,4.845,0.016,7.0594,86.815,0.6937,0.0,0.5549,0.016,2.0,640601895.0,11.342369420972041,2.7525675677247254e-05,0.7257,1,-0.028997997187499996,0.7554689,0.7550112,0.006455584716225532,0.7485556161886207,train,High,High
1973,North Carolina,Buncombe,37021,46902.0,250112.0,36.57438319804434,3.3887,0.0936,5.1166,88.6496,2.3389,0.0,0.3253,0.0873,96.0,1700039448.0,38.38280450358239,0.0001471212919760436,2.5198,1,-0.028997997187499996,0.9981206,0.9985116,0.021845827527099182,0.9766657848882145,train,High,High
1974,North Carolina,Cabarrus,37025,58970.0,192296.0,28.615744990661895,2.747,0.0245,6.7966,88.8363,1.1675,0.0,0.3947,0.0335,30.0,935603281.0,15.60094853767109,0.0002055315579852055,1.2255,1,-0.028997997187499996,0.99576294,0.9961457,0.008879383239994968,0.9872663420102492,train,High,High
1975,North Carolina,Caswell,37033,38310.0,23094.0,13.192471590909092,3.1181,0.0,5.8919,90.0622,0.5691,0.0,0.3539,0.0048,1.0,1101692694.0,4.330129037845327,2.096228841833456e-05,0.5739000000000001,1,-0.028997997187499996,0.45672044,0.45521775,0.002464521635515822,0.45275322724487055,train,High,Low
1976,North Carolina,Davie,37059,51662.0,41568.0,23.570384968230776,4.4186,0.0138,6.1805,88.0448,0.9478,0.0,0.3713,0.0231,3.0,682967799.0,7.2170900692840645,6.086377726865568e-05,0.9847,1,-0.028997997187499996,0.97302973,0.973333,0.004107654637023846,0.9692253464997559,train,High,High
1977,North Carolina,Davidson,37057,44469.0,164058.0,18.19329720629242,3.3833,0.0093,6.3987,89.0286,0.7244,0.0,0.4366,0.0192,15.0,1432696232.0,9.14310792524595,0.00011450996822332677,0.7529,1,-0.028997997187499996,0.95571995,0.95596266,0.005203860462513477,0.9507587974659533,train,High,High
1978,North Carolina,Duplin,37061,35364.0,59121.0,10.261543920117594,2.7193,0.0073,8.7507,87.7413,0.4374,0.0,0.3422,0.0018,8.0,2110160393.0,13.531570846230613,2.8017301526519552e-05,0.4465,0,-0.028997997187499996,0.2465815,0.24434379,0.007701583214167881,0.23664220421754903,train,Low,Low
1979,North Carolina,Durham,37063,54093.0,294618.0,46.928222163034135,1.4462,0.095,5.2642,90.2785,2.5917,0.0,0.2205,0.1038,137.0,741739587.0,46.50089268137045,0.0003971987004112806,2.7905,1,-0.028997997187499996,0.9983878,0.99877983,0.02646629120804747,0.9723135421087555,train,High,High
1980,North Carolina,Hertford,37091,34523.0,24285.0,14.952160218696143,2.3986,0.0,8.6827,88.1972,0.3754,0.0,0.3461,0.0,0.0,914685904.0,0.0,2.6550097573166494e-05,0.3754,0,-0.028997997187499996,0.34004667,0.3381359,0.0,0.33813589811325073,train,Low,Low
1981,North Carolina,Lee,37105,46402.0,59540.0,20.821203452902314,2.8065,0.0095,7.0789,88.6733,1.0714,0.0,0.3224,0.0379,9.0,660580380.0,15.115888478333893,9.01328616511438e-05,1.1188,1,-0.028997997187499996,0.97069967,0.97099483,0.008603308092969796,0.9623915220385609,train,High,High
1982,North Carolina,New Hanover,37129,51232.0,216430.0,37.925817904284244,2.21,0.0519,7.7556,87.957,1.6468,0.0,0.3378,0.0409,42.0,496985298.0,19.40581250288777,0.00043548571933812015,1.7396,1,-0.028997997187499996,0.9979875,0.9983781,0.011044946778752026,0.9873331512322648,train,High,High
1983,North Carolina,Pender,37141,46580.0,56358.0,23.105763141228625,3.358,0.0162,8.2253,87.0157,1.0345,0.0,0.3304,0.0199,6.0,2256645184.0,10.646225912913872,2.4974240700127715e-05,1.0706,1,-0.028997997187499996,0.971193,0.97148985,0.006059370025615076,0.9654304766807753,test,High,High
1984,North Carolina,Wayne,37191,40457.0,124447.0,18.664047151277014,2.2555,0.0099,8.678,88.0795,0.657,0.0,0.3142,0.0059,13.0,1434618746.0,10.446214050961453,8.67456948732775e-05,0.6728000000000001,1,-0.028997997187499996,0.9302372,0.9303908,0.005945531949005049,0.9244452432546998,train,High,High
1985,North Carolina,Scotland,37165,30013.0,35711.0,14.686733744821174,1.3105,0.0036,8.0181,89.7148,0.6065,0.0,0.3357,0.0108,4.0,825964638.0,11.201030494805522,4.323550713559725e-05,0.6209000000000001,1,-0.028997997187499996,0.24885455,0.24662478,0.006375140729814612,0.24024964195165055,train,High,Low
1986,North Carolina,Watauga,37189,39443.0,52745.0,38.9143652977343,4.2296,0.0333,6.6073,87.5215,1.2389,0.0,0.3283,0.041,33.0,809160508.0,62.565172054223154,6.518484216483783e-05,1.3132,1,-0.028997997187499996,0.99526066,0.9956417,0.03560938226315062,0.9600323261108729,test,High,High
1987,North Carolina,Halifax,37083,32549.0,52849.0,13.396452279899881,1.7408,0.0061,7.0782,90.3469,0.4564,0.0,0.3595,0.0121,14.0,1874459064.0,26.490567465798787,2.819426735691039e-05,0.47459999999999997,0,-0.028997997187499996,0.31599373,0.31399882,0.015077282013064273,0.2989215363844577,train,Low,Low
1988,North Carolina,Alamance,37001,43209.0,156372.0,22.07264245251583,2.6859,0.0197,6.254,89.62,1.0242,0.0,0.3643,0.0319,34.0,1096654283.0,21.743023047604428,0.00014259005998885064,1.0758,1,-0.028997997187499996,0.98569196,0.9860395,0.012375185647817267,0.9736643336621803,test,High,High
1989,North Carolina,Tyrrell,37177,32165.0,4128.0,8.242463117382938,3.9104,0.0,9.9104,85.194,0.6269,0.0,0.3284,0.0299,1.0,1012110887.0,24.224806201550386,4.078604482000795e-06,0.6568,1,-0.028997997187499996,0.22528361,0.2229714,0.013787708975436628,0.20918368568265205,train,High,Low
1990,North Dakota,Traill,38097,55764.0,8075.0,27.16953496887587,6.0284,0.0554,14.0182,78.9229,0.3214,0.0,0.6427,0.0111,2.0,2232438250.0,24.76780185758514,3.6171213246323833e-06,0.3879,0,-0.019354196333333334,0.31507713,0.313079,0.014096758551232795,0.2989822409681154,train,Low,Low
1991,North Dakota,Dickey,38021,55882.0,5160.0,27.952421410365336,8.4734,0.0168,13.7189,77.0175,0.2354,0.0,0.538,0.0,0.0,2930494895.0,0.0,1.760794741121704e-06,0.2522,0,-0.019354196333333334,0.075596556,0.07276076,0.0,0.07276076078414917,test,Low,Low
1992,North Dakota,Ward,38101,63037.0,68954.0,26.37759924385633,6.2137,0.006,13.2424,79.7395,0.3517,0.0,0.4377,0.0091,5.0,5214106034.0,7.251210952229021,1.3224510501007582e-05,0.3668,0,-0.019354196333333334,0.7793002,0.77892584,0.004127074763654204,0.774798761322619,train,Low,High
1993,North Dakota,Pembina,38067,56813.0,7136.0,20.23511273848526,6.2284,0.0111,14.4624,78.5292,0.2451,0.0,0.5125,0.0111,0.0,2897404229.0,0.0,2.4628941756128016e-06,0.26730000000000004,0,-0.019354196333333334,0.04805216,0.045120016,0.0,0.04512001574039459,train,Low,Low
1994,North Dakota,Hettinger,38041,55230.0,2639.0,13.787801127626858,11.6279,0.0264,11.6015,75.7928,0.2907,0.0,0.6607,0.0,0.0,2932411625.0,0.0,8.999418695184036e-07,0.3171,0,-0.019354196333333334,0.036798313,0.03382681,0.0,0.033826809376478195,train,Low,Low
1995,North Dakota,Cass,38017,54926.0,166852.0,37.36427835101207,3.1394,0.0239,11.9155,83.7912,0.7675,0.0,0.336,0.0265,29.0,4571152345.0,17.380672691966534,3.6501080560683e-05,0.8179,1,-0.019354196333333334,0.99516535,0.99554604,0.00989232503576505,0.9856537178833938,train,High,High
1996,North Dakota,Emmons,38029,45472.0,3426.0,15.28507885159725,9.5718,0.0448,11.2979,78.1439,0.2017,0.0,0.7173,0.0224,0.0,3912007902.0,0.0,8.757651021738657e-07,0.2689,0,-0.019354196333333334,0.06356654,0.06068867,0.0,0.060688670724630356,train,Low,Low
1997,North Dakota,Richland,38077,58125.0,16329.0,21.864859706050773,5.7935,0.0277,14.1047,79.2497,0.3652,0.0,0.4371,0.0221,2.0,3718649862.0,12.24814746769551,4.391109839854022e-06,0.41500000000000004,0,-0.019354196333333334,0.19182062,0.18939136,0.006971114293661878,0.18242024539318963,train,Low,Low
1998,North Dakota,Adams,38001,53295.0,2348.0,27.526753864447084,11.4602,0.0,11.8492,75.9425,0.2394,0.0,0.5087,0.0,0.0,2557960607.0,0.0,9.179187488558537e-07,0.2394,0,-0.019354196333333334,0.101675324,0.098930754,0.0,0.09893075376749039,train,Low,Low
1999,North Dakota,Eddy,38027,55489.0,2370.0,22.150029533372713,9.6545,0.0,13.0081,76.3211,0.3049,0.0,0.7114,0.0,0.0,1632134283.0,0.0,1.4520864028686052e-06,0.3049,0,-0.019354196333333334,0.06572216,0.06285183,0.0,0.06285183131694794,train,Low,Low
2000,North Dakota,Mercer,38057,73801.0,8671.0,20.661561023301285,8.7187,0.0163,11.7666,78.7384,0.1798,0.0,0.5802,0.0,0.0,2701239107.0,0.0,3.2100083171200735e-06,0.1961,0,-0.019354196333333334,0.04110623,0.038149793,0.0,0.038149792701005936,train,Low,Low
2001,North Dakota,Ransom,38073,57088.0,5457.0,17.21183800623053,8.3873,0.0281,11.4973,79.1725,0.2252,0.0,0.6896,0.0,0.0,2233494177.0,0.0,2.4432568735548575e-06,0.2533,0,-0.019354196333333334,0.035872433,0.03289769,0.0,0.03289768844842911,train,Low,Low
2002,North Dakota,Sioux,38085,39539.0,4431.0,16.60884648742411,6.3997,0.0,11.8699,81.3371,0.1788,0.0,0.2145,0.0,2.0,2833690971.0,45.13653802753329,1.5636849767130093e-06,0.1788,0,-0.019354196333333334,0.13876007,0.13614522,0.02568975971591172,0.11045545949089827,train,Low,Low
2003,North Dakota,Golden Valley,38033,37014.0,1895.0,22.31204527081649,11.8053,0.0,12.4946,74.623,0.1293,0.0,0.9479,0.0,0.0,2593894351.0,0.0,7.305617513949395e-07,0.1293,0,-0.019354196333333334,0.09484959,0.09208114,0.0,0.09208113700151443,train,Low,Low
2004,North Dakota,Towner,38095,53929.0,2292.0,18.588957055214724,9.2939,0.0,14.8768,74.6798,0.1642,0.0,0.9852,0.0,0.0,2653616948.0,0.0,8.637267717661562e-07,0.1642,0,-0.019354196333333334,0.048932344,0.046003282,0.0,0.04600328207015991,train,Low,Low
2005,North Dakota,Divide,38023,62470.0,2369.0,23.076923076923077,13.8931,0.0,13.289,70.3111,0.0906,0.0,2.4162,0.0,0.0,3265315050.0,0.0,7.255042664259916e-07,0.0906,0,-0.019354196333333334,0.105889246,0.10315941,0.0,0.10315941274166107,train,Low,Low
2006,North Dakota,Sargent,38081,57472.0,3889.0,18.9568345323741,8.8149,0.0,13.1048,77.4535,0.1763,0.0,0.4505,0.0,0.0,2223531675.0,0.0,1.7490193837692912e-06,0.1763,0,-0.019354196333333334,0.040780075,0.037822496,0.0,0.03782249614596367,test,Low,Low
2007,North Dakota,Stark,38089,76817.0,29837.0,24.69502819067145,10.517,0.0177,13.9941,74.4786,0.452,0.0,0.5347,0.0059,7.0,3457000580.0,23.4608037001039,8.630892390535844e-06,0.4756,0,-0.019354196333333334,0.5072738,0.50594795,0.013352871889071182,0.49259507561306504,train,Low,High
2008,North Dakota,Wells,38103,50685.0,4179.0,21.262352566146,9.7921,0.0,11.888,77.4266,0.2062,0.0,0.6872,0.0,0.0,3291081473.0,0.0,1.2697953649231946e-06,0.2062,0,-0.019354196333333334,0.036790404,0.03381887,0.0,0.03381887078285217,train,Low,Low
2009,North Dakota,Burke,38013,65521.0,2239.0,20.86899275839368,13.6728,0.0,15.7323,69.5366,0.286,0.0,0.7723,0.0,0.0,2858265922.0,0.0,7.833420896098134e-07,0.286,0,-0.019354196333333334,0.044632465,0.04168836,0.0,0.04168836027383804,train,Low,Low
2010,North Dakota,Mountrail,38061,68082.0,9675.0,23.643474010102654,13.7505,0.0,16.8187,68.5587,0.2261,0.0,0.6459,0.0,0.0,4727469717.0,0.0,2.046549333824109e-06,0.2261,0,-0.019354196333333334,0.07195863,0.06911012,0.0,0.06911011785268784,train,Low,Low
2011,North Dakota,Williams,38105,90080.0,31643.0,22.509027032302136,11.5459,0.0027,15.9916,71.6519,0.2445,0.0,0.555,0.0082,2.0,5381129895.0,6.320513225673926,5.880363532833842e-06,0.2554,0,-0.019354196333333334,0.27530572,0.27316847,0.00359736198531128,0.269571112450495,train,Low,Low
2012,North Dakota,Billings,38007,67969.0,936.0,24.890829694323145,19.4475,0.1105,12.2099,67.1823,0.1657,0.0,0.884,0.0,0.0,2975481418.0,0.0,3.145709444991735e-07,0.2762,0,-0.019354196333333334,0.06354066,0.060662698,0.0,0.06066269800066948,train,Low,Low
2013,North Dakota,Kidder,38043,58527.0,2419.0,19.696969696969695,11.37,0.0,10.4155,77.3723,0.2807,0.0,0.5615,0.0,0.0,3499507645.0,0.0,6.912400958621137e-07,0.2807,0,-0.019354196333333334,0.027469225,0.024465088,0.0,0.024465087801218033,train,Low,Low
2014,North Dakota,Cavalier,38019,65645.0,3867.0,18.67469879518072,8.3796,0.0191,15.3243,75.2631,0.1531,0.0,0.8609,0.0,0.0,3855846151.0,0.0,1.002892711110143e-06,0.17220000000000002,0,-0.019354196333333334,0.03338581,0.030402366,0.0,0.03040236607193947,train,Low,Low
2015,North Dakota,Grant,38037,45978.0,2369.0,18.06167400881057,12.9535,0.0,10.5348,75.9205,0.0806,0.0,0.5106,0.0,0.0,4297180186.0,0.0,5.51291753535978e-07,0.0806,0,-0.019354196333333334,0.039764978,0.03680385,0.0,0.036803849041461945,train,Low,Low
2016,North Dakota,Mchenry,38049,60741.0,5912.0,20.751036332601807,11.0913,0.0,11.32,76.7882,0.1906,0.0,0.5971,0.0127,0.0,4853564330.0,0.0,1.2180738933360342e-06,0.20329999999999998,0,-0.019354196333333334,0.02849416,0.02549361,0.0,0.02549361065030098,train,Low,Low
2017,North Dakota,Steele,38091,58603.0,1969.0,23.15644383184011,9.6972,0.1021,14.6308,74.7193,0.1021,0.0,0.7486,0.0,0.0,1844613576.0,0.0,1.0674322392605008e-06,0.2042,0,-0.019354196333333334,0.102254726,0.09951218,0.0,0.09951218217611313,train,Low,Low
2018,North Dakota,Benson,38005,41530.0,6802.0,14.996114996114995,8.5487,0.0,12.4077,77.7696,0.4062,0.0,0.8678,0.0,0.0,3596733571.0,0.0,1.8911603725234615e-06,0.4062,0,-0.019354196333333334,0.041148666,0.038192376,0.0,0.038192376494407654,train,Low,Low
2019,North Dakota,La Moure,38045,55900.0,4111.0,22.52710027100271,11.31,0.0516,11.3789,76.502,0.4304,0.0,0.3271,0.0,0.0,2967978462.0,0.0,1.3851178681498127e-06,0.482,0,-0.019354196333333334,0.058450993,0.055555224,0.0,0.05555522441864014,train,Low,Low
2020,North Dakota,Morton,38059,63549.0,29633.0,25.298814420517786,6.818,0.003,10.4632,81.8887,0.3278,0.0,0.4812,0.018,7.0,4988993798.0,23.622312961900583,5.939674651806412e-06,0.3488,0,-0.019354196333333334,0.4954056,0.49403825,0.01344479595566486,0.48059345806693343,train,Low,Low
2021,North Dakota,Dunn,38025,66964.0,4284.0,20.459925600270545,17.4279,0.0,13.6019,68.178,0.1517,0.0,0.6405,0.0,0.0,5201888622.0,0.0,8.235470444103638e-07,0.1517,0,-0.019354196333333334,0.03190715,0.028918535,0.0,0.028918534517288208,train,Low,Low
2022,North Dakota,Mcintosh,38051,43650.0,2737.0,18.276024493641074,9.2614,0.0289,11.0214,78.8229,0.1154,0.0,0.7501,0.0,0.0,2524546491.0,0.0,1.0841551184568777e-06,0.1443,0,-0.019354196333333334,0.055936255,0.05303169,0.0,0.053031690418720245,train,Low,Low
2023,North Dakota,Nelson,38063,51280.0,3032.0,19.420415224913494,9.7232,0.0241,13.1889,76.0048,0.3369,0.0,0.722,0.0,0.0,2542784454.0,0.0,1.192393635736771e-06,0.361,0,-0.019354196333333334,0.038799535,0.03583503,0.0,0.03583503141999245,test,Low,Low
2024,North Dakota,Rolette,38079,37313.0,14607.0,22.487864077669904,7.9673,0.0,12.998,78.2886,0.1805,0.0,0.5657,0.0,1.0,2338953788.0,6.84603272403642,6.245099871122379e-06,0.1805,0,-0.019354196333333334,0.20357347,0.20118532,0.0038964648901624152,0.19728885095723445,train,Low,Low
2025,North Dakota,Walsh,38099,51181.0,10995.0,16.718709341660162,4.7852,0.0078,15.0548,79.1579,0.2641,0.0,0.7302,0.0,0.0,3319505683.0,0.0,3.3122401495825364e-06,0.2719,0,-0.019354196333333334,0.06902537,0.06616659,0.0,0.06616658717393875,test,Low,Low
2026,North Dakota,Bottineau,38009,55958.0,6650.0,21.27659574468085,10.8048,0.0118,14.4692,74.0191,0.1414,0.0,0.542,0.0118,2.0,4321179405.0,30.075187969924812,1.5389317074651752e-06,0.165,0,-0.019354196333333334,0.1292518,0.12660368,0.017117492526496966,0.10948618534234611,train,Low,Low
2027,North Dakota,Barnes,38003,55778.0,11033.0,23.67738589211618,7.7094,0.008,11.9341,79.4574,0.4217,0.0,0.4535,0.0159,2.0,3863105136.0,18.127435874195594,2.855992682462681e-06,0.44560000000000005,0,-0.019354196333333334,0.40167406,0.39997885,0.010317350249361444,0.3896614960622078,test,Low,Low
2028,North Dakota,Grand Forks,38035,50652.0,69793.0,33.094470617406394,2.7355,0.0186,12.3434,83.7957,0.6898,0.0,0.4,0.0169,11.0,3720196458.0,15.760892926224694,1.8760568369962145e-05,0.7253,1,-0.019354196333333334,0.9730843,0.9733877,0.008970416648612704,0.9644173015520708,train,High,High
2029,North Dakota,Mckenzie,38053,78179.0,10718.0,24.57979953739399,16.4575,0.0083,15.8794,67.0685,0.1652,0.0,0.4046,0.0165,1.0,7149551270.0,9.33009889904833,1.4991150626436449e-06,0.19,0,-0.019354196333333334,0.29530248,0.29323518,0.005310287614349917,0.28792489514779607,test,Low,Low
2030,North Dakota,Mclean,38055,59976.0,9576.0,18.27309236947791,9.2847,0.0147,12.0723,77.6032,0.3024,0.0,0.7006,0.0221,2.0,5466428288.0,20.885547201336674,1.7517837050970566e-06,0.3392,0,-0.019354196333333334,0.13124453,0.12860338,0.011887147587845114,0.11671623631088993,train,Low,Low
2031,North Dakota,Pierce,38069,43086.0,4373.0,14.010728936573052,8.3576,0.0,13.3993,77.4481,0.2327,0.0,0.543,0.0194,1.0,2638162562.0,22.8675966155957,1.6575930774655577e-06,0.2521,0,-0.019354196333333334,0.081429616,0.07861423,0.013015244146033023,0.06559898332770278,test,Low,Low
2032,North Dakota,Renville,38075,65927.0,2573.0,17.18931475029036,12.9762,0.0,14.1071,71.8452,0.3869,0.0,0.6845,0.0,0.0,2271556744.0,0.0,1.1327033792117322e-06,0.3869,0,-0.019354196333333334,0.038262825,0.035296444,0.0,0.03529644384980202,test,Low,Low
2033,North Dakota,Bowman,38011,62955.0,3238.0,21.941309255079005,12.4937,0.0,13.199,73.2242,0.2015,0.0,0.8816,0.0,2.0,3009306345.0,61.766522544780734,1.0759954716408242e-06,0.2015,0,-0.019354196333333334,0.28940538,0.28731745,0.03515482560259568,0.2521626292123152,test,Low,Low
2034,North Dakota,Burleigh,38015,66057.0,90560.0,34.22653296071017,4.5765,0.0248,12.4657,82.0616,0.5247,0.0,0.3219,0.0248,11.0,4228524424.0,12.146643109540637,2.141645428036435e-05,0.5743000000000001,1,-0.019354196333333334,0.98625666,0.9866062,0.006913342415598791,0.9796928382522784,train,High,High
2035,North Dakota,Logan,38047,55068.0,1939.0,13.804945054945057,9.4193,0.0338,12.424,77.4477,0.2026,0.0,0.4727,0.0,0.0,2571370643.0,0.0,7.540725430923418e-07,0.2364,0,-0.019354196333333334,0.046433736,0.043495934,0.0,0.04349593445658684,train,Low,Low
2036,North Dakota,Oliver,38065,66196.0,1768.0,17.394695787831512,10.0788,0.0,11.1293,78.4307,0.0657,0.0,0.2955,0.0,0.0,1871296131.0,0.0,9.447996876128848e-07,0.0657,0,-0.019354196333333334,0.045462757,0.04252156,0.0,0.042521558701992035,train,Low,Low
2037,North Dakota,Stutsman,38093,53685.0,21108.0,24.533095303488054,6.2476,0.0086,11.7142,81.0459,0.5091,0.0,0.4358,0.0388,9.0,5754255233.0,42.63786242183058,3.6682418741087497e-06,0.5565,1,-0.019354196333333334,0.7521149,0.75164545,0.02426762193743707,0.7273778238862324,test,High,High
2038,North Dakota,Ramsey,38071,50776.0,11578.0,21.8797181680926,5.8133,0.0084,13.5391,79.6913,0.562,0.0,0.3607,0.0252,3.0,3074171581.0,25.911210917256863,3.7662178882786308e-06,0.5956,1,-0.019354196333333334,0.375149,0.373361,0.014747537394351978,0.35861345408361434,train,High,Low
2039,North Dakota,Foster,38031,55625.0,3345.0,21.631799163179917,10.5444,0.0229,13.1061,75.2973,0.3202,0.0,0.6633,0.0457,0.0,1645810433.0,0.0,2.0324333428259412e-06,0.3888,0,-0.019354196333333334,0.04123079,0.038274787,0.0,0.03827478736639023,train,Low,Low
2040,North Dakota,Griggs,38039,50250.0,2311.0,20.265588914549653,12.1915,0.0294,11.9565,75.0881,0.0881,0.0,0.6463,0.0,0.0,1835826859.0,0.0,1.2588333091819092e-06,0.1175,0,-0.019354196333333334,0.03935779,0.036395237,0.0,0.03639523684978485,test,Low,Low
2041,North Dakota,Sheridan,38083,48375.0,1395.0,15.441176470588236,10.808,0.0,9.0582,79.2074,0.3088,0.0,0.6176,0.0,0.0,2518459187.0,0.0,5.539101078948714e-07,0.3088,0,-0.019354196333333334,0.04538266,0.04244118,0.0,0.04244118183851242,train,Low,Low
2042,North Dakota,Slope,38087,58750.0,665.0,29.330708661417322,17.1296,0.0,11.8827,70.1389,0.0,0.0,0.8488,0.0,0.0,3146544254.0,0.0,2.1134296749668405e-07,0.0,0,-0.019354196333333334,0.09848408,0.095728345,0.0,0.09572834521532059,train,Low,Low
2043,Ohio,Champaign,39021,53673.0,39175.0,16.50441646307085,4.448,0.0051,7.8688,86.5362,0.6143,0.0,0.5098,0.0178,2.0,1109623490.0,5.105296745373325,3.530476810652233e-05,0.6372,1,-0.140182846960615,0.55227715,0.5511087,0.0029057134729088656,0.5482030044454871,train,High,High
2044,Ohio,Greene,39057,61116.0,164325.0,37.64783541448924,2.1135,0.0512,7.7976,88.253,1.3012,0.0,0.4252,0.0582,34.0,1071562447.0,20.690704396774684,0.00015335083873091346,1.4105999999999999,1,-0.140182846960615,0.99616313,0.99654734,0.011776251514501639,0.984771089832239,test,High,High
2045,Ohio,Lawrence,39087,44256.0,61503.0,14.142923867351707,2.8226,0.0085,7.5981,88.561,0.4733,0.0,0.5262,0.0103,1.0,1174224656.0,1.6259369461652275,5.2377540946474555e-05,0.4921,0,-0.140182846960615,0.44300953,0.44145888,0.0009254127871909078,0.4405334681141458,test,Low,Low
2046,Ohio,Morgan,39115,38941.0,14857.0,12.17241048286455,5.4324,0.0068,7.0197,86.5353,0.4242,0.0,0.5747,0.0068,0.0,1078543401.0,0.0,1.3775059943090784e-05,0.43779999999999997,0,-0.140182846960615,0.1061831,0.10345429,0.0,0.10345429182052612,train,Low,Low
2047,Ohio,Wyandot,39175,50723.0,22359.0,14.628608498216023,3.6785,0.0134,9.0804,85.9586,0.4943,0.0,0.7437,0.0312,2.0,1053773836.0,8.944943870477212,2.121802538282038e-05,0.5389,0,-0.140182846960615,0.32296515,0.32099462,0.005091074077606548,0.315903541477203,train,Low,Low
2048,Ohio,Erie,39043,48276.0,75808.0,21.593088424227755,1.9476,0.031,9.7367,86.9226,0.7739,0.0,0.5572,0.031,13.0,651628988.0,17.148585901224145,0.00011633613819525169,0.8359000000000001,1,-0.140182846960615,0.94562286,0.9458303,0.0097602313008895,0.9360700542482743,train,High,High
2049,Ohio,Logan,39091,51136.0,45388.0,15.555985427346295,3.799,0.0135,7.021,87.9743,0.6017,0.0,0.5703,0.0202,13.0,1187336848.0,28.641931788137832,3.822672569831674e-05,0.6354,1,-0.140182846960615,0.76693475,0.76651716,0.01630174527315218,0.7502154170498458,train,High,High
2050,Ohio,Summit,39153,51562.0,541372.0,30.713722103153025,1.2373,0.0405,8.0882,89.2205,0.9682,0.0,0.3858,0.0595,82.0,1069244605.0,15.146701343992671,0.0005063125850422224,1.0682,1,-0.140182846960615,0.9905161,0.99088055,0.00862084543964113,0.9822597035143689,train,High,High
2051,Ohio,Shelby,39149,56169.0,48949.0,17.089254202656264,3.4331,0.0132,9.2556,86.2633,0.545,0.0,0.481,0.0088,4.0,1055876814.0,8.171770618398742,4.635862758891872e-05,0.5670000000000001,1,-0.140182846960615,0.80904484,0.80877453,0.004651017397748874,0.8041235134898549,train,High,High
2052,Ohio,Williams,39171,45044.0,37270.0,14.199231634910165,3.5069,0.0081,10.4936,85.027,0.4808,0.0,0.4672,0.0163,5.0,1090296605.0,13.415615776764152,3.418335875676692e-05,0.5052,0,-0.140182846960615,0.30817327,0.306151,0.007635586618004078,0.2985154160274885,train,Low,Low
2053,Ohio,Columbiana,39029,45389.0,105230.0,13.935854628656566,3.3838,0.001,8.8266,86.7959,0.3419,0.0,0.631,0.0199,7.0,1377697739.0,6.652095410054168,7.63810500816972e-05,0.3628,0,-0.140182846960615,0.3198478,0.31786636,0.003786084182782637,0.3140802709979577,train,Low,Low
2054,Ohio,Fulton,39051,55860.0,42466.0,17.021202032591553,4.1439,0.0071,11.2529,83.4597,0.5812,0.0,0.515,0.0402,4.0,1050089558.0,9.419300145999152,4.044036023068425e-05,0.6285000000000001,1,-0.140182846960615,0.79061776,0.790283,0.005361057095144577,0.7849219672159211,train,High,High
2055,Ohio,Gallia,39053,39423.0,30376.0,15.449247207382225,5.4788,0.0066,8.4852,85.0898,0.422,0.0,0.5077,0.0099,3.0,1208307869.0,9.876218066894918,2.5139288404319745e-05,0.4385,0,-0.140182846960615,0.19890855,0.19650409,0.005621114957591758,0.19088297129843546,train,Low,Low
2056,Ohio,Mahoning,39099,41872.0,233015.0,22.789813712870085,1.6661,0.0083,8.8488,88.4204,0.5363,0.0,0.4877,0.0324,28.0,1065799604.0,12.01639379439092,0.00021862927995608452,0.577,1,-0.140182846960615,0.941931,0.9421255,0.006839210154783458,0.9352862890937211,train,High,High
2057,Ohio,Scioto,39145,37936.0,77366.0,14.993787884492301,2.716,0.0,8.0637,88.1951,0.5826,0.0,0.4327,0.01,5.0,1580451539.0,6.462787270894191,4.895183312545719e-05,0.5926,1,-0.140182846960615,0.34805983,0.34617707,0.0036783382009282117,0.3424987331320033,train,High,Low
2058,Ohio,Morrow,39117,53032.0,35032.0,13.50690933602966,4.4351,0.0028,8.3839,86.0045,0.6623,0.0,0.4779,0.0335,2.0,1051881046.0,5.709065996802924,3.330414606596115e-05,0.6986,1,-0.140182846960615,0.27989173,0.27777052,0.0032493527432406037,0.2745211665133512,train,High,Low
2059,Ohio,Preble,39135,51356.0,41561.0,13.484790410815709,4.6982,0.005,8.3176,85.7139,0.5848,0.0,0.6528,0.0277,2.0,1098738400.0,4.81220374870672,3.7826110382598807e-05,0.6174999999999999,1,-0.140182846960615,0.55694294,0.55579084,0.0027388976516735594,0.5530519439277637,train,High,High
2060,Ohio,Allen,39003,45575.0,104664.0,17.386786734782234,2.4065,0.0114,9.3746,87.163,0.5553,0.0,0.4374,0.0517,21.0,1042470095.0,20.064205457463885,0.00010040000236169844,0.6184,1,-0.140182846960615,0.8012436,0.800946,0.011419675491693902,0.7895263217464653,train,High,High
2061,Ohio,Crawford,39033,40563.0,42485.0,12.671601615074024,2.9592,0.005,8.9522,86.9811,0.5127,0.0,0.5674,0.0224,3.0,1040619676.0,7.061315758503001,4.082663530186796e-05,0.5401,0,-0.140182846960615,0.20427679,0.2018911,0.004018994655803395,0.19787209979037887,train,Low,Low
2062,Ohio,Guernsey,39059,41566.0,39478.0,13.649688530597286,4.4328,0.005,8.8957,85.856,0.3021,0.0,0.4934,0.0151,6.0,1352631187.0,15.198338315010893,2.91860784960594e-05,0.3222,0,-0.140182846960615,0.2403731,0.23811367,0.00865023496386885,0.22946343657734514,train,Low,Low
2063,Ohio,Mercer,39107,55220.0,40886.0,16.83201180158584,3.7401,0.0048,11.1485,84.1728,0.4538,0.0,0.4633,0.0167,10.0,1197738405.0,24.458249767646624,3.413600150860989e-05,0.4753,0,-0.140182846960615,0.71154344,0.7109321,0.0139205749279955,0.69701150104933,train,Low,High
2064,Ohio,Clark,39023,44154.0,136175.0,17.966798725346653,2.4064,0.0107,7.4016,88.8684,0.8117,0.0,0.4732,0.0279,5.0,1029469371.0,3.6717459151826697,0.00013227688344697727,0.8503000000000001,1,-0.140182846960615,0.6540115,0.6531989,0.0020897985184726423,0.6511090993201198,train,High,High
2065,Ohio,Lorain,39093,53459.0,304091.0,23.48866407862266,1.5804,0.025,8.5679,88.4588,0.8957,0.0,0.4195,0.0527,37.0,1272000372.0,12.16741041333022,0.00023906518165703807,0.9734,1,-0.140182846960615,0.973795,0.97410095,0.006925162264165296,0.9671757851159006,train,High,High
2066,Ohio,Montgomery,39113,45394.0,532761.0,26.143224777892094,1.3502,0.0244,7.4687,89.6914,1.0461,0.0,0.3759,0.0431,161.0,1195426527.0,30.21992976212598,0.00044566603464706283,1.1136,1,-0.140182846960615,0.97756916,0.97788835,0.017199873276660615,0.9606884724417232,train,High,High
2067,Ohio,Warren,39165,76200.0,222184.0,40.9564688387184,2.0879,0.0553,7.7095,88.3283,1.4017,0.0,0.3379,0.0793,29.0,1039437341.0,13.052244986137614,0.00021375410641515523,1.5362999999999998,1,-0.140182846960615,0.9941963,0.9945736,0.007428771724640251,0.9871448214150081,test,High,High
2068,Ohio,Ashtabula,39007,41158.0,99175.0,13.119186046511627,2.4398,0.0053,8.3065,88.1758,0.5099,0.0,0.5458,0.0169,9.0,1818008351.0,9.074867658179986,5.4551454587900295e-05,0.5321,0,-0.140182846960615,0.27824703,0.27612007,0.005165021062318344,0.27095504558044287,train,Low,Low
2069,Ohio,Meigs,39105,39640.0,23345.0,13.436270057523464,5.0148,0.0045,7.4706,86.684,0.3547,0.0,0.4669,0.0045,1.0,1113958479.0,4.283572499464554,2.0956795464187135e-05,0.3637,0,-0.140182846960615,0.1964636,0.19405058,0.0024380236731892228,0.1916125565899486,test,Low,Low
2070,Ohio,Union,39159,71282.0,53955.0,29.0912639768006,3.1627,0.029,6.6697,88.5945,1.1309,0.0,0.3788,0.0344,33.0,1118207229.0,61.16207951070336,4.825134250674747e-05,1.1943,1,-0.140182846960615,0.99011314,0.9904762,0.03481080284440514,0.9556653881994486,train,High,High
2071,Ohio,Pike,39131,41128.0,28298.0,12.27504421096432,3.885,0.0,8.1189,87.0584,0.3998,0.0,0.5306,0.0073,2.0,1140324458.0,7.067637288854336,2.4815744152003448e-05,0.40709999999999996,0,-0.140182846960615,0.15778042,0.1552321,0.004022592596692516,0.15120950908215575,train,Low,Low
2072,Ohio,Paulding,39125,48003.0,19057.0,13.04613038505528,3.9087,0.0102,10.2834,84.7641,0.4349,0.0,0.5679,0.0307,0.0,1078561239.0,0.0,1.7668908645065816e-05,0.4758,0,-0.140182846960615,0.1753327,0.17284577,0.0,0.1728457659482956,train,Low,Low
2073,Ohio,Hamilton,39061,50399.0,805965.0,35.595553496989346,1.3786,0.0446,6.8879,89.9472,1.3688,0.0,0.3103,0.0626,157.0,1051349243.0,19.47975408361405,0.0007666006375770986,1.476,1,-0.140182846960615,0.9947377,0.9951169,0.011087031119396719,0.9840298583573794,train,High,High
2074,Ohio,Franklin,39049,54037.0,1232118.0,38.35294117647059,1.0822,0.0534,6.5966,90.6057,1.2921,0.0,0.2693,0.1006,465.0,1378855894.0,37.73989179607798,0.0008935799639117328,1.4461,1,-0.140182846960615,0.99628156,0.9966662,0.021479909499358116,0.9751862835090648,test,High,High
2075,Ohio,Marion,39101,43557.0,65620.0,12.29582773709978,2.1817,0.0127,7.5474,89.0551,0.6947,0.0,0.4848,0.0235,13.0,1045726876.0,19.81103322157879,6.275061060972483e-05,0.7309,1,-0.140182846960615,0.5347135,0.5334836,0.011275580835992553,0.5222080436223204,train,High,High
2076,Ohio,Tuscarawas,39157,46992.0,92579.0,14.979782367726727,3.2241,0.0052,7.9269,87.7995,0.4612,0.0,0.5739,0.0093,6.0,1469659271.0,6.480951403666058,6.299351273238082e-05,0.47569999999999996,0,-0.140182846960615,0.38381872,0.38206103,0.003688676437460055,0.3783723580035342,train,Low,Low
2077,Ohio,Wayne,39169,51363.0,115747.0,21.46764985727878,3.5572,0.0047,8.2389,86.8879,0.6971,0.0,0.5858,0.0283,17.0,1437257217.0,14.687205715914885,8.053325363820386e-05,0.7301000000000001,1,-0.140182846960615,0.9120281,0.91211796,0.00835932045807011,0.9037586376107776,test,High,High
2078,Ohio,Brown,39015,47999.0,44059.0,12.437483548302184,4.6417,0.0022,7.5295,86.7424,0.4471,0.0,0.6221,0.0151,0.0,1269138601.0,0.0,3.4715672476815636e-05,0.4644,0,-0.140182846960615,0.3180725,0.31608486,0.0,0.3160848617553711,train,Low,Low
2079,Ohio,Butler,39017,59652.0,373638.0,29.13435823255345,2.0629,0.0223,7.3707,89.065,1.0931,0.0,0.3395,0.0466,50.0,1209528851.0,13.381936526798665,0.0003089120194951017,1.162,1,-0.140182846960615,0.9903313,0.9906951,0.007616417849710468,0.9830787010544033,train,High,High
2080,Ohio,Harrison,39067,44000.0,15521.0,9.6655608356496,4.6283,0.0064,8.6853,85.6978,0.276,0.0,0.7061,0.0,1.0,1042034970.0,6.4428838348044595,1.4894893594597886e-05,0.28240000000000004,0,-0.140182846960615,0.08707001,0.08427435,0.0036670100283875016,0.08060734156844478,train,Low,Low
2081,Ohio,Knox,39083,48619.0,60878.0,21.891919243029903,3.9982,0.0155,8.5654,86.2636,0.6715,0.0,0.4548,0.031,11.0,1361054324.0,18.06892473471533,4.4728560004192747e-05,0.718,1,-0.140182846960615,0.9398591,0.94004637,0.010284048246601833,0.9297623217828477,train,High,High
2082,Ohio,Licking,39089,57571.0,169762.0,23.32932576282788,2.6992,0.0143,7.3411,88.5782,0.8981,0.0,0.4392,0.0299,30.0,1767343170.0,17.671799342609063,9.605491614851461e-05,0.9423,1,-0.140182846960615,0.9813176,0.9816499,0.010058021698130748,0.9715918539427384,train,High,High
2083,Ohio,Richland,39139,42849.0,121888.0,16.395429566609007,2.1338,0.0104,9.2448,87.5635,0.5903,0.0,0.4209,0.0363,17.0,1282720855.0,13.947230244158572,9.502301262576728e-05,0.637,1,-0.140182846960615,0.5673036,0.56618774,0.007938158514868083,0.5582495808573853,train,High,High
2084,Ohio,Vinton,39163,41080.0,13128.0,9.55866045686405,4.8481,0.0,6.7685,87.2738,0.4353,0.0,0.6572,0.0171,1.0,1068008731.0,7.617306520414382,1.2292034342928981e-05,0.4524,0,-0.140182846960615,0.059872687,0.05698189,0.00433544048222139,0.05264645091144011,test,Low,Low
2085,Ohio,Carroll,39019,48545.0,28108.0,11.425288504770945,4.5359,0.0,8.3301,86.2283,0.2995,0.0,0.6026,0.0036,2.0,1022030958.0,7.115411982353779,2.7502102338469478e-05,0.3031,0,-0.140182846960615,0.18420777,0.18175188,0.004049783880077018,0.17770209318939625,test,Low,Low
2086,Ohio,Hancock,39063,51604.0,75672.0,25.838021565869667,2.5311,0.0171,8.966,87.2259,0.809,0.0,0.4095,0.0414,12.0,1376210233.0,15.85791309863622,5.498578500978201e-05,0.8675,1,-0.140182846960615,0.96886015,0.9691489,0.009025636322645482,0.9601232379601914,test,High,High
2087,Ohio,Clermont,39025,61265.0,201092.0,27.618417668026314,2.6567,0.0236,7.195,88.5412,1.1011,0.0,0.4176,0.0649,13.0,1170958174.0,6.464702723131701,0.00017173286327817205,1.1896,1,-0.140182846960615,0.96777445,0.96805936,0.0036794283932619462,0.9643799325877256,train,High,High
2088,Ohio,Fairfield,39045,61473.0,150163.0,26.41044249371204,2.8567,0.0202,7.1057,88.6633,0.9116,0.0,0.3834,0.0591,21.0,1306415680.0,13.984803180543809,0.0001149427416547848,0.9909,1,-0.140182846960615,0.97910976,0.9794343,0.00795954340058903,0.9714747679893341,train,High,High
2089,Ohio,Defiance,39039,50822.0,38488.0,15.752868899965225,2.9994,0.0079,11.8311,84.1511,0.4787,0.0,0.4867,0.045,4.0,1065649893.0,10.392849719393057,3.6116927569569044e-05,0.5316000000000001,0,-0.140182846960615,0.5018259,0.500481,0.005915159286073831,0.49456585019726357,train,Low,High
2090,Ohio,Highland,39071,40593.0,43109.0,12.003418803418803,5.3479,0.0048,7.9203,85.7501,0.5064,0.0,0.4538,0.0167,2.0,1432479994.0,4.639402444965088,3.009396304350761e-05,0.5279,0,-0.140182846960615,0.16788958,0.16537662,0.0026405466445801294,0.1627360718599441,train,Low,Low
2091,Ohio,Henry,39069,54941.0,27890.0,16.037141957821845,3.6984,0.0133,12.3745,82.8103,0.4706,0.0,0.5866,0.0464,5.0,1077461474.0,17.92757260666906,2.5884916234137204e-05,0.5303,0,-0.140182846960615,0.4689956,0.46753585,0.01020359674625357,0.4573322566396717,train,Low,Low
2092,Ohio,Jefferson,39081,42327.0,67607.0,15.429826396151434,2.2414,0.0031,7.9668,88.8606,0.3469,0.0,0.5765,0.0046,1.0,1057248944.0,1.4791367757776561,6.394615041582865e-05,0.35459999999999997,0,-0.140182846960615,0.4318512,0.43026155,0.0008418604974426081,0.4294196918363892,train,Low,Low
2093,Ohio,Portage,39133,52427.0,161796.0,27.280105900882184,2.4964,0.0215,8.7872,87.2557,0.83,0.0,0.5684,0.0409,38.0,1262374971.0,23.48636554673787,0.00012816794036389368,0.8924,1,-0.140182846960615,0.98624057,0.9865901,0.013367420583468636,0.9732226668303192,train,High,High
2094,Ohio,Putnam,39137,60245.0,34116.0,19.389746318963986,3.3652,0.0141,12.9428,82.7908,0.3858,0.0,0.4562,0.0451,0.0,1249724511.0,0.0,2.7298816418909144e-05,0.44499999999999995,0,-0.140182846960615,0.70538753,0.70475465,0.0,0.704754650592804,train,Low,High
2095,Ohio,Belmont,39013,44719.0,69228.0,16.407772724588035,3.2575,0.006,9.0508,86.709,0.3955,0.0,0.5706,0.0106,6.0,1378212725.0,8.667013347200555,5.0230271963277655e-05,0.4121,0,-0.140182846960615,0.7249321,0.72436756,0.004932888078575352,0.7194346708775708,test,Low,High
2096,Ohio,Clinton,39027,48675.0,41854.0,16.4919107844197,4.3243,0.015,8.0619,85.7467,1.402,0.0,0.4034,0.0467,12.0,1058487159.0,28.671094757968174,3.9541339395691245e-05,1.4636999999999998,1,-0.140182846960615,0.87109315,0.87103987,0.016318343570679714,0.8547215238304433,train,High,High
2097,Ohio,Fayette,39047,41954.0,28719.0,14.508350677699374,3.9331,0.0078,8.5224,86.3493,0.7304,0.0,0.4374,0.0195,3.0,1052470875.0,10.44604617152408,2.728721590514322e-05,0.7577,1,-0.140182846960615,0.25245717,0.25024,0.005945436399310813,0.2442945617028773,test,High,Low
2098,Ohio,Perry,39127,43674.0,35947.0,11.96061395887634,4.2553,0.0029,7.4068,87.394,0.4212,0.0,0.5083,0.0116,2.0,1056682425.0,5.563746626978608,3.4018735572326755e-05,0.43570000000000003,0,-0.140182846960615,0.19898853,0.19658434,0.003166643260945415,0.19341770064927188,train,Low,Low
2099,Ohio,Pickaway,39129,58706.0,56804.0,17.30665640631012,3.6869,0.0136,8.3574,86.7823,0.6235,0.0,0.5015,0.0349,8.0,1298053079.0,14.083515245405254,4.3760922352852415e-05,0.672,1,-0.140182846960615,0.80904484,0.80877453,0.008015726026421014,0.8007588048611828,train,High,High
2100,Ohio,Madison,39097,58326.0,43537.0,16.350440980245388,4.1674,0.0158,8.7894,85.6636,0.8356,0.0,0.5045,0.0236,8.0,1206646148.0,18.375175138388038,3.6081000276810234e-05,0.875,1,-0.140182846960615,0.6829522,0.68224084,0.0104583526932223,0.6717824910796659,train,High,High
2101,Ohio,Muskingum,39119,42464.0,85991.0,15.066182419057784,3.6308,0.0103,7.8261,87.6028,0.481,0.0,0.4364,0.0126,11.0,1721328761.0,12.792036375899803,4.9956174525338104e-05,0.5039,0,-0.140182846960615,0.467714,0.4662498,0.007280672269849478,0.4589691214980796,train,Low,Low
2102,Ohio,Sandusky,39143,49032.0,59870.0,14.81553445218954,2.9105,0.0085,10.691,85.3695,0.5324,0.0,0.4644,0.0238,6.0,1057906596.0,10.021713713044932,5.6592897923476034e-05,0.5647,1,-0.140182846960615,0.67820805,0.6774801,0.005703924768725814,0.6717761768166624,train,High,High
2103,Ohio,Van Wert,39161,50547.0,28501.0,17.16088651754566,3.1444,0.0072,10.3561,85.5804,0.4559,0.0,0.4197,0.0362,3.0,1059698927.0,10.525946458019018,2.689537497285774e-05,0.4993,0,-0.140182846960615,0.53088194,0.52963865,0.0059909121768291365,0.523647735856313,train,Low,High
2104,Ohio,Washington,39167,44763.0,61154.0,18.4092115282553,4.4042,0.0076,7.4862,86.8995,0.6967,0.0,0.4877,0.0182,3.0,1636799191.0,4.905648036105569,3.7361944175105596e-05,0.7225,1,-0.140182846960615,0.7851998,0.7848461,0.002792082087055748,0.7820540449461779,train,High,High
2105,Ohio,Auglaize,39011,55914.0,45871.0,17.771754912399572,3.011,0.0064,10.7387,85.157,0.5636,0.0,0.4789,0.0445,4.0,1039599278.0,8.720106385297901,4.4123732067463016e-05,0.6144999999999999,1,-0.140182846960615,0.84287065,0.84271866,0.004963106333029793,0.8377555544984217,test,High,High
2106,Ohio,Darke,39037,47043.0,52185.0,13.093695419460252,4.6087,0.0019,9.1651,85.1021,0.5911,0.0,0.5078,0.0233,4.0,1549120893.0,7.665037846124364,3.368684796377606e-05,0.6163,1,-0.140182846960615,0.3563386,0.3544848,0.004362607082541144,0.3501221894415067,train,High,Low
2107,Ohio,Ottawa,39123,54580.0,40981.0,21.30030754985284,3.2929,0.0248,10.8758,84.3346,0.6887,0.0,0.7518,0.0315,13.0,660275593.0,31.72201752031429,6.206650743184445e-05,0.745,1,-0.140182846960615,0.9468545,0.9470662,0.01805479647782707,0.9290113913807545,train,High,High
2108,Ohio,Hardin,39065,44842.0,31652.0,14.400206825232678,3.7551,0.0145,7.5644,87.4625,0.6289,0.0,0.5638,0.0108,4.0,1218342693.0,12.637432073802604,2.5979554177865455e-05,0.6542,1,-0.140182846960615,0.35663444,0.35478166,0.007192678206824518,0.3475889792505272,train,High,Low
2109,Ohio,Jackson,39079,40330.0,32717.0,16.880313048171637,3.4287,0.0062,7.8081,87.7907,0.374,0.0,0.5611,0.0312,1.0,1088581966.0,3.056514961640737,3.005469594560599e-05,0.4114,0,-0.140182846960615,0.46096104,0.4594732,0.0017396357444326314,0.45773355694737033,train,Low,Low
2110,Ohio,Huron,39077,48838.0,58704.0,13.479479989803721,3.1933,0.0067,10.1552,85.5648,0.535,0.0,0.5317,0.0134,6.0,1272965337.0,10.220768601798856,4.6115945417923034e-05,0.5551,0,-0.140182846960615,0.6511699,0.65034735,0.005817218177698529,0.6445301338501945,test,Low,High
2111,Ohio,Athens,39009,34221.0,65103.0,29.126213592233007,3.5189,0.0424,5.7962,88.6198,1.4708,0.0,0.503,0.0488,20.0,1304383720.0,30.720550512265177,4.991092651785013e-05,1.562,1,-0.140182846960615,0.9638523,0.9641235,0.017484804893968756,0.9466386825785654,train,High,High
2112,Ohio,Adams,39001,34709.0,28111.0,10.886632471474929,4.9699,0.007,8.4768,85.6713,0.294,0.0,0.574,0.007,1.0,1512208937.0,3.5573263135427413,1.858936243014678e-05,0.308,0,-0.140182846960615,0.036199123,0.03322552,0.0020246758439970976,0.031200845601277255,train,Low,Low
2113,Ohio,Medina,39103,69319.0,175543.0,31.455422364513275,2.174,0.0186,9.143,87.2878,0.8947,0.0,0.435,0.0469,20.0,1091406446.0,11.39321989484058,0.00016084108779397844,0.9601999999999999,1,-0.140182846960615,0.98952216,0.9898831,0.006484526600388783,0.9833985982279498,train,High,High
2114,Ohio,Lucas,39095,42917.0,434800.0,25.090189889773658,1.1907,0.02,10.2574,87.3285,0.8411,0.0,0.3178,0.0445,64.0,882812509.0,14.71941122355106,0.0004925168091382357,0.9056,1,-0.140182846960615,0.9423417,0.9425376,0.008377650436151228,0.9341599553263304,test,High,High
2115,Ohio,Noble,39121,41398.0,14429.0,9.450508442951767,6.5691,0.0,8.2797,84.3047,0.2733,0.0,0.5643,0.0088,1.0,1030845400.0,6.930487213251092,1.3997249248044372e-05,0.28209999999999996,0,-0.140182846960615,0.0646595,0.06178545,0.003944532722337127,0.057840915620224594,train,Low,Low
2116,Ohio,Seneca,39147,48415.0,55711.0,14.711520289424659,3.4427,0.0112,10.5885,84.7644,0.6387,0.0,0.5207,0.0337,14.0,1427146050.0,25.129687135395162,3.9036649402491075e-05,0.6836,1,-0.140182846960615,0.79418623,0.79386395,0.014302727955133342,0.7795612242047483,train,High,High
2117,Ohio,Stark,39151,48714.0,374762.0,22.631528102478892,1.9258,0.0148,8.0922,88.8632,0.6052,0.0,0.4674,0.0314,41.0,1490089723.0,10.940276762318485,0.00025150297610635895,0.6514,1,-0.140182846960615,0.9744003,0.9747084,0.006226731015083436,0.9684816472998885,train,High,High
2118,Ohio,Coshocton,39031,43380.0,36665.0,12.055414417275326,3.7035,0.0,7.8559,87.4631,0.3751,0.0,0.5936,0.0089,4.0,1460530890.0,10.909586799399973,2.510388534130901e-05,0.384,0,-0.140182846960615,0.19681029,0.19439848,0.006209263619321141,0.18818921405420944,test,Low,Low
2119,Ohio,Delaware,39041,94234.0,188996.0,52.45569331716013,1.5901,0.0593,7.5367,88.903,1.5123,0.0,0.3186,0.0801,55.0,1147867059.0,29.10114499777773,0.0001646497288324048,1.6517,1,-0.140182846960615,0.9964521,0.9968373,0.01656310951439783,0.9802742084291751,train,High,High
2120,Ohio,Geauga,39055,74165.0,94020.0,37.26917585779507,2.5839,0.0329,10.5912,85.2923,1.0228,0.0,0.4261,0.0509,5.0,1036429792.0,5.318017443097213,9.071526187853928e-05,1.1065999999999998,1,-0.140182846960615,0.9784629,0.97878516,0.0030267848676134015,0.9757583723360609,train,High,High
2121,Ohio,Hocking,39073,43382.0,28690.0,14.135783870643767,4.089,0.0036,6.5009,88.3601,0.5196,0.0,0.5161,0.0108,10.0,1091232272.0,34.85535029627048,2.629137786350219e-05,0.534,0,-0.140182846960615,0.39930815,0.39760464,0.01983815359031105,0.3777664907082424,test,Low,Low
2122,Ohio,Lake,39085,59958.0,229266.0,27.039779681762543,1.2033,0.0152,8.3453,89.1654,0.8291,0.0,0.3974,0.0442,42.0,593799763.0,18.319332129491507,0.0003860998509694589,0.8885,1,-0.140182846960615,0.98283166,0.9831692,0.010426569274664803,0.9727426287615291,train,High,High
2123,Ohio,Ross,39141,44587.0,77193.0,15.303921387880019,3.2225,0.0057,7.3479,88.3286,0.6431,0.0,0.4321,0.0201,9.0,1784987272.0,11.659088259298123,4.3245686516021274e-05,0.6689,1,-0.140182846960615,0.69316435,0.69248873,0.006635847341798112,0.6858528826119678,train,High,High
2124,Ohio,Cuyahoga,39035,45289.0,1258710.0,30.89128033737698,0.7927,0.0324,7.2404,90.5284,1.0494,0.0,0.31,0.0467,189.0,1184014460.0,15.015372881759898,0.0010630866788569457,1.1285,1,-0.140182846960615,0.9826293,0.9829662,0.0085460989751125,0.9744200856409764,train,High,High
2125,Ohio,Holmes,39075,53619.0,43702.0,7.725373614012534,6.7322,0.0,9.6926,82.4787,0.3874,0.0,0.6981,0.011,1.0,1094356036.0,2.288224795203881,3.993398726043121e-05,0.39840000000000003,0,-0.140182846960615,0.2789254,0.2768008,0.0013023583051256786,0.27549845298561526,train,Low,Low
2126,Ohio,Miami,39109,53432.0,103864.0,21.063797122081258,3.039,0.0178,8.5648,87.0773,0.7716,0.0,0.497,0.0326,16.0,1053028422.0,15.404760070861895,9.863361503836029e-05,0.822,1,-0.140182846960615,0.9183412,0.9184532,0.008767721274066456,0.9096854952786679,train,High,High
2127,Ohio,Monroe,39111,41368.0,14442.0,10.69723018147087,5.4507,0.0,8.6997,84.8422,0.2335,0.0,0.7739,0.0,0.0,1180317768.0,0.0,1.2235688042273037e-05,0.2335,0,-0.140182846960615,0.057778448,0.05488033,0.0,0.054880328476428986,train,Low,Low
2128,Ohio,Trumbull,39155,43811.0,204908.0,17.95950402412409,1.7328,0.0066,9.2691,87.9621,0.4599,0.0,0.5441,0.0255,15.0,1601379251.0,7.320358404747496,0.0001279571968177075,0.492,0,-0.140182846960615,0.5443652,0.54316914,0.0041664304944611045,0.5390027103212738,train,Low,High
2129,Ohio,Wood,39173,55985.0,129418.0,31.68278287077734,2.4299,0.0248,10.662,85.2742,1.1542,0.0,0.4096,0.0452,21.0,1598508434.0,16.22649090543819,8.096172484755248e-05,1.2241999999999997,1,-0.140182846960615,0.98358834,0.98392856,0.00923541482376988,0.9746931463868624,train,High,High
2130,Ohio,Ashland,39005,48509.0,53343.0,19.637839525444896,3.4686,0.0063,8.5774,86.8661,0.5418,0.0,0.523,0.0167,2.0,1095444135.0,3.749320435671035,4.869531753894506e-05,0.5648,1,-0.140182846960615,0.87614405,0.87610847,0.0021339505708566227,0.8739745170080313,train,High,High
2131,Oklahoma,Kay,40071,42831.0,45398.0,19.472487798355285,6.0766,0.0193,9.5757,83.0626,0.4885,0.0,0.7629,0.0144,6.0,2382077972.0,13.216441252918631,1.9058150292991332e-05,0.5222,0,-0.12104825163263158,0.52043116,0.51915133,0.007522225117926218,0.5116291048762754,test,Low,High
2132,Oklahoma,Craig,40035,40036.0,14683.0,14.331644583008574,8.6096,0.0153,9.7173,80.5577,0.3972,0.0,0.6952,0.0076,2.0,1971897021.0,13.621194578764559,7.446129206358794e-06,0.4201,0,-0.12104825163263158,0.102865525,0.10012511,0.00775259315543178,0.09237251848406788,train,Low,Low
2133,Oklahoma,Canadian,40017,66664.0,129571.0,25.779838047177563,4.8232,0.0305,11.644,82.1073,0.7933,0.0,0.5791,0.0226,26.0,2322263470.0,20.066218521119698,5.579513335754276e-05,0.8463999999999999,1,-0.12104825163263158,0.9413856,0.9415782,0.011420821240213186,0.9301573881599638,train,High,High
2134,Oklahoma,Latimer,40077,39701.0,10643.0,15.86653526678868,9.9193,0.0,9.8878,79.1758,0.325,0.0,0.692,0.0,1.0,1870180320.0,9.39584703561026,5.6908950897312405e-06,0.325,0,-0.12104825163263158,0.087949164,0.08515658,0.005347708601954561,0.07980887369394006,train,Low,Low
2135,Oklahoma,Texas,40139,51503.0,21499.0,20.110066498509514,7.0223,0.0096,11.5848,80.1968,0.4389,0.0,0.7476,0.0,3.0,5286926132.0,13.954137401739615,4.0664460715412164e-06,0.4485,0,-0.12104825163263158,0.16567472,0.163154,0.007942089769375655,0.15521191623495784,train,Low,Low
2136,Oklahoma,Pushmataha,40127,33784.0,11149.0,14.42502532928065,10.3287,0.0088,9.6483,79.0687,0.3799,0.0,0.5655,0.0,1.0,3615205224.0,8.96941429724639,3.0839189780945063e-06,0.3887,0,-0.12104825163263158,0.094097614,0.091326535,0.005105001583155655,0.08622153316492173,train,Low,Low
2137,Oklahoma,Johnston,40069,38155.0,11027.0,15.814140332083557,9.1215,0.0,10.9477,79.1811,0.3941,0.0,0.346,0.0096,1.0,1665212031.0,9.068649678062936,6.621979540574194e-06,0.4037,0,-0.12104825163263158,0.10336041,0.10062173,0.005161482057731242,0.09546024803145638,train,Low,Low
2138,Oklahoma,Beaver,40007,52908.0,5479.0,21.534653465346533,13.4604,0.0293,12.8152,72.0381,0.3226,0.0,1.3196,0.0147,0.0,4700042738.0,0.0,1.1657340806078432e-06,0.3666,0,-0.12104825163263158,0.045116514,0.042174105,0.0,0.04217410460114479,train,Low,Low
2139,Oklahoma,Hughes,40063,35257.0,13727.0,10.872497147006952,10.0832,0.0179,10.2264,78.6973,0.1879,0.0,0.7873,0.0,0.0,2084026137.0,0.0,6.586769597698189e-06,0.2058,0,-0.12104825163263158,0.0317087,0.028719392,0.0,0.02871939167380333,test,Low,Low
2140,Oklahoma,Comanche,40031,47238.0,124583.0,20.66951217939625,3.9187,0.0112,10.1168,84.6576,0.8453,0.0,0.4327,0.0178,7.0,2769447442.0,5.618744130419078,4.4984785813458305e-05,0.8743000000000001,1,-0.12104825163263158,0.7864633,0.78611404,0.003197945454469846,0.7829160915824259,train,High,High
2141,Oklahoma,Adair,40001,33184.0,22161.0,13.42790926329096,6.6343,0.0,7.6917,84.6558,0.329,0.0,0.6893,0.0,2.0,1485305064.0,9.02486349893958,1.492016726874904e-05,0.329,0,-0.12104825163263158,0.07498015,0.0721422,0.005136560863733803,0.06700563781809755,test,Low,Low
2142,Oklahoma,Stephens,40137,43493.0,44631.0,18.015622948667453,7.3755,0.0389,11.6307,79.8797,0.3889,0.0,0.6794,0.0069,3.0,2253930695.0,6.7217853061773205,1.9801407425262472e-05,0.43470000000000003,0,-0.12104825163263158,0.24555467,0.24331337,0.0038257486489616456,0.2394876234862007,train,Low,Low
2143,Oklahoma,Carter,40019,46913.0,48530.0,19.46894409937888,6.1765,0.0152,11.1377,81.6336,0.5435,0.0,0.4783,0.0152,11.0,2129427858.0,22.666391922522152,2.2790159252251127e-05,0.5739,1,-0.12104825163263158,0.7804373,0.7800669,0.012900727161686101,0.7671661802441672,test,High,High
2144,Oklahoma,Greer,40055,36891.0,6081.0,14.40501043841336,11.6778,0.0202,9.6742,77.4337,0.6476,0.0,0.5464,0.0,0.0,1655842972.0,0.0,3.672449684437831e-06,0.6678,1,-0.12104825163263158,0.04857252,0.0456422,0.0,0.045642200857400894,train,High,Low
2145,Oklahoma,Mcintosh,40091,36878.0,20161.0,13.759716350743215,8.3653,0.0165,9.5118,80.9984,0.4224,0.0,0.6473,0.0384,1.0,1601897950.0,4.96007142502852,1.2585695611883391e-05,0.4773,0,-0.12104825163263158,0.065740675,0.062870406,0.00282305751949816,0.06004734809487791,train,Low,Low
2146,Oklahoma,Murray,40099,51752.0,13792.0,20.170275383645155,8.0489,0.0152,12.4109,78.6831,0.4628,0.0,0.3793,0.0,2.0,1078624676.0,14.501160092807424,1.2786653510604461e-05,0.478,0,-0.12104825163263158,0.22943243,0.22713473,0.008253431358846056,0.2188813030333201,train,Low,Low
2147,Oklahoma,Ottawa,40115,37139.0,32022.0,13.893826567379294,5.4297,0.0079,8.3679,85.1228,0.5141,0.0,0.5497,0.0079,2.0,1219467500.0,6.245706077072014,2.6259002392437682e-05,0.5299,0,-0.12104825163263158,0.10363599,0.10089827,0.003554785000974481,0.09734348828822917,test,Low,Low
2148,Oklahoma,Wagoner,40145,57590.0,76190.0,21.77528486536312,4.9881,0.0126,9.6884,83.9574,0.7357,0.0,0.5974,0.0204,1.0,1454425174.0,1.3125082031762698,5.238495686268973e-05,0.7686999999999999,1,-0.12104825163263158,0.8162409,0.81599575,0.0007470227411812889,0.8152487300702506,train,High,High
2149,Oklahoma,Caddo,40015,40199.0,29510.0,16.073537718892826,8.229,0.0256,12.2285,78.4564,0.4132,0.0,0.6432,0.0043,4.0,3310745124.0,13.554727211114876,8.913401332551506e-06,0.44310000000000005,0,-0.12104825163263158,0.18726207,0.18481687,0.007714762812687551,0.17710210430042586,train,Low,Low
2150,Oklahoma,Muskogee,40101,41117.0,69939.0,19.167869686065803,5.4805,0.011,9.1305,84.2495,0.5716,0.0,0.5495,0.0074,7.0,2099053124.0,10.008721886215131,3.3319309168661135e-05,0.59,1,-0.12104825163263158,0.61063224,0.6096679,0.005696530384395214,0.603971366840031,train,High,High
2151,Oklahoma,Bryan,40013,39936.0,44529.0,22.076776994031473,7.6458,0.0072,10.9437,80.497,0.464,0.0,0.44,0.0024,6.0,2342528102.0,13.474365020548406,1.900895018590475e-05,0.4736,0,-0.12104825163263158,0.5121383,0.51082945,0.007669024139406105,0.5031604245605451,train,Low,High
2152,Oklahoma,Dewey,40043,51654.0,4862.0,22.02547374961168,15.3322,0.0,12.9021,70.6643,0.2972,0.0,0.8042,0.0,1.0,2588642248.0,20.567667626491158,1.8782046857793538e-06,0.2972,0,-0.12104825163263158,0.11920194,0.11651868,0.01170622432139087,0.10481245195958447,train,Low,Low
2153,Oklahoma,Harper,40059,48173.0,3785.0,24.125596184419713,14.3295,0.0,10.1858,74.3009,0.3266,0.0,0.8573,0.0,1.0,2691041230.0,26.42007926023778,1.4065187696882668e-06,0.3266,0,-0.12104825163263158,0.27808684,0.2759593,0.015037163183778707,0.2609221497320233,train,Low,Low
2154,Oklahoma,Logan,40083,55698.0,45171.0,26.550612936447294,6.6761,0.0257,10.5881,81.3698,0.5708,0.0,0.7343,0.0353,0.0,1926521245.0,0.0,2.344692544514348e-05,0.6318,1,-0.12104825163263158,0.81112957,0.81086653,0.0,0.8108665347099304,train,High,High
2155,Oklahoma,Tulsa,40143,50654.0,629823.0,30.682629014229253,1.3825,0.0191,14.337,83.3866,0.6425,0.0,0.2198,0.0123,85.0,1477021848.0,13.495855184710624,0.0004264141392714186,0.6738999999999999,1,-0.12104825163263158,0.9872759,0.987629,0.007681255408743733,0.9799477409634791,train,High,High
2156,Oklahoma,Washington,40147,50038.0,51892.0,26.286697312388956,4.6206,0.0022,9.0428,84.8831,0.8558,0.0,0.5734,0.0221,5.0,1076019753.0,9.635396592923763,4.822588047786517e-05,0.8801,1,-0.12104825163263158,0.93210006,0.93226016,0.0054840498198761274,0.9267761058579193,train,High,High
2157,Oklahoma,Harmon,40057,35676.0,2813.0,21.544079290558162,8.9933,0.111,12.8793,77.017,0.3701,0.0,0.6292,0.0,0.0,1391326397.0,0.0,2.0218117086439496e-06,0.48109999999999997,0,-0.12104825163263158,0.039962783,0.037002347,0.0,0.03700234740972519,train,Low,Low
2158,Oklahoma,Haskell,40061,36067.0,12835.0,12.054951345163136,9.2343,0.0,12.0849,77.7559,0.1895,0.0,0.7051,0.0303,1.0,1493182633.0,7.791195948578106,8.595733513329711e-06,0.2198,0,-0.12104825163263158,0.04868037,0.045750424,0.004434410802540117,0.041316013463321394,test,Low,Low
2159,Oklahoma,Okmulgee,40111,38712.0,39322.0,15.55375535238977,7.3132,0.01,9.2125,82.2505,0.408,0.0,0.8025,0.0033,3.0,1806123422.0,7.629316921824933,2.1771491095806188e-05,0.4213,0,-0.12104825163263158,0.22248957,0.22016758,0.004342276281771203,0.21582530098492192,train,Low,Low
2160,Oklahoma,Osage,40113,46342.0,47923.0,16.874831521250787,7.1915,0.0,9.2478,82.4414,0.4813,0.0,0.6351,0.0028,9.0,5818542164.0,18.780126452851448,8.23625551714744e-06,0.48410000000000003,0,-0.12104825163263158,0.456392,0.45488816,0.010688833417261474,0.4441993315798394,train,Low,Low
2161,Oklahoma,Jefferson,40067,35063.0,6280.0,13.311536665109761,10.3817,0.0175,10.9769,77.9762,0.2276,0.0,0.4027,0.0175,0.0,1965365168.0,0.0,3.1953349444931242e-06,0.2626,0,-0.12104825163263158,0.05198073,0.04906233,0.0,0.049062330275774,train,Low,Low
2162,Oklahoma,Garfield,40047,49675.0,62481.0,21.356672886182853,5.1087,0.0068,11.2313,82.3836,0.5248,0.0,0.731,0.0136,3.0,2741478920.0,4.801459643731695,2.279098319676301e-05,0.5452,0,-0.12104825163263158,0.7756167,0.77522945,0.0027327825731311476,0.7724966714673962,test,Low,High
2163,Oklahoma,Garvin,40049,41250.0,27570.0,15.368329623798926,9.4818,0.0206,11.1245,78.4109,0.3677,0.0,0.5911,0.0034,4.0,2077332603.0,14.508523757707653,1.3271827515817408e-05,0.39170000000000005,0,-0.12104825163263158,0.19324751,0.19082324,0.008257622437519391,0.1825656196307713,train,Low,Low
2164,Oklahoma,Pittsburg,40121,43601.0,44643.0,16.148091063802458,7.8971,0.0073,10.6736,80.4722,0.3425,0.0,0.5951,0.0121,5.0,3381152829.0,11.199964160114687,1.320348480467932e-05,0.3619,0,-0.12104825163263158,0.33161622,0.32967594,0.00637453381835925,0.3233014088410188,train,Low,Low
2165,Oklahoma,Pontotoc,40123,44041.0,38213.0,26.9775390625,6.6657,0.0114,12.0103,80.4954,0.3331,0.0,0.4698,0.0142,5.0,1865885741.0,13.084552377463167,2.047981779394497e-05,0.3587,0,-0.12104825163263158,0.7646278,0.7642021,0.007447159690498313,0.7567549582294235,train,Low,High
2166,Oklahoma,Roger Mills,40129,48462.0,3732.0,21.156162183861905,17.9552,0.0,13.9165,67.3898,0.1154,0.0,0.6,0.0231,0.0,2955528252.0,0.0,1.2627184319671325e-06,0.1385,0,-0.12104825163263158,0.053939994,0.05102845,0.0,0.05102844908833504,train,Low,Low
2167,Oklahoma,Woodward,40153,58569.0,21111.0,20.869502314814813,11.2187,0.0194,13.1603,74.4541,0.3535,0.0,0.7941,0.0,1.0,3217798450.0,4.7368670361422955,6.560696801877072e-06,0.3729,0,-0.12104825163263158,0.2740944,0.27195293,0.0026960192624983378,0.269256907850081,train,Low,Low
2168,Oklahoma,Cherokee,40021,38585.0,48267.0,24.099445298402728,5.4588,0.0151,9.3606,83.7593,0.6522,0.0,0.7464,0.0075,7.0,1940958254.0,14.502662274431806,2.486761366481198e-05,0.6748,1,-0.12104825163263158,0.7541602,0.75369793,0.008254286335471789,0.7454436454310382,train,High,High
2169,Oklahoma,Delaware,40041,38438.0,41433.0,16.722295269883013,6.5932,0.0099,8.7569,83.357,0.6234,0.0,0.6333,0.0264,1.0,1911820030.0,2.4135351048681,2.167201899228977e-05,0.6597,1,-0.12104825163263158,0.26890683,0.2667472,0.0013736794982405908,0.2653735269512681,train,High,Low
2170,Oklahoma,Ellis,40045,52222.0,4123.0,21.867321867321866,12.5527,0.0211,13.8819,72.3207,0.1899,0.0,1.0338,0.0,0.0,3189606148.0,0.0,1.2926360837952585e-06,0.21100000000000002,0,-0.12104825163263158,0.05044028,0.047516495,0.0,0.04751649498939514,train,Low,Low
2171,Oklahoma,Grady,40051,54043.0,53955.0,17.78681270051997,7.79,0.0157,11.6038,79.4263,0.4638,0.0,0.681,0.0196,3.0,2850272903.0,5.5601890464275785,1.8929766319291987e-05,0.4991,0,-0.12104825163263158,0.36871892,0.36690843,0.0031646184404004675,0.3637438126127612,train,Low,Low
2172,Oklahoma,Payne,40119,38085.0,79953.0,37.0707827797817,5.7926,0.0035,9.9548,82.5635,1.028,0.0,0.63,0.0277,8.0,1773393744.0,10.005878453591485,4.508474233119884e-05,1.0592000000000001,1,-0.12104825163263158,0.9430481,0.94324654,0.005694912025875442,0.9375516313815647,train,High,High
2173,Oklahoma,Pottawatomie,40125,44351.0,71551.0,17.734189913132564,5.9138,0.0164,9.6133,83.3544,0.4848,0.0,0.6043,0.0131,4.0,2040060549.0,5.5904180235077074,3.507297861089122e-05,0.5143,0,-0.12104825163263158,0.502574,0.50123173,0.0031818234630181215,0.49804990652126535,train,Low,High
2174,Oklahoma,Creek,40037,46517.0,70931.0,15.604491760245004,6.4828,0.026,9.6691,82.5934,0.4963,0.0,0.7184,0.0138,5.0,2460877094.0,7.049104058874118,2.8823463054266617e-05,0.5361,0,-0.12104825163263158,0.40658382,0.40490577,0.004012044286038715,0.40089372196266426,test,Low,Low
2175,Oklahoma,Tillman,40141,37880.0,7611.0,16.11835701771462,7.7301,0.0281,10.9428,80.1347,0.463,0.0,0.6874,0.014,1.0,2256226760.0,13.138877939823939,3.3733311451372026e-06,0.5051,0,-0.12104825163263158,0.099548705,0.09679669,0.0074780794443046125,0.08931861197338947,train,Low,Low
2176,Oklahoma,Washita,40149,48715.0,11626.0,21.447963800904976,10.0947,0.009,12.341,76.4908,0.1624,0.0,0.9021,0.0,0.0,2598189859.0,0.0,4.474653751621775e-06,0.1714,0,-0.12104825163263158,0.05902642,0.056132667,0.0,0.056132666766643524,train,Low,Low
2177,Oklahoma,Cotton,40033,48732.0,6062.0,16.38241652654336,11.596,0.0,10.5181,76.9819,0.3825,0.0,0.5216,0.0,1.0,1638566730.0,16.49620587264929,3.699574688667089e-06,0.3825,0,-0.12104825163263158,0.084870115,0.08206676,0.009388924884625933,0.072677834582499,train,Low,Low
2178,Oklahoma,Kiowa,40075,38853.0,9239.0,17.570938571874027,9.8997,0.0346,11.3518,77.5614,0.4379,0.0,0.7145,0.0,1.0,2629209766.0,10.823682216690118,3.513983600500592e-06,0.47250000000000003,0,-0.12104825163263158,0.12180493,0.11913077,0.006160370456824592,0.11297039742504568,train,Low,Low
2179,Oklahoma,Le Flore,40079,37548.0,49885.0,14.527722270273493,6.9696,0.0064,9.7949,82.3143,0.3638,0.0,0.5446,0.0064,1.0,4116222830.0,2.0046106043900975,1.2119120382994426e-05,0.37660000000000005,0,-0.12104825163263158,0.17138794,0.16888721,0.00114093740905287,0.1677462754634523,train,Low,Low
2180,Oklahoma,Mccurtain,40089,33439.0,33071.0,13.759145920574294,8.7481,0.0031,10.5052,80.0545,0.3477,0.0,0.3351,0.0063,4.0,4793135130.0,12.095189138520153,6.899659430215146e-06,0.3571,0,-0.12104825163263158,0.07721571,0.07438558,0.006884057047032433,0.06750152635369389,train,Low,Low
2181,Oklahoma,Major,40093,51602.0,7721.0,16.871401151631478,10.2496,0.0,13.5971,75.0259,0.1726,0.0,0.9548,0.0,0.0,2473407963.0,0.0,3.121603922805839e-06,0.1726,0,-0.12104825163263158,0.06139497,0.0585095,0.0,0.058509498834609985,train,Low,Low
2182,Oklahoma,Mayes,40097,43302.0,40923.0,15.317771960442117,6.8487,0.015,9.4109,82.579,0.4729,0.0,0.6615,0.012,8.0,1697432142.0,19.54890892652054,2.4108769350733786e-05,0.4999,0,-0.12104825163263158,0.5269945,0.52573764,0.01112639105649193,0.5146112521853904,train,Low,High
2183,Oklahoma,Oklahoma,40109,48987.0,764698.0,30.80492139604973,2.4839,0.0306,10.0306,86.0825,0.8606,0.0,0.4862,0.0255,105.0,1835846192.0,13.730910764772498,0.00041653707338463135,0.9167,1,-0.12104825163263158,0.9872759,0.987629,0.007815038849733166,0.9798139575224898,train,High,High
2184,Oklahoma,Custer,40039,47250.0,29248.0,27.753925777803918,8.9929,0.0039,13.3207,76.4261,0.3917,0.0,0.857,0.0078,5.0,2561032754.0,17.09518599562363,1.1420392790493769e-05,0.4034,0,-0.12104825163263158,0.8050253,0.8047409,0.009729838390762172,0.7950110673709566,test,Low,High
2185,Oklahoma,Love,40085,46646.0,9768.0,13.444857496902108,9.4342,0.0,9.3597,80.217,0.5956,0.0,0.3935,0.0,1.0,1331240794.0,10.237510237510238,7.337515529891431e-06,0.5956,1,-0.12104825163263158,0.12315958,0.120490156,0.005826746790602212,0.1146634093234992,train,High,Low
2186,Oklahoma,Beckham,40009,48851.0,23290.0,18.29578844270323,12.4988,0.0187,13.8798,72.413,0.2566,0.0,0.9238,0.0093,4.0,2335665265.0,17.174753112924,9.971463098330574e-06,0.28459999999999996,0,-0.12104825163263158,0.30567303,0.303642,0.00977512454282566,0.2938668801854916,train,Low,Low
2187,Oklahoma,Choctaw,40023,30870.0,15051.0,12.954124866075778,9.8205,0.0,10.3353,78.9909,0.4335,0.0,0.4199,0.0,1.0,1995215215.0,6.644076805527871,7.543547125566602e-06,0.4335,0,-0.12104825163263158,0.026005728,0.022996474,0.003781520340881164,0.019214953716554826,train,Low,Low
2188,Oklahoma,Jackson,40065,44331.0,25864.0,20.61430132329732,6.0294,0.026,10.4412,81.9896,0.8348,0.0,0.6315,0.0476,2.0,2078855933.0,7.732755954222085,1.2441458587597085e-05,0.9084,1,-0.12104825163263158,0.56928366,0.5681747,0.004401149292499413,0.5637735705179864,train,High,High
2189,Oklahoma,Lincoln,40081,46592.0,34640.0,14.330204778156997,8.8698,0.0127,10.1114,79.8504,0.3757,0.0,0.7768,0.0032,4.0,2466490648.0,11.547344110854503,1.4044245425413832e-05,0.39159999999999995,0,-0.12104825163263158,0.19030951,0.18787496,0.006572247419238153,0.18130271049988264,train,Low,Low
2190,Oklahoma,Pawnee,40117,45902.0,16444.0,16.489977728285076,7.8407,0.0065,9.5752,81.3889,0.4093,0.0,0.76,0.0195,1.0,1471527632.0,6.0812454390659205,1.1174781663902864e-05,0.4353,0,-0.12104825163263158,0.22331129,0.22099218,0.0034611811390539045,0.21753099658578434,train,Low,Low
2191,Oklahoma,Seminole,40133,36870.0,25403.0,13.887051181812716,7.409,0.0096,10.6424,81.1116,0.2822,0.0,0.5405,0.0048,3.0,1639040855.0,11.80962878400189,1.5498698475090788e-05,0.29660000000000003,0,-0.12104825163263158,0.07905752,0.076233834,0.006721528478990955,0.06951230554925307,test,Low,Low
2192,Oklahoma,Cimarron,40025,44550.0,2269.0,19.774718397997496,14.4847,0.1548,11.173,72.671,0.2476,0.0,1.269,0.0,0.0,4752113920.0,0.0,4.774717185231115e-07,0.4024,0,-0.12104825163263158,0.06645117,0.06358339,0.0,0.0635833889245987,train,Low,Low
2193,Oklahoma,Blaine,40011,44216.0,9777.0,16.97056712132089,9.6761,0.02,12.1351,77.2991,0.1499,0.0,0.7097,0.01,0.0,2404605820.0,0.0,4.065947074851545e-06,0.1799,0,-0.12104825163263158,0.10473006,0.101996176,0.0,0.10199617594480515,train,Low,Low
2194,Oklahoma,Coal,40029,39231.0,5755.0,16.95876288659794,13.8166,0.0,9.6716,75.7581,0.1974,0.0,0.5383,0.0179,0.0,1338200617.0,0.0,4.300550998774498e-06,0.2153,0,-0.12104825163263158,0.048743498,0.045813773,0.0,0.045813772827386856,train,Low,Low
2195,Oklahoma,Grant,40053,54040.0,4497.0,24.27892234548336,10.346,0.0,12.8952,75.269,0.3145,0.0,1.1422,0.0331,0.0,2592245019.0,0.0,1.7347897158790914e-06,0.3476,0,-0.12104825163263158,0.079868615,0.077047765,0.0,0.07704776525497437,train,Low,Low
2196,Oklahoma,Kingfisher,40073,62912.0,15392.0,22.022740873728306,10.4964,0.0332,13.8238,74.1598,0.3316,0.0,1.1442,0.0111,1.0,2326224063.0,6.496881496881497,6.616731485508668e-06,0.3759,0,-0.12104825163263158,0.28146306,0.27934736,0.0036977431555744807,0.2756496169785503,train,Low,Low
2197,Oklahoma,Mcclain,40087,58673.0,37222.0,22.946751820363666,7.8903,0.0266,11.3732,79.5064,0.5207,0.0,0.6562,0.0266,3.0,1478114523.0,8.059749610445435,2.518208123985803e-05,0.5739,1,-0.12104825163263158,0.8287383,0.82853687,0.004587259898764365,0.8239496081966335,test,High,High
2198,Oklahoma,Marshall,40095,42886.0,16079.0,13.583053004818622,7.5496,0.0,11.2276,80.2149,0.5073,0.0,0.5006,0.0,0.0,961562655.0,0.0,1.6721739260974107e-05,0.5073,0,-0.12104825163263158,0.15007557,0.14750029,0.0,0.14750029146671295,train,Low,Low
2199,Oklahoma,Noble,40103,49367.0,11470.0,22.73423538422262,8.1177,0.028,11.4152,79.3181,0.2709,0.0,0.8314,0.0187,1.0,1895593648.0,8.718395815170009,6.0508748866624184e-06,0.3176,0,-0.12104825163263158,0.2967542,0.29469198,0.0049621327507064,0.2897298471343949,train,Low,Low
2200,Oklahoma,Nowata,40105,40302.0,10510.0,12.562257885998893,9.6602,0.0,8.6054,80.7462,0.1666,0.0,0.8217,0.0,0.0,1465358448.0,0.0,7.172306553624891e-06,0.1666,0,-0.12104825163263158,0.07488715,0.07204887,0.0,0.07204887270927429,train,Low,Low
2201,Oklahoma,Rogers,40131,59828.0,89970.0,23.18632043903092,6.032,0.0213,9.7119,82.9349,0.6326,0.0,0.6539,0.0133,8.0,1749945932.0,8.8918528398355,5.141301702800267e-05,0.6672,1,-0.12104825163263158,0.8979683,0.898009,0.005060856965708784,0.8929481452430009,test,High,High
2202,Oklahoma,Sequoyah,40135,36301.0,41344.0,14.096759242753754,6.0343,0.0032,9.4085,83.4551,0.4945,0.0,0.5979,0.0065,4.0,1743779422.0,9.674922600619196,2.370942074346832e-05,0.5042,0,-0.12104825163263158,0.15940107,0.15685841,0.005506546309075311,0.15135186810246948,train,Low,Low
2203,Oklahoma,Alfalfa,40003,52226.0,5784.0,20.90527298180121,10.8537,0.0178,14.0973,73.5341,0.3208,0.0,1.1584,0.0178,1.0,2244107192.0,17.28907330567082,2.5774169881988417e-06,0.35639999999999994,0,-0.12104825163263158,0.04859162,0.045661367,0.009840190638070958,0.035821176837915525,train,Low,Low
2204,Oklahoma,Woods,40151,57079.0,9125.0,26.71100997724488,10.59,0.0,13.2322,74.7029,0.2653,0.0,1.2097,0.0,1.0,3331900449.0,10.958904109589042,2.7386772623229716e-06,0.2653,0,-0.12104825163263158,0.18849955,0.18605869,0.006237332893216703,0.17982135229030838,train,Low,Low
2205,Oklahoma,Cleveland,40027,58488.0,271818.0,31.76997531848534,3.2552,0.0343,9.655,85.4101,1.0988,0.0,0.5119,0.0347,34.0,1395516163.0,12.508369570815768,0.00019477954265729276,1.1678,1,-0.12104825163263158,0.9900946,0.9904576,0.007119221428016106,0.9833383729666677,train,High,High
2206,Oklahoma,Okfuskee,40107,36044.0,12212.0,12.128174123337363,10.1681,0.0,9.933,79.1348,0.2586,0.0,0.5055,0.0,2.0,1602086607.0,16.377333770062233,7.622559196638987e-06,0.2586,0,-0.12104825163263158,0.041792512,0.038838476,0.009321268039731805,0.02951720790287989,train,Low,Low
2207,Oklahoma,Atoka,40005,36528.0,13847.0,14.715404699738905,10.5554,0.0,10.0201,78.7387,0.3095,0.0,0.3764,0.0,1.0,2526582870.0,7.221780891167762,5.480524769013414e-06,0.3095,0,-0.12104825163263158,0.04423576,0.04129027,0.004110324449382711,0.037179943852581096,test,Low,Low
2208,Oregon,Curry,41015,38661.0,22364.0,23.57512953367876,9.5281,0.0435,4.7028,83.473,1.7389,0.0,0.4189,0.0948,6.0,4217640656.0,26.828832051511355,5.30249061597627e-06,1.8772,1,-0.024934570656793102,0.9139979,0.9140947,0.015269807543534896,0.8988248789646438,train,High,High
2209,Oregon,Gilliam,41021,40556.0,1913.0,17.053103964098728,15.7341,0.0,6.6891,76.483,0.589,0.0,0.4628,0.0421,3.0,3120213949.0,156.82174594877156,6.130989833607721e-07,0.6311,1,-0.024934570656793102,0.41936707,0.41773373,0.08925613588698757,0.3284775929986631,train,High,Low
2210,Oregon,Hood River,41027,56581.0,22842.0,30.099113197704746,7.0946,0.2034,3.7257,86.8698,1.6039,0.0,0.4528,0.0499,26.0,1352203447.0,113.82540933368357,1.6892428466054635e-05,1.8572000000000002,1,-0.024934570656793102,0.9911622,0.99152887,0.06478448598702664,0.9267443826882052,test,High,High
2211,Oregon,Lake,41037,33453.0,7799.0,17.32054137399349,17.0402,0.0,5.4138,76.6142,0.3661,0.0,0.5325,0.0333,1.0,21078875989.0,12.822156686754713,3.699912653819826e-07,0.3994,0,-0.024934570656793102,0.24673857,0.2445014,0.007297815444364971,0.23720358156929927,test,Low,Low
2212,Oregon,Multnomah,41051,57449.0,778193.0,42.6805587679994,3.2845,0.3926,3.9444,88.2429,3.6235,0.0,0.3064,0.2056,243.0,1116597727.0,31.226186819979105,0.000696932280249931,4.2217,1,-0.024934570656793102,0.99842864,0.9988207,0.01777259114910618,0.9810481309540127,train,High,High
2213,Oregon,Jackson,41029,46343.0,210916.0,26.060999524800714,6.9937,0.1449,4.0314,86.2272,2.0202,0.0,0.4636,0.119,67.0,7208499990.0,31.76620076238882,2.9259346645292846e-05,2.2840999999999996,1,-0.024934570656793102,0.9875503,0.98790437,0.01807994366283431,0.9698244261682509,train,High,High
2214,Oregon,Grant,41023,40193.0,7227.0,21.726461482425787,17.5996,0.0,4.7685,76.6068,0.4492,0.0,0.5529,0.023,6.0,11726927791.0,83.02200083022001,6.16273940524002e-07,0.4722,0,-0.024934570656793102,0.43304956,0.43146408,0.04725252191830835,0.3842115541238669,train,Low,Low
2215,Oregon,Clackamas,41005,68915.0,394967.0,34.06380722751569,6.246,0.2916,4.8306,85.6262,2.4669,0.0,0.3822,0.1564,206.0,4845049032.0,52.156256092281126,8.151971164612974e-05,2.9149,1,-0.024934570656793102,0.998662,0.99905497,0.02968507876866699,0.9693698895884192,train,High,High
2216,Oregon,Tillamook,41057,43777.0,25552.0,20.861941480933773,8.182,0.0722,5.4932,84.4624,1.3426,0.0,0.3898,0.0577,24.0,2855122943.0,93.9261114589856,8.94952704668872e-06,1.4725000000000001,1,-0.024934570656793102,0.8973784,0.89741707,0.05345866873882506,0.8439583997426202,train,High,High
2217,Oregon,Josephine,41033,37867.0,84063.0,17.27030798688865,7.4428,0.0543,3.8356,86.4923,1.5675,0.0,0.5587,0.0488,15.0,4244087602.0,17.843760037115022,1.9807084085725713e-05,1.6705999999999999,1,-0.024934570656793102,0.8099161,0.8096488,0.010155894266907392,0.7994929175502618,train,High,High
2218,Oregon,Umatilla,41059,49287.0,76582.0,15.565656565656566,9.8385,0.0211,6.1445,82.547,0.9411,0.0,0.4825,0.0253,20.0,8327941916.0,26.11579744587501,9.195789400604172e-06,0.9875,1,-0.024934570656793102,0.9011985,0.90125054,0.01486397917280886,0.8863865620373657,train,High,High
2219,Oregon,Columbia,41009,55146.0,49645.0,19.183988122430335,8.5561,0.0985,4.9375,84.3888,1.4025,0.0,0.5201,0.0966,22.0,1704178259.0,44.314633900694936,2.9131342180794715e-05,1.5976000000000001,1,-0.024934570656793102,0.94510764,0.9453133,0.02522196753576902,0.9200913073246131,train,High,High
2220,Oregon,Wasco,41065,46814.0,25657.0,18.55056179775281,8.3248,0.0642,4.2172,85.525,1.2081,0.0,0.5625,0.0982,18.0,6167121090.0,70.15629262969169,4.160288021845863e-06,1.3705,1,-0.024934570656793102,0.8147149,0.81446445,0.039929918841284766,0.7745345310412226,train,High,High
2221,Oregon,Lane,41039,45222.0,360273.0,28.6801760093085,5.7987,0.1386,4.309,86.755,2.5141,0.0,0.3847,0.0999,123.0,11799215321.0,34.14077657776186,3.0533640602252045e-05,2.7525999999999997,1,-0.024934570656793102,0.9928717,0.9932444,0.019431449223294824,0.9738129603378624,test,High,High
2222,Oregon,Washington,41067,69743.0,564088.0,41.19980546537152,3.4574,0.3688,4.9492,87.9489,2.8206,0.0,0.2376,0.2175,253.0,1875835193.0,44.85115797535136,0.00030071298486401734,3.4069,1,-0.024934570656793102,0.9986002,0.99899286,0.02552733376813974,0.9734655265490905,train,High,High
2223,Oregon,Clatsop,41007,47492.0,37660.0,24.085275892593685,6.7274,0.0728,5.1345,85.6126,1.9999,0.0,0.3881,0.0647,30.0,2145196270.0,79.66011683483802,1.7555503208105055e-05,2.1374000000000004,1,-0.024934570656793102,0.94217414,0.9423695,0.04533908336479214,0.8970304372994229,test,High,High
2224,Oregon,Union,41061,45564.0,25758.0,23.256086142322097,11.7327,0.0154,6.775,80.1227,0.8102,0.0,0.5131,0.0309,8.0,5275597063.0,31.058311980743845,4.882480540572702e-06,0.8565,1,-0.024934570656793102,0.8978785,0.89791894,0.017677044071931797,0.8802418955185223,train,High,High
2225,Oregon,Marion,41047,50775.0,326527.0,22.412801116749353,5.0802,0.1118,5.4762,86.8367,1.9141,0.0,0.4868,0.0942,117.0,3057605346.0,35.831646387588165,0.00010679174159188561,2.1201,1,-0.024934570656793102,0.9908736,0.99123925,0.020393818980116444,0.9708454307261518,train,High,High
2226,Oregon,Douglas,41019,42052.0,107375.0,16.325674782697096,8.4028,0.0292,4.7406,85.0774,1.2369,0.0,0.4712,0.0419,45.0,13042299244.0,41.90919674039581,8.232827509259685e-06,1.308,1,-0.024934570656793102,0.90972924,0.90981114,0.02385289703634094,0.8859582420704095,train,High,High
2227,Oregon,Jefferson,41031,47063.0,22305.0,16.1166080084999,9.9772,0.0243,5.3503,83.2597,0.9128,0.0,0.4564,0.0194,13.0,4615975256.0,58.28289621161174,4.8321316218078095e-06,0.9564999999999999,1,-0.024934570656793102,0.6490442,0.6482143,0.03317209659080167,0.6150421840145145,train,High,High
2228,Oregon,Polk,41053,54010.0,78470.0,29.752627582623987,6.039,0.128,4.8868,86.1353,2.2768,0.0,0.4309,0.1032,22.0,1918983308.0,28.036192175353637,4.089144479416181e-05,2.5080000000000005,1,-0.024934570656793102,0.9969867,0.99737376,0.015956984558598866,0.9814167751879527,train,High,High
2229,Oregon,Deschutes,41017,54211.0,170813.0,33.31258548251038,8.3933,0.1126,4.9304,84.4839,1.5983,0.0,0.4044,0.077,92.0,7815567168.0,53.86006919848021,2.185548359169319e-05,1.7879,1,-0.024934570656793102,0.9977545,0.9981443,0.030654815288388013,0.9674895133058198,train,High,High
2230,Oregon,Linn,41043,46782.0,119862.0,18.12898911920248,7.8101,0.0543,4.9924,85.1692,1.4586,0.0,0.4503,0.065,28.0,5923493230.0,23.36019756052794,2.023501932828241e-05,1.5778999999999999,1,-0.024934570656793102,0.96512115,0.96539676,0.013295611238064334,0.9521011506561617,train,High,High
2231,Oregon,Yamhill,41071,54951.0,102217.0,24.50152579030012,6.4636,0.1394,4.878,86.1681,1.8364,0.0,0.4205,0.094,57.0,1854169175.0,55.76371836387294,5.51281950850035e-05,2.0698,1,-0.024934570656793102,0.98892725,0.9892861,0.03173828982541395,0.9575478348808544,train,High,High
2232,Oregon,Baker,41001,41722.0,16030.0,22.992886178861788,13.4328,0.04,5.7586,79.6592,0.629,0.0,0.4689,0.0114,4.0,7945996927.0,24.953212726138492,2.0173680089821156e-06,0.6804,1,-0.024934570656793102,0.8932302,0.89325434,0.014202286375696172,0.8790520533192806,test,High,High
2233,Oregon,Klamath,41035,41951.0,65946.0,18.903410206619682,10.503,0.0253,4.6376,83.5409,0.7566,0.0,0.5098,0.0268,30.0,15391613774.0,45.491765990355745,4.284540982401603e-06,0.8087000000000001,1,-0.024934570656793102,0.9247871,0.92492163,0.025891940064872353,0.8990296917481769,train,High,High
2234,Oregon,Lincoln,41041,41303.0,46685.0,23.044932138140332,5.6652,0.0841,4.7098,86.6598,2.4433,0.0,0.3839,0.0539,40.0,2539217125.0,85.68062546856592,1.838558803828168e-05,2.5812999999999997,1,-0.024934570656793102,0.96979785,0.97008985,0.048765695748615105,0.9213241570612909,test,High,High
2235,Oregon,Benton,41003,52015.0,87455.0,53.69443180094068,5.4395,0.2756,3.9983,86.125,3.5519,0.0,0.4105,0.1992,35.0,1748712528.0,40.020582013607,5.00110787792103e-05,4.0267,1,-0.024934570656793102,0.99728596,0.99767405,0.022777979449672223,0.9748960684972577,train,High,High
2236,Oregon,Crook,41013,39583.0,21334.0,16.12821966118773,14.6614,0.0313,4.6967,79.1233,0.8493,0.0,0.6067,0.0313,12.0,7715294911.0,56.24824224242992,2.765156775742075e-06,0.9119,1,-0.024934570656793102,0.723322,0.7227518,0.03201405980159505,0.69073773644398,test,High,High
2237,Oregon,Sherman,41055,41389.0,1705.0,16.972477064220186,16.1422,0.0,5.2309,77.2374,0.8173,0.0,0.4904,0.0817,1.0,2133151552.0,58.651026392961874,7.992868572331048e-07,0.899,1,-0.024934570656793102,0.5633779,0.5622483,0.03338162032293396,0.5288666692621795,train,High,High
2238,Oregon,Harney,41025,38431.0,7214.0,17.322987390882638,19.0138,0.0,5.041,74.8685,0.5017,0.0,0.5261,0.0489,3.0,26248071434.0,41.58580537843083,2.748392398328917e-07,0.5506,0,-0.024934570656793102,0.43055946,0.42896527,0.02366883669972376,0.40529643381953284,train,Low,Low
2239,Oregon,Malheur,41045,34720.0,30474.0,13.273176387558602,9.3079,0.018,6.378,82.8456,0.7883,0.0,0.6443,0.018,6.0,25608869178.0,19.688915140775745,1.189978354303107e-06,0.8243,1,-0.024934570656793102,0.5084167,0.50709486,0.011206076521087302,0.495888783555817,train,High,High
2240,Oregon,Wallowa,41063,42349.0,6836.0,25.150489089541004,17.5349,0.0233,5.7442,75.4302,0.6279,0.0,0.6047,0.0349,4.0,8147836571.0,58.51375073142189,8.389957187323658e-07,0.6861,1,-0.024934570656793102,0.8384212,0.8382537,0.03330348897051048,0.8049501879208164,train,High,High
2241,Oregon,Wheeler,41069,33400.0,1369.0,16.95804195804196,16.1575,0.0,5.3467,77.3208,0.4113,0.0,0.7051,0.0588,3.0,4444476926.0,219.1380569758948,3.0802274886194336e-07,0.4701,0,-0.024934570656793102,0.3843279,0.382572,0.12472387724748518,0.2578481180108461,train,Low,Low
2242,Oregon,Morrow,41049,54441.0,11207.0,9.95732574679943,12.0505,0.0,6.56,80.0674,0.8842,0.0,0.4295,0.0084,3.0,5259049905.0,26.76898367091996,2.1309932787184686e-06,0.8926,1,-0.024934570656793102,0.366671,0.36485332,0.015235744441135648,0.3496175780648153,train,High,Low
2243,Oregon,Coos,41011,39110.0,62944.0,18.355000643583473,7.9607,0.0419,4.8693,85.1617,1.4651,0.0,0.4255,0.0758,24.0,4133580446.0,38.12913065582105,1.5227476717166568e-05,1.5828000000000002,1,-0.024934570656793102,0.9473743,0.94758785,0.021701447375674535,0.9258864003339812,train,High,High
2244,Pennsylvania,Pike,42103,61199.0,56210.0,25.296043723380684,2.3036,0.0122,6.0549,90.2626,0.9462,0.0,0.3776,0.0428,15.0,1411441331.0,26.685643123999288,3.982453876433919e-05,1.0012,1,-0.011907622403389832,0.96871793,0.9690061,0.015188310616599112,0.9538178105420008,train,High,High
2245,Pennsylvania,Snyder,42109,51110.0,40246.0,16.67794062382563,4.3224,0.0026,7.0159,87.1329,1.0081,0.0,0.4823,0.0359,3.0,851526093.0,7.454156934850668,4.7263378457622904e-05,1.0466,1,-0.011907622403389832,0.6726972,0.67195,0.0042425828144860905,0.6677073998286414,train,High,High
2246,Pennsylvania,Susquehanna,42115,50160.0,41832.0,16.748558700209642,4.8133,0.0022,8.1792,85.9142,0.5126,0.0,0.5654,0.0132,2.0,2132879370.0,4.781028877414419,1.961292353819335e-05,0.5279999999999999,0,-0.011907622403389832,0.34277463,0.3408734,0.002721154267097074,0.3381522361690754,train,Low,Low
2247,Pennsylvania,Crawford,42039,45637.0,87027.0,20.632987420334345,2.9921,0.0045,8.7479,87.1875,0.5871,0.0,0.4717,0.009,5.0,2621846809.0,5.745343399174969,3.319301482499392e-05,0.6005999999999999,1,-0.011907622403389832,0.763754,0.7633253,0.0032700002671930783,0.7600552737234381,train,High,High
2248,Pennsylvania,Erie,42049,47094.0,279133.0,26.962593675598807,1.6648,0.0192,8.8565,88.3904,0.6295,0.0,0.4138,0.0258,35.0,2069952475.0,12.538825577771169,0.00013484995591505066,0.6745,1,-0.011907622403389832,0.98143274,0.9817654,0.007136555666191686,0.9746288337762522,train,High,High
2249,Pennsylvania,Fulton,42057,49420.0,14653.0,13.376897943494138,4.9559,0.0,5.6559,88.389,0.3348,0.0,0.6645,0.0,1.0,1133252798.0,6.824541049614414,1.2930036463055792e-05,0.3348,0,-0.011907622403389832,0.160712,0.15817393,0.0038842327612504204,0.15428970086397084,train,Low,Low
2250,Pennsylvania,Juniata,42067,49028.0,24811.0,13.312640110363855,4.6914,0.0,7.2303,87.0918,0.5047,0.0,0.4779,0.0038,1.0,1013592887.0,4.030470355890532,2.4478269646736382e-05,0.5085000000000001,0,-0.011907622403389832,0.39954466,0.397842,0.0022939689109911896,0.39554802108305787,test,Low,Low
2251,Pennsylvania,Schuylkill,42107,46573.0,145503.0,15.316214841468698,2.6088,0.0068,6.4106,89.9681,0.5346,0.0,0.4549,0.0162,9.0,2016645897.0,6.185439475474733,7.215099101753708e-05,0.5576,1,-0.011907622403389832,0.6681717,0.66740865,0.00352048386531839,0.6638881612877273,train,High,High
2252,Pennsylvania,Wyoming,42131,53397.0,27975.0,18.60028420625254,4.0796,0.0094,7.8606,86.9472,0.5217,0.0,0.5689,0.0126,1.0,1029016039.0,3.5746201966041107,2.7186165171133935e-05,0.5437000000000001,0,-0.011907622403389832,0.6195041,0.6185708,0.002034518772139496,0.6165362858238078,test,Low,High
2253,Pennsylvania,Adams,42001,61927.0,101759.0,21.866734558209927,3.1941,0.013,5.7032,89.5655,1.0101,0.0,0.489,0.0251,15.0,1343394713.0,14.740710895350778,7.574765555892135e-05,1.0481999999999998,1,-0.011907622403389832,0.920361,0.92048,0.008389773285498442,0.9120902396081784,test,High,High
2254,Pennsylvania,Delaware,42045,66576.0,562316.0,36.78357389498194,1.1685,0.0541,5.9976,91.1391,1.3229,0.0,0.2362,0.0815,69.0,476226983.0,12.27068054261305,0.0011807730768586039,1.4585,1,-0.011907622403389832,0.99680066,0.9971871,0.0069839391425667524,0.9902031388565482,train,High,High
2255,Pennsylvania,Somerset,42111,45424.0,76201.0,15.466105441876094,3.3845,0.005,8.2759,87.3573,0.4029,0.0,0.5583,0.0162,5.0,2782597159.0,6.561593679872968,2.7384847912151557e-05,0.4241,0,-0.011907622403389832,0.49667087,0.49530792,0.0037345745233397466,0.4915733478399415,train,Low,Low
2256,Pennsylvania,Cameron,42023,40347.0,4807.0,15.583700440528633,2.2544,0.0,8.8314,88.1489,0.3723,0.0,0.393,0.0,0.0,1026229553.0,0.0,4.684137175690944e-06,0.3723,0,-0.011907622403389832,0.044483066,0.04153844,0.0,0.04153843969106674,train,Low,Low
2257,Pennsylvania,Bucks,42017,79559.0,626220.0,38.34954420354913,2.1235,0.0502,6.0769,89.9057,1.4246,0.0,0.3216,0.0975,110.0,1565408723.0,17.565711730701672,0.0004000360997094048,1.5723,1,-0.011907622403389832,0.9967811,0.9971675,0.009997641230823457,0.9871698864448052,train,High,High
2258,Pennsylvania,Lehigh,42077,57685.0,358792.0,28.907873754289014,1.631,0.0213,5.3128,91.5748,1.0692,0.0,0.3396,0.0513,89.0,894010231.0,24.80545831568151,0.0004013287404984966,1.1418,1,-0.011907622403389832,0.9940561,0.9944329,0.01411819097388909,0.9803147352040894,train,High,High
2259,Pennsylvania,Clarion,42031,42890.0,38939.0,20.87369347984226,3.3696,0.005,10.318,85.3454,0.4187,0.0,0.5284,0.015,3.0,1556152465.0,7.7043580985644216,2.5022612421206428e-05,0.43870000000000003,0,-0.011907622403389832,0.69848305,0.697826,0.004384986464773292,0.693441041405405,train,Low,High
2260,Pennsylvania,Greene,42059,49116.0,37669.0,17.330394500896592,4.648,0.0052,9.389,85.157,0.2739,0.0,0.5141,0.0129,2.0,1491700969.0,5.309405612041732,2.5252380190684183e-05,0.292,0,-0.011907622403389832,0.5526747,0.55150765,0.003021883386901824,0.5484857684189759,train,Low,High
2261,Pennsylvania,Luzerne,42079,46577.0,318917.0,22.05255290346193,1.6794,0.0106,6.0507,91.2571,0.6229,0.0,0.3606,0.0189,37.0,2305974195.0,11.601764722482653,0.0001383003334085445,0.6524000000000001,1,-0.011907622403389832,0.9558116,0.9560547,0.006603221270964825,0.9494514662290352,test,High,High
2262,Pennsylvania,Armstrong,42005,45879.0,67512.0,15.50417365644643,2.9553,0.0028,9.3654,86.798,0.3722,0.0,0.4898,0.0166,3.0,1691718475.0,4.443654461429079,3.990734924142742e-05,0.3916,0,-0.011907622403389832,0.51358104,0.51227725,0.002529135382625418,0.50974811013892,test,Low,High
2263,Pennsylvania,Clinton,42035,47163.0,39536.0,17.492513475743664,3.7241,0.0084,8.0548,87.3111,0.4943,0.0,0.3876,0.0197,4.0,2299868230.0,10.117361392148927,1.7190550086428214e-05,0.5224000000000001,0,-0.011907622403389832,0.47320163,0.4717566,0.005758363279097774,0.46599824401498485,test,Low,Low
2264,Pennsylvania,Carbon,42025,50822.0,64330.0,15.975829534612531,2.2311,0.0041,5.824,90.8081,0.5951,0.0,0.5142,0.0233,9.0,987977576.0,13.99036219493238,6.511281385601003e-05,0.6224999999999999,1,-0.011907622403389832,0.77270633,0.7723089,0.007962707350465129,0.7643461787007129,train,High,High
2265,Pennsylvania,Centre,42027,54407.0,159178.0,42.39558119448502,3.2997,0.0378,7.1692,87.4239,1.6382,0.0,0.3717,0.0594,33.0,2874542864.0,20.73150812298182,5.537506571688402e-05,1.7354,1,-0.011907622403389832,0.99602973,0.99641347,0.011799475225658567,0.9846139940889166,train,High,High
2266,Pennsylvania,Northumberland,42097,43701.0,93590.0,15.021415009640435,2.7773,0.0078,6.7017,89.3305,0.6609,0.0,0.4773,0.0445,2.0,1186219234.0,2.1369804466289133,7.889772591564639e-05,0.7132000000000001,1,-0.011907622403389832,0.50456077,0.50322545,0.0012162765819126488,0.5020091691654628,train,High,High
2267,Pennsylvania,Northampton,42095,62753.0,300520.0,27.873865311040387,2.2775,0.0286,6.0194,90.2792,0.9728,0.0,0.3618,0.0607,43.0,957324109.0,14.308531878077998,0.0003139166737521284,1.0621,1,-0.011907622403389832,0.98849595,0.98885334,0.008143795733980778,0.9807095396465734,test,High,High
2268,Pennsylvania,Venango,42121,43885.0,53460.0,16.510386986478785,2.5927,0.004,9.0827,87.3805,0.4851,0.0,0.4408,0.0141,6.0,1746388722.0,11.22334455667789,3.061174143335999e-05,0.5032,0,-0.011907622403389832,0.5155638,0.5142669,0.006387840925993536,0.5078790672427992,train,Low,High
2269,Pennsylvania,Beaver,42007,51887.0,169205.0,23.40432479204591,2.0385,0.0144,7.9804,89.0015,0.5306,0.0,0.41,0.0246,10.0,1125901161.0,5.909990839514199,0.00015028406210161106,0.5695999999999999,1,-0.011907622403389832,0.9464369,0.94664717,0.0033637104488994066,0.9432834567569112,train,High,High
2270,Pennsylvania,Lackawanna,42069,46673.0,213006.0,26.099352340255056,1.6501,0.0063,6.031,91.2484,0.6755,0.0,0.3734,0.0154,23.0,1188217624.0,10.79781790184314,0.00017926514107991382,0.6971999999999999,1,-0.011907622403389832,0.9720186,0.97231835,0.006145649610639397,0.966172701658129,train,High,High
2271,Pennsylvania,Mckean,42083,44023.0,42609.0,16.995155617492866,3.1502,0.0025,10.2988,85.6065,0.4204,0.0,0.4938,0.0279,3.0,2536105992.0,7.040766035344645,1.680095395634395e-05,0.4508,0,-0.011907622403389832,0.30140728,0.29936135,0.004007298644694952,0.2953540495074657,train,Low,Low
2272,Pennsylvania,Fayette,42051,40511.0,134229.0,14.73369988921259,2.7184,0.0047,7.0907,89.3122,0.3571,0.0,0.5021,0.0148,10.0,2046968026.0,7.449954927772686,6.557454649758169e-05,0.37659999999999993,0,-0.011907622403389832,0.45386034,0.45234767,0.0042401912143130325,0.4481074748108487,train,Low,Low
2273,Pennsylvania,Montgomery,42091,81902.0,815876.0,47.45733020109068,1.4972,0.0604,5.772,90.6335,1.6787,0.0,0.2602,0.098,229.0,1250992095.0,28.067990724080616,0.0006521831778641255,1.8371000000000002,1,-0.011907622403389832,0.9976451,0.9980344,0.015975082913320098,0.9820593347159219,train,High,High
2274,Pennsylvania,Clearfield,42033,43361.0,81170.0,13.218933315352977,2.772,0.0036,8.7787,87.6202,0.3845,0.0,0.4303,0.0108,6.0,2964701490.0,7.391893556732782,2.737881040428121e-05,0.3989,0,-0.011907622403389832,0.33571967,0.33379376,0.004207145200241646,0.3295866141457667,train,Low,Low
2275,Pennsylvania,Lebanon,42075,56191.0,136950.0,19.858920453332765,3.3818,0.019,6.1489,88.9146,0.9504,0.0,0.5285,0.0569,17.0,937138344.0,12.413289521723256,0.0001461363745031011,1.0263,1,-0.011907622403389832,0.9059593,0.906028,0.007065105988026585,0.8989628667101851,train,High,High
2276,Pennsylvania,Lycoming,42081,48731.0,116313.0,20.624690133862174,3.2689,0.0027,7.4058,88.1672,0.7447,0.0,0.3964,0.0143,13.0,3182060988.0,11.176738627668447,3.655272492847645e-05,0.7617,1,-0.011907622403389832,0.90731233,0.90738577,0.006361314852663343,0.9010244516535317,train,High,High
2277,Pennsylvania,Montour,42093,55233.0,18404.0,28.49446273570787,3.2573,0.0465,7.5591,87.648,0.9255,0.0,0.486,0.0776,7.0,337326240.0,38.035209737013695,5.455845949013632e-05,1.0495999999999999,1,-0.011907622403389832,0.980249,0.9805775,0.021647991662367794,0.9589295368143473,train,High,High
2278,Pennsylvania,Warren,42123,44977.0,40649.0,18.427982983320952,3.0833,0.0025,9.8756,86.1063,0.5035,0.0,0.4038,0.0249,2.0,2289914221.0,4.920170237890231,1.775131995217213e-05,0.5308999999999999,0,-0.011907622403389832,0.4107149,0.4090513,0.0028003474944329454,0.4062509516007209,train,Low,Low
2279,Pennsylvania,Butler,42019,63345.0,185974.0,33.2901534546458,2.822,0.0224,8.802,87.1509,0.6859,0.0,0.4842,0.0326,26.0,2042451310.0,13.980448879950963,9.105431257502046e-05,0.7408999999999999,1,-0.011907622403389832,0.99584514,0.9962282,0.007957065121552812,0.9882711529570605,train,High,High
2280,Pennsylvania,Elk,42047,47917.0,31111.0,17.77367773677737,2.7599,0.0059,10.9799,85.4959,0.3717,0.0,0.3777,0.0089,1.0,2142856032.0,3.21429719391855,1.4518474193043688e-05,0.3865,0,-0.011907622403389832,0.35085085,0.34897786,0.0018294385474784613,0.34714842524112627,train,Low,Low
2281,Pennsylvania,Lancaster,42071,59237.0,533110.0,25.650329997150088,2.7921,0.0243,6.3098,89.1498,1.2544,0.0,0.4139,0.0557,128.0,2444606396.0,24.010054210200522,0.00021807600637562924,1.3344,1,-0.011907622403389832,0.9857232,0.9860709,0.013665481456504489,0.9724053898966449,train,High,High
2282,Pennsylvania,Mercer,42085,45831.0,114598.0,21.574785415780386,2.6351,0.0059,9.1331,87.1547,0.6129,0.0,0.4405,0.0177,11.0,1741978098.0,9.59877135726627,6.57861313707516e-05,0.6365000000000001,1,-0.011907622403389832,0.8736069,0.87356246,0.00546320432430432,0.8680992508530028,train,High,High
2283,Pennsylvania,Potter,42105,40921.0,17239.0,15.048701298701298,4.192,0.0057,9.7526,85.2251,0.2863,0.0,0.5269,0.0115,3.0,2800612691.0,17.402401531411336,6.155438792161069e-06,0.3035,0,-0.011907622403389832,0.102821246,0.100080684,0.009904692148721342,0.09017599167867886,test,Low,Low
2284,Pennsylvania,Tioga,42117,48449.0,42031.0,20.486856909072312,3.7875,0.0022,8.5018,86.7382,0.4797,0.0,0.4775,0.0131,9.0,2936469318.0,21.41276676738598,1.4313447698008606e-05,0.495,0,-0.011907622403389832,0.6360015,0.63512594,0.012187218097485705,0.6229387169801816,train,Low,High
2285,Pennsylvania,Columbia,42037,46952.0,66772.0,21.35946755712097,3.3118,0.0105,6.4877,88.9418,0.6809,0.0,0.5271,0.0403,15.0,1251240776.0,22.46450608039298,5.336462915911238e-05,0.7316999999999999,1,-0.011907622403389832,0.9296061,0.9297575,0.012785822496840533,0.9169716533561257,test,High,High
2286,Pennsylvania,Jefferson,42065,43913.0,44575.0,14.828318696300055,3.2085,0.0,9.9338,86.0024,0.3495,0.0,0.5015,0.0043,4.0,1689784203.0,8.9736399326977,2.6379108007319915e-05,0.3538,0,-0.011907622403389832,0.40856415,0.40689301,0.005107406631573969,0.401785608276263,train,Low,Low
2287,Pennsylvania,Perry,42099,58585.0,45647.0,16.344442015179435,4.2015,0.0093,6.6332,88.0016,0.6284,0.0,0.4998,0.0261,2.0,1428244405.0,4.3814489451661665,3.1960216220836516e-05,0.6638,1,-0.011907622403389832,0.5751307,0.5740422,0.0024937307008391528,0.5715484703413362,train,High,High
2288,Pennsylvania,Sullivan,42113,44926.0,6302.0,15.51128278105306,5.0402,0.0,7.0479,87.0396,0.3046,0.0,0.5539,0.0138,1.0,1165338399.0,15.867978419549349,5.4078712289991225e-06,0.31839999999999996,0,-0.011907622403389832,0.060441438,0.057552632,0.009031365066741098,0.048521266877676855,train,Low,Low
2289,Pennsylvania,Dauphin,42043,54968.0,271962.0,29.32458995434763,2.2831,0.0189,6.7585,89.4486,1.1071,0.0,0.332,0.0518,65.0,1359893288.0,23.90039784969959,0.0001999877508035763,1.1778,1,-0.011907622403389832,0.9924165,0.9927876,0.013603069812286851,0.9791845297513118,train,High,High
2290,Pennsylvania,Franklin,42055,55751.0,152707.0,20.05544674368655,3.5785,0.0112,5.9125,89.1239,0.8359,0.0,0.5108,0.0272,16.0,2000052118.0,10.477581250368353,7.635151035599163e-05,0.8743,1,-0.011907622403389832,0.92964214,0.92979366,0.005963384798402421,0.9238302710739426,test,High,High
2291,Pennsylvania,Union,42119,51349.0,45178.0,22.14197410371527,3.9175,0.0193,7.524,86.6507,1.4591,0.0,0.3909,0.0385,8.0,818399144.0,17.707733852760192,5.520289253870481e-05,1.5169000000000001,1,-0.011907622403389832,0.9217267,0.92185056,0.010078474062703511,0.9117720880329386,test,High,High
2292,Pennsylvania,Wayne,42127,50595.0,51307.0,20.513086560659904,3.5458,0.0111,7.3963,87.8172,0.6928,0.0,0.5201,0.0167,7.0,1879307107.0,13.643362504141734,2.7301019513464756e-05,0.7206,1,-0.011907622403389832,0.86865103,0.8685892,0.00776521017705609,0.8608240122541267,train,High,High
2293,Pennsylvania,Bedford,42009,46746.0,48852.0,13.762533280462245,3.8961,0.0034,6.7063,88.2782,0.3888,0.0,0.7189,0.0084,7.0,2621836594.0,14.328993695242772,1.863274016076991e-05,0.4006,0,-0.011907622403389832,0.32755956,0.3256051,0.008155441712810465,0.31744965272002035,test,Low,Low
2294,Pennsylvania,Monroe,42089,58980.0,167126.0,23.55393065931931,2.2517,0.0094,5.2792,91.2564,0.8278,0.0,0.3376,0.038,23.0,1575385119.0,13.762071730311263,0.00010608580593047992,0.8752,1,-0.011907622403389832,0.9808475,0.9811781,0.007832774319757879,0.973345330557714,train,High,High
2295,Pennsylvania,Huntingdon,42061,45250.0,45844.0,14.71208831534204,4.088,0.0082,6.479,88.3848,0.5766,0.0,0.451,0.0124,2.0,2265337403.0,4.362621062734491,2.023716199595191e-05,0.5972,1,-0.011907622403389832,0.3982982,0.39659116,0.0024830146867900887,0.39410814203432504,train,High,Low
2296,Pennsylvania,Washington,42125,57534.0,208269.0,28.13731953769358,3.1681,0.017,8.8665,86.9078,0.5404,0.0,0.4666,0.0336,26.0,2219590653.0,12.483855014428457,9.383216662878964e-05,0.591,1,-0.011907622403389832,0.98858124,0.9889389,0.007105268805802413,0.9818336588446492,train,High,High
2297,Pennsylvania,Philadelphia,42101,39770.0,1559938.0,26.349719681777962,0.6607,0.0197,5.1083,92.9473,1.0352,0.0,0.1836,0.0452,188.0,347519465.0,12.051761031528176,0.004488778779628934,1.1000999999999999,1,-0.011907622403389832,0.9396317,0.93981814,0.006859339652161338,0.9329588041924431,train,High,High
2298,Pennsylvania,York,42133,59853.0,440604.0,23.115343567851575,2.6257,0.0192,5.8386,90.0648,0.9848,0.0,0.4297,0.0372,46.0,2341883204.0,10.440213888208005,0.00018814089415195275,1.0412,1,-0.011907622403389832,0.97935736,0.9796828,0.005942116916613809,0.9737406862373779,test,High,High
2299,Pennsylvania,Indiana,42063,45118.0,87491.0,22.153352925460858,3.3578,0.006,8.462,87.2028,0.47,0.0,0.4905,0.0108,11.0,2142009116.0,12.572721765667326,4.084529769106734e-05,0.48679999999999995,0,-0.011907622403389832,0.88219,0.8821755,0.007155847906146078,0.8750196572551393,train,Low,High
2300,Pennsylvania,Cumberland,42041,62640.0,243838.0,33.64301303604082,2.5636,0.0322,5.9245,89.6562,1.3678,0.0,0.3921,0.0636,71.0,1412834155.0,29.117692894462714,0.00017258784347551394,1.4636,1,-0.011907622403389832,0.9966738,0.99705976,0.016572527859450827,0.9804872346184239,train,High,High
2301,Pennsylvania,Allegheny,42003,54357.0,1230360.0,39.06958142980334,1.1575,0.0417,7.5592,89.7925,1.0836,0.0,0.3014,0.0641,460.0,1890889706.0,37.3874313209142,0.0006506778243574615,1.1894,1,-0.011907622403389832,0.9975553,0.9979444,0.02127930428433719,0.9766651103312939,train,High,High
2302,Pennsylvania,Westmoreland,42129,54142.0,359377.0,26.905809139672538,2.2762,0.0114,8.0343,88.5557,0.6433,0.0,0.4466,0.0326,34.0,2661370994.0,9.460816913714567,0.00013503453701502242,0.6872999999999999,1,-0.011907622403389832,0.97484946,0.9751591,0.005384686638600917,0.9697744220001625,test,High,High
2303,Pennsylvania,Forest,42053,36594.0,7493.0,8.298691301000769,3.766,0.0,9.8295,85.6703,0.2605,0.0,0.4263,0.0474,0.0,1106623936.0,0.0,6.771044576429621e-06,0.3079,0,-0.011907622403389832,0.034184173,0.031203523,0.0,0.03120352327823639,train,Low,Low
2304,Pennsylvania,Blair,42013,44033.0,125917.0,19.533862523222428,2.2302,0.0079,7.4099,89.3408,0.5249,0.0,0.4643,0.022,17.0,1361815247.0,13.500956979597671,9.246261581913395e-05,0.5548000000000001,0,-0.011907622403389832,0.81113374,0.81087077,0.00768415912911077,0.8031866075105987,train,Low,High
2305,Pennsylvania,Lawrence,42073,45764.0,88528.0,20.32806650168158,2.2922,0.0051,7.5203,89.2175,0.554,0.0,0.4006,0.0103,3.0,927644463.0,3.3887583589372854,9.543311422751412e-05,0.5694,1,-0.011907622403389832,0.75173837,0.7512676,0.0019287342756168357,0.7493388777048214,train,High,High
2306,Pennsylvania,Bradford,42015,51035.0,61808.0,17.681724375143315,4.0629,0.0045,8.3284,86.3603,0.6257,0.0,0.6079,0.0104,8.0,2971750814.0,12.943308309603935,2.079851369395469e-05,0.6406,1,-0.011907622403389832,0.731802,0.7312615,0.007366769693321565,0.7238947220821911,train,High,High
2307,Pennsylvania,Cambria,42021,42917.0,137762.0,20.220475967508804,2.1363,0.0133,8.3597,88.6579,0.3734,0.0,0.4492,0.0103,13.0,1782823119.0,9.436564509806768,7.727182721148009e-05,0.39699999999999996,0,-0.011907622403389832,0.75086397,0.7503902,0.005370883222208093,0.7450192887824916,train,Low,High
2308,Pennsylvania,Chester,42029,88995.0,512028.0,50.23274969474261,2.3906,0.0781,6.4037,88.9629,1.7064,0.0,0.3434,0.1148,137.0,1943822409.0,26.756349262149726,0.00026341295255640813,1.8993,1,-0.011907622403389832,0.9976451,0.9980344,0.015228553483662083,0.9828058641455799,train,High,High
2309,Pennsylvania,Berks,42011,57068.0,414097.0,23.618139248837437,2.4912,0.0206,7.712,88.4373,0.8594,0.0,0.4396,0.0399,41.0,2218040262.0,9.901061828508778,0.0001866949879559941,0.9199,1,-0.011907622403389832,0.97828305,0.97860473,0.005635254949141622,0.9729694789947976,train,High,High
2310,Pennsylvania,Mifflin,42087,42019.0,46585.0,12.066960460276656,3.1187,0.0,6.8999,89.0085,0.5152,0.0,0.4439,0.0138,5.0,1064602238.0,10.733068584308255,4.3758127061160655e-05,0.529,0,-0.011907622403389832,0.46167964,0.4601943,0.0061087971075026734,0.454085492576793,test,Low,Low
2311,Rhode Island,Newport,44005,71347.0,82714.0,45.50809519000976,2.4063,0.04,5.6702,89.4248,1.9154,0.0,0.4426,0.1007,46.0,265313258.0,55.613318180719105,0.00031175976889929866,2.0561,1,0.06857389793548388,0.99760145,0.99799067,0.03165268856454422,0.9663379792554326,train,High,High
2312,Rhode Island,Providence,44007,50637.0,631344.0,27.263857050490802,1.3377,0.0178,4.7978,92.3334,1.1076,0.0,0.3492,0.0566,209.0,1060698086.0,33.10398134772802,0.000595215555050978,1.182,1,0.06857389793548388,0.9918899,0.99225914,0.018841350347791226,0.9734177944352288,train,High,High
2313,Rhode Island,Bristol,44001,73096.0,49228.0,46.40838677560104,2.0525,0.0579,5.0721,90.4153,1.9029,0.0,0.4124,0.0868,14.0,62587619.0,28.43909969935809,0.0007865453389431543,2.0476,1,0.06857389793548388,0.99721044,0.99759835,0.016186302045755132,0.9814120480023101,train,High,High
2314,Rhode Island,Kent,44003,65592.0,164886.0,31.82903771519554,1.6776,0.019,5.6739,91.1106,1.078,0.0,0.3818,0.059,71.0,436515567.0,43.060053612799145,0.00037773223331574794,1.156,1,0.06857389793548388,0.99837446,0.99876636,0.024507914851429294,0.9742584478156544,train,High,High
2315,Rhode Island,Washington,44009,74302.0,126319.0,44.5839395503825,2.742,0.0497,5.8945,88.9256,1.8774,0.0,0.3967,0.114,46.0,852784195.0,36.41574109991371,0.00014812540000228312,2.0411,1,0.06857389793548388,0.99746025,0.9978489,0.020726260356143656,0.9771226676185573,train,High,High
2316,South Carolina,Aiken,45003,46454.0,165146.0,25.313399410380455,3.1781,0.0129,7.4342,87.6282,0.7881,0.0,0.9411,0.0174,13.0,2774109818.0,7.871822508568176,5.9531168855839436e-05,0.8184,1,-0.10098420947903226,0.919203,0.919318,0.004480299943430851,0.9148377204003497,train,High,High
2317,South Carolina,Allendale,45005,24817.0,9589.0,9.827898550724639,2.3187,0.0,8.4739,87.6616,0.253,0.0,1.2929,0.0,0.0,1056948589.0,0.0,9.072342874379863e-06,0.253,0,-0.10098420947903226,0.018588172,0.015552972,0.0,0.015552972443401814,test,Low,Low
2318,South Carolina,Edgefield,45037,48114.0,26388.0,18.61533586818758,3.5334,0.0065,8.5681,86.3549,0.5569,0.0,0.9639,0.0163,3.0,1296025456.0,11.368804001819008,2.036071118652472e-05,0.5796999999999999,1,-0.10098420947903226,0.60853374,0.60756207,0.006470630133083493,0.6010914349914283,train,High,High
2319,South Carolina,Chester,45023,34319.0,32435.0,14.406016391966137,2.7013,0.003,6.3268,89.8825,0.3159,0.0,0.7646,0.0059,5.0,1503893313.0,15.415446277169725,2.156735435926498e-05,0.32480000000000003,0,-0.10098420947903226,0.08473472,0.0819309,0.008773803399198768,0.07315709473074127,test,Low,Low
2320,South Carolina,Colleton,45029,33918.0,37884.0,15.31732023635945,3.1337,0.0074,8.5776,86.3409,0.5054,0.0,1.4152,0.0197,8.0,2736299921.0,21.117094287825996,1.3844973538629869e-05,0.5325,0,-0.10098420947903226,0.18712331,0.18467763,0.012018934146468674,0.1726586965164494,train,Low,Low
2321,South Carolina,Marion,45067,30562.0,31975.0,16.27371523300792,1.7944,0.0,7.7174,89.2369,0.2784,0.0,0.966,0.0069,1.0,1267162023.0,3.127443315089914,2.5233552947159306e-05,0.2853,0,-0.10098420947903226,0.052247185,0.049329717,0.001780005086805392,0.047549711625431014,train,Low,Low
2322,South Carolina,Lexington,45063,55412.0,277702.0,29.863911423512935,2.227,0.0142,7.8507,88.2425,0.8622,0.0,0.7826,0.0208,22.0,1810553175.0,7.922161165565966,0.0001533796432131854,0.8972,1,-0.10098420947903226,0.9825928,0.9829295,0.004508950523630557,0.9784205772359215,train,High,High
2323,South Carolina,Oconee,45073,41818.0,75375.0,23.51524136014083,3.9877,0.02,6.7792,87.0485,1.0235,0.0,1.1036,0.0375,12.0,1622113936.0,15.92039800995025,4.646714286042605e-05,1.0810000000000002,1,-0.10098420947903226,0.87547904,0.87544113,0.009061200023976503,0.8663799339520062,train,High,High
2324,South Carolina,Berkeley,45015,54484.0,199081.0,22.974766577414975,2.126,0.0261,8.3326,87.8545,0.8255,0.0,0.8068,0.0284,28.0,2846215444.0,14.064626960885269,6.994586457594951e-05,0.88,1,-0.10098420947903226,0.9698668,0.97015905,0.008004975634123133,0.9621540781683671,train,High,High
2325,South Carolina,Charleston,45019,54931.0,380673.0,41.14217405523666,2.1246,0.051,7.7006,88.1341,1.4322,0.0,0.5074,0.0501,113.0,2376182162.0,29.684269701292184,0.00016020362667801223,1.5332999999999999,1,-0.10098420947903226,0.99598444,0.996368,0.01689499880348244,0.9794729921671291,test,High,High
2326,South Carolina,Georgetown,45043,45299.0,60804.0,26.11154929577465,1.7865,0.0193,8.5677,87.8624,0.8507,0.0,0.9069,0.0064,5.0,2107183538.0,8.22314321426222,2.8855578502530992e-05,0.8764,1,-0.10098420947903226,0.87020206,0.8701457,0.004680256451105389,0.8654654220690973,train,High,High
2327,South Carolina,Marlboro,45069,32601.0,27702.0,8.432020330368488,1.2282,0.0081,7.1913,90.2957,0.2303,0.0,1.0302,0.0162,1.0,1242378725.0,3.609847664428561,2.229754859976373e-05,0.2546,0,-0.10098420947903226,0.028096858,0.025094919,0.0020545687188868096,0.02304035018780188,train,Low,Low
2328,South Carolina,Anderson,45007,43518.0,192709.0,20.019610674896054,3.1326,0.0133,6.6591,88.6378,0.6651,0.0,0.8783,0.0138,18.0,1853025914.0,9.340508227430997,0.00010399692661826423,0.6922,1,-0.10098420947903226,0.801042,0.8007437,0.005316212152576389,0.7954274869212151,test,High,High
2329,South Carolina,Chesterfield,45025,35733.0,46083.0,11.514592151745648,2.6602,0.0045,6.9659,89.0674,0.3142,0.0,0.9832,0.0045,4.0,2069534791.0,8.679990452010502,2.2267323168668586e-05,0.3232,0,-0.10098420947903226,0.09655272,0.09379023,0.004940274083770796,0.0888499590514526,test,Low,Low
2330,South Carolina,Greenwood,45047,37631.0,69881.0,23.537726756762545,2.4189,0.0046,7.1097,89.0151,0.7113,0.0,0.7266,0.0138,5.0,1177746763.0,7.155020678009759,5.933448700126039e-05,0.7297000000000001,1,-0.10098420947903226,0.7484459,0.74796367,0.00407232743167688,0.7438913394842167,train,High,High
2331,South Carolina,Horry,45051,44746.0,300418.0,22.608703639069017,1.738,0.0288,8.558,87.9595,0.9478,0.0,0.7453,0.0226,67.0,2936847555.0,22.302258852665286,0.00010229267756460039,0.9992,1,-0.10098420947903226,0.96480364,0.9650782,0.012693478412047085,0.9523846966558546,train,High,High
2332,South Carolina,Kershaw,45055,46328.0,63090.0,20.604363821467413,2.7629,0.012,7.6611,87.9647,0.7088,0.0,0.8799,0.0105,9.0,1881777522.0,14.265335235378032,3.352681135915917e-05,0.7313,1,-0.10098420947903226,0.84468204,0.84453636,0.00811921007854528,0.8364171539999764,train,High,High
2333,South Carolina,Orangeburg,45075,34763.0,89731.0,19.993935616461435,1.7752,0.0023,7.5061,89.1254,0.3775,0.0,1.2043,0.0093,6.0,2864676304.0,6.686652327512231,3.132325976052057e-05,0.3891,0,-0.10098420947903226,0.454168,0.4526564,0.0038057524813455154,0.44885063580143036,train,Low,Low
2334,South Carolina,Spartanburg,45083,45219.0,294229.0,22.8283199013116,2.7567,0.0111,6.4399,89.2965,0.8066,0.0,0.6648,0.0245,26.0,2092597504.0,8.83665444262802,0.00014060467884415484,0.8422,1,-0.10098420947903226,0.92469984,0.9248341,0.0050294404321656345,0.9198046321577086,train,High,High
2335,South Carolina,Bamberg,45009,32321.0,15057.0,19.12629231704845,2.3811,0.0163,8.8641,87.393,0.2446,0.0,1.1009,0.0,2.0,1018815536.0,13.282858471142989,1.4778926574986976e-05,0.2609,0,-0.10098420947903226,0.12315446,0.12048502,0.007560026917792707,0.11292499574627743,train,Low,Low
2336,South Carolina,Beaufort,45013,59227.0,175316.0,39.60874086135047,1.9803,0.052,7.3424,88.3316,1.5417,0.0,0.7092,0.0429,49.0,1492521322.0,27.949531132355293,0.00011746297852889234,1.6366,1,-0.10098420947903226,0.99710184,0.9974893,0.015907660851716434,0.9815816126964098,train,High,High
2337,South Carolina,Calhoun,45017,42779.0,14886.0,16.966868875408306,2.2909,0.0041,6.6141,89.5964,0.4886,0.0,1.0018,0.0041,0.0,987179166.0,0.0,1.5079329581394346e-05,0.49679999999999996,0,-0.10098420947903226,0.28294322,0.28083268,0.0,0.2808326780796051,train,Low,Low
2338,South Carolina,Dillon,45033,30955.0,31273.0,9.584805653710248,1.5729,0.0035,8.247,88.9057,0.2668,0.0,1.0041,0.0,8.0,1048523624.0,25.581172257218686,2.9825746682461016e-05,0.2703,0,-0.10098420947903226,0.024112912,0.021097034,0.01455969370398808,0.006537340511939044,test,Low,Low
2339,South Carolina,Saluda,45081,41458.0,20113.0,16.603067175462595,3.6847,0.0,8.1158,86.5687,0.3756,0.0,1.2457,0.0095,0.0,1172690623.0,0.0,1.7151156157918728e-05,0.3851,0,-0.10098420947903226,0.17386457,0.1713725,0.0,0.17137250304222107,train,Low,Low
2340,South Carolina,Richland,45079,50899.0,401743.0,37.50970383688705,1.4095,0.0238,8.2555,88.6693,1.0896,0.0,0.5248,0.0275,62.0,1961023568.0,15.432751784100782,0.00020486393256850444,1.1409,1,-0.10098420947903226,0.9944299,0.994808,0.008783652943143625,0.9860243652644064,test,High,High
2341,South Carolina,Fairfield,45039,33798.0,23025.0,17.359086491739554,2.4592,0.004,7.3738,88.6557,0.5355,0.0,0.952,0.0198,0.0,1777449360.0,0.0,1.295395554897834e-05,0.5593,1,-0.10098420947903226,0.1857768,0.18332641,0.0,0.18332640826702118,train,High,Low
2342,South Carolina,Hampton,45049,31734.0,20296.0,11.056247316444825,2.4159,0.005,8.1404,87.8348,0.2875,0.0,1.3113,0.005,3.0,1450121734.0,14.781237682301931,1.3996066346799544e-05,0.2975,0,-0.10098420947903226,0.014366311,0.011316343,0.008412839374842688,0.002903503835794881,train,Low,Low
2343,South Carolina,Greenville,45045,51595.0,482191.0,32.8821582441153,2.0642,0.0247,6.6034,89.6319,1.0408,0.0,0.5961,0.0388,116.0,2033561297.0,24.056857137524343,0.00023711653084239437,1.1042999999999998,1,-0.10098420947903226,0.9949863,0.9953664,0.013692119652730721,0.9816742748670751,train,High,High
2344,South Carolina,Lancaster,45057,46852.0,83704.0,23.294205836754863,2.3949,0.0165,6.8225,89.1147,0.9006,0.0,0.733,0.0177,5.0,1422314508.0,5.973430182548027,5.8850556279357024e-05,0.9348,1,-0.10098420947903226,0.8122788,0.8120198,0.0033998173713682984,0.8086200076103212,train,High,High
2345,South Carolina,Dorchester,45035,56345.0,148517.0,26.354133671206842,2.0344,0.0153,8.0546,88.3552,0.8568,0.0,0.6657,0.018,23.0,1484717404.0,15.486442629463294,0.00010003048364616598,0.8901,1,-0.10098420947903226,0.9797442,0.98007095,0.00881421144356441,0.9712567371572046,train,High,High
2346,South Carolina,Newberry,45071,39841.0,37750.0,16.30430539833717,2.91,0.0024,8.5201,86.9893,0.5122,0.0,1.0586,0.0073,5.0,1631805482.0,13.245033112582782,2.313388477757302e-05,0.5218999999999999,0,-0.10098420947903226,0.2548451,0.2526363,0.007538498364318199,0.24509781507409734,train,Low,Low
2347,South Carolina,Clarendon,45027,34106.0,34056.0,14.975252760269047,2.2039,0.0032,9.329,86.5695,0.4688,0.0,1.4225,0.0032,2.0,1571964063.0,5.872680291284943,2.1664617405442558e-05,0.47519999999999996,0,-0.10098420947903226,0.088408485,0.085617505,0.003342474903136153,0.08227503011080657,train,Low,Low
2348,South Carolina,Sumter,45085,40777.0,107682.0,19.03466344216042,1.8898,0.0039,8.6788,87.979,0.5114,0.0,0.9281,0.0089,18.0,1722537605.0,16.715885663342064,6.25135844276677e-05,0.5242,0,-0.10098420947903226,0.61674136,0.6157984,0.00951395709320818,0.6062844566603014,train,Low,High
2349,South Carolina,Barnwell,45011,34787.0,21917.0,13.220433479684996,3.1302,0.0,7.7066,87.4438,0.3968,0.0,1.3094,0.0132,2.0,1420294942.0,9.12533649678332,1.5431301873917395e-05,0.41,0,-0.10098420947903226,0.08666479,0.083867714,0.005193745736241494,0.07867396807277187,train,Low,Low
2350,South Carolina,Darlington,45031,34773.0,67689.0,17.12797489320896,1.9607,0.0111,8.6929,87.9299,0.4442,0.0,0.9518,0.0095,2.0,1453370733.0,2.954689831434945,4.6573801483038394e-05,0.4648,0,-0.10098420947903226,0.37603796,0.37425306,0.0016816812968311662,0.37257138309716603,train,Low,Low
2351,South Carolina,York,45091,56482.0,245606.0,29.5055029277415,2.2791,0.0285,7.1093,89.1056,0.9592,0.0,0.4703,0.048,35.0,1762994167.0,14.250466193822627,0.00013931186194332995,1.0357,1,-0.10098420947903226,0.99213237,0.99250245,0.008110747265014227,0.9843917036779789,train,High,High
2352,South Carolina,Cherokee,45021,35719.0,56274.0,15.96882558452029,3.1556,0.0019,6.461,88.9953,0.4172,0.0,0.9615,0.0076,8.0,1017058336.0,14.216156662046417,5.533015954750505e-05,0.4267,0,-0.10098420947903226,0.33529595,0.33336854,0.008091219767651479,0.3252773200425292,train,Low,Low
2353,South Carolina,Jasper,45053,38991.0,27186.0,14.526260226972814,2.7174,0.0077,7.922,87.7025,0.5297,0.0,1.0977,0.023,4.0,1697265276.0,14.71345545501361,1.601753148692827e-05,0.5604,1,-0.10098420947903226,0.17188619,0.1693872,0.008374260671022205,0.16101294576418135,train,High,Low
2354,South Carolina,Lee,45061,31169.0,18189.0,10.478945676631309,2.0467,0.0,7.9579,88.4718,0.34,0.0,1.1835,0.0,3.0,1062372381.0,16.49348507339601,1.7121115274927313e-05,0.34,0,-0.10098420947903226,0.01454483,0.011495486,0.009387376323701535,0.002108109578131045,test,Low,Low
2355,South Carolina,Abbeville,45001,34652.0,24951.0,13.743631785442409,3.423,0.0,6.3806,88.6505,0.3825,0.0,1.1594,0.0039,1.0,1270343695.0,4.007855396577292,1.9641141289720023e-05,0.3864,0,-0.10098420947903226,0.07953655,0.07671454,0.002281097457039895,0.07443344058073706,train,Low,Low
2356,South Carolina,Florence,45041,42523.0,138575.0,22.398856449796416,1.9345,0.0107,8.8388,87.7152,0.6366,0.0,0.8496,0.0146,20.0,2071894715.0,14.432617716038246,6.68832248071061e-05,0.6619,1,-0.10098420947903226,0.8088416,0.80857056,0.008214420010911406,0.8003561437822709,train,High,High
2357,South Carolina,Laurens,45059,39848.0,66442.0,14.15278703086831,3.2003,0.0044,7.4023,87.8278,0.4921,0.0,1.0556,0.0175,4.0,1848789807.0,6.02028837181301,3.5938103806302516e-05,0.514,0,-0.10098420947903226,0.20602411,0.20364453,0.0034264870202945366,0.20021804196472895,train,Low,Low
2358,South Carolina,Mccormick,45065,41029.0,9806.0,18.649799599198396,2.4678,0.0297,7.0069,88.4836,0.9812,0.0,1.0307,0.0,1.0,930141784.0,10.197838058331634,1.0542478758270685e-05,1.0109,1,-0.10098420947903226,0.23518904,0.23291147,0.005804167106934775,0.2271073004452503,train,High,Low
2359,South Carolina,Pickens,45077,43531.0,120722.0,23.59896145396445,3.4075,0.0214,6.2,88.5245,0.892,0.0,0.9237,0.0309,13.0,1285536069.0,10.768542602011232,9.390790574542798e-05,0.9443,1,-0.10098420947903226,0.9005085,0.9005581,0.0061289873797471155,0.8944291266720718,test,High,High
2360,South Carolina,Union,45087,34953.0,27928.0,12.385786802030458,2.1783,0.0074,6.0524,90.6078,0.2746,0.0,0.872,0.0074,5.0,1331696479.0,17.903179604697794,2.097174576970553e-05,0.28940000000000005,0,-0.10098420947903226,0.07708833,0.07425776,0.010189713307541249,0.06406804793246425,train,Low,Low
2361,South Carolina,Williamsburg,45089,28494.0,32816.0,12.471615720524017,1.7276,0.0,9.0429,87.8697,0.2256,0.0,1.1342,0.0,0.0,2419464742.0,0.0,1.3563330529410129e-05,0.2256,0,-0.10098420947903226,0.016418656,0.013375866,0.0,0.01337586622685194,train,Low,Low
2362,South Dakota,Lyman,46085,45921.0,3855.0,18.27912721284479,10.2087,0.0,10.9882,77.6968,0.4275,0.0,0.6789,0.0,1.0,4253153646.0,25.940337224383917,9.063862537920644e-07,0.4275,0,-0.1699564078,0.28150716,0.27939162,0.01476411482505899,0.26462750175781147,train,Low,Low
2363,South Dakota,Deuel,46039,54781.0,4309.0,19.781673833939795,8.5843,0.0,12.6961,77.8539,0.0902,0.0,0.7574,0.018,0.0,1612750054.0,0.0,2.671833734751808e-06,0.1082,0,-0.1699564078,0.059204247,0.056311112,0.0,0.05631111189723015,train,Low,Low
2364,South Dakota,Brule,46015,50696.0,5312.0,25.60291643297813,6.9433,0.0316,13.2239,78.6492,0.3629,0.0,0.789,0.0,1.0,2116642546.0,18.82530120481928,2.509634897984329e-06,0.3945,0,-0.1699564078,0.20318079,0.20079127,0.01071454492669473,0.190076724614092,train,Low,Low
2365,South Dakota,Gregory,46053,40045.0,4217.0,19.287634408602152,10.258,0.0,9.799,78.9774,0.2058,0.0,0.7599,0.0,0.0,2628707427.0,0.0,1.6042104787647028e-06,0.2058,0,-0.1699564078,0.059783034,0.056891926,0.0,0.056891925632953644,train,Low,Low
2366,South Dakota,Minnehaha,46099,55293.0,182014.0,30.257918171889443,3.6547,0.0181,10.1408,84.9303,0.7919,0.0,0.4375,0.0266,26.0,2090540344.0,14.284615469139736,8.706552854738879e-05,0.8366,1,-0.1699564078,0.9846315,0.98497534,0.008130183551351339,0.9768451544308264,test,High,High
2367,South Dakota,Clark,46025,48563.0,3639.0,16.693811074918568,11.754,0.0,12.1412,75.0569,0.1822,0.0,0.8428,0.0228,0.0,2480181925.0,0.0,1.4672310782201995e-06,0.20500000000000002,0,-0.1699564078,0.07564605,0.072810434,0.0,0.07281043380498886,test,Low,Low
2368,South Dakota,Kingsbury,46077,54568.0,5070.0,22.667398463227222,8.7847,0.0,11.7489,77.9574,0.485,0.0,1.0105,0.0135,0.0,2155483523.0,0.0,2.3521404575357547e-06,0.4985,0,-0.1699564078,0.07998316,0.07716271,0.0,0.0771627128124237,train,Low,Low
2369,South Dakota,Clay,46027,38399.0,14029.0,47.82733400258138,4.298,0.0191,10.4967,83.5626,0.8978,0.0,0.7163,0.0096,2.0,1067562649.0,14.256183619645022,1.3141149152362299e-05,0.9265000000000001,1,-0.1699564078,0.8697155,0.8696574,0.0081140013758076,0.861543395894395,train,High,High
2370,South Dakota,Dewey,46041,40585.0,5652.0,14.07672301690507,10.0286,0.0,13.0911,76.0552,0.0793,0.0,0.7458,0.0,0.0,5963430695.0,0.0,9.477765885229257e-07,0.0793,0,-0.1699564078,0.045096304,0.042153824,0.0,0.042153824120759964,train,Low,Low
2371,South Dakota,Hughes,46065,58934.0,17518.0,33.00618556701031,5.6884,0.0084,17.2372,75.9334,0.5579,0.0,0.5579,0.0168,5.0,1920594000.0,28.54207101267268,9.121136481734297e-06,0.5831,1,-0.1699564078,0.939213,0.939398,0.01624490885106816,0.9231530818525147,train,High,High
2372,South Dakota,Sanborn,46111,51167.0,2349.0,19.27570093457944,11.8395,0.0,9.6637,77.31,0.1413,0.0,1.0172,0.0283,0.0,1474586445.0,0.0,1.5929890091997963e-06,0.1696,0,-0.1699564078,0.058302615,0.05540633,0.0,0.05540632829070091,test,Low,Low
2373,South Dakota,Hand,46059,52266.0,3311.0,23.138409760201935,12.6936,0.0,11.9406,74.2255,0.4088,0.0,0.71,0.0215,0.0,3720897237.0,0.0,8.898391406986336e-07,0.4303,0,-0.1699564078,0.12077887,0.11810112,0.0,0.11810111999511719,test,Low,Low
2374,South Dakota,Yankton,46135,48723.0,22649.0,27.331818755521898,4.2187,0.0087,11.5687,83.0859,0.5153,0.0,0.5896,0.0131,0.0,1349811536.0,0.0,1.677937948813026e-05,0.5371,0,-0.1699564078,0.6151792,0.61423075,0.0,0.614230751991272,train,Low,High
2375,South Dakota,Beadle,46005,48423.0,18155.0,20.340946706388614,5.8941,0.0051,11.998,81.0386,0.307,0.0,0.7521,0.0051,1.0,3260033444.0,5.508124483613329,5.568961273515082e-06,0.3172,0,-0.1699564078,0.23800018,0.23573245,0.0031349855494685985,0.23259746553180735,test,Low,Low
2376,South Dakota,Davison,46035,48310.0,19824.0,26.645459365295764,5.8021,0.0046,12.575,80.6658,0.3892,0.0,0.5541,0.0092,4.0,1127942825.0,20.177562550443906,1.7575358928321567e-05,0.40299999999999997,0,-0.1699564078,0.84784883,0.84771425,0.01148419343232494,0.8362300518870415,train,Low,High
2377,South Dakota,Jerauld,46073,51442.0,2029.0,17.755102040816325,10.9838,0.0,11.3394,76.61,0.1976,0.0,0.8692,0.0,0.0,1362808084.0,0.0,1.488837660871991e-06,0.1976,0,-0.1699564078,0.06425315,0.061377678,0.0,0.06137767806649208,train,Low,Low
2378,South Dakota,Stanley,46117,60046.0,2964.0,26.993561168895493,12.2032,0.0,12.4075,74.5468,0.1787,0.0,0.6382,0.0255,0.0,3741060714.0,0.0,7.922886653263762e-07,0.2042,0,-0.1699564078,0.11521861,0.11252141,0.0,0.11252140998840332,train,Low,Low
2379,South Dakota,Charles Mix,46023,43376.0,9277.0,18.13110181311018,8.4867,0.0,12.7248,77.9577,0.1577,0.0,0.673,0.0,0.0,2842480887.0,0.0,3.2636982863906238e-06,0.1577,0,-0.1699564078,0.102190055,0.09944728,0.0,0.09944728016853333,train,Low,Low
2380,South Dakota,Marshall,46091,55398.0,4743.0,22.595281306715066,8.0157,0.0196,13.9293,76.7583,0.5108,0.0,0.7662,0.0,0.0,2170630077.0,0.0,2.185079830163986e-06,0.5304,0,-0.1699564078,0.09227459,0.089497134,0.0,0.08949713408946991,train,Low,Low
2381,South Dakota,Perkins,46105,45855.0,3019.0,19.19377004122767,13.4328,0.0,10.7889,74.6269,0.1279,0.0,1.0021,0.0213,0.0,7434503516.0,0.0,4.060795712185389e-07,0.1492,0,-0.1699564078,0.05027247,0.047348093,0.0,0.04734809324145317,train,Low,Low
2382,South Dakota,Todd,46121,30800.0,10019.0,15.742067553735925,4.3973,0.0193,9.4503,85.4581,0.27,0.0,0.405,0.0,0.0,3596269877.0,0.0,2.785942196406524e-06,0.2893,0,-0.1699564078,0.03826906,0.035302702,0.0,0.03530270233750343,train,Low,Low
2383,,,46102,26330.0,14263.0,11.199658460224846,4.0678,0.0,10.188,85.0805,0.1966,0.0,0.467,0.0,0.0,5422847813.0,0.0,2.6301678549428988e-06,0.1966,0,-0.1699564078,0.018175324,0.015138679,0.0,0.015138679184019566,test,Low,Low
2384,South Dakota,Aurora,46003,52620.0,2732.0,20.625342841470104,9.7778,0.0556,11.2222,78.1111,0.3333,0.0,0.5,0.0,0.0,1834813753.0,0.0,1.4889794648274581e-06,0.38889999999999997,0,-0.1699564078,0.049425773,0.046498436,0.0,0.046498436480760574,test,Low,Low
2385,South Dakota,Grant,46051,54180.0,7195.0,14.607843137254903,6.8531,0.0108,13.1469,78.9026,0.3658,0.0,0.7208,0.0,0.0,1764949265.0,0.0,4.076604434292336e-06,0.3766,0,-0.1699564078,0.055786673,0.052881587,0.0,0.05288158729672432,train,Low,Low
2386,South Dakota,Tripp,46123,41210.0,5475.0,21.397379912663755,9.9592,0.0,13.125,76.0326,0.1087,0.0,0.7745,0.0,2.0,4176233699.0,36.529680365296805,1.3109898522467719e-06,0.1087,0,-0.1699564078,0.17460373,0.17211425,0.020791109644055675,0.15132314340007275,train,Low,Low
2387,South Dakota,Ziebach,46137,36552.0,2818.0,15.5467720685112,14.9356,0.0,9.9318,74.3745,0.1516,0.0,0.6065,0.0,0.0,5079575455.0,0.0,5.547707726688351e-07,0.1516,0,-0.1699564078,0.026565159,0.02355786,0.0,0.023557860404253006,train,Low,Low
2388,South Dakota,Spink,46115,49859.0,6539.0,21.092362344582593,9.8552,0.0608,13.189,75.4715,0.3285,0.0,1.095,0.0,0.0,3894133600.0,0.0,1.6791925166614725e-06,0.38930000000000003,0,-0.1699564078,0.05560962,0.052703913,0.0,0.05270391330122948,train,Low,Low
2389,South Dakota,Bon Homme,46009,48023.0,7001.0,18.324912553439564,6.6838,0.0,10.7791,81.2878,0.2833,0.0,0.9272,0.0386,0.0,1459978989.0,0.0,4.795274488707042e-06,0.3219,0,-0.1699564078,0.06519773,0.062325563,0.0,0.06232556328177452,train,Low,Low
2390,South Dakota,Brookings,46011,52086.0,33435.0,40.95227194689252,4.896,0.1093,11.9922,81.752,0.6492,0.0,0.5467,0.0547,2.0,2051807236.0,5.98175564528189,1.6295390431111627e-05,0.8131999999999999,1,-0.1699564078,0.8943089,0.8943369,0.0034045558636520055,0.8909323233897355,test,High,High
2391,South Dakota,Fall River,46047,45750.0,6874.0,23.949337938975248,9.4563,0.0329,7.9956,80.7468,0.8018,0.0,0.9555,0.011,2.0,4506085742.0,29.09514111143439,1.5254924991615928e-06,0.8457,1,-0.1699564078,0.38887963,0.38713965,0.016559692362700728,0.3705799558363807,train,High,Low
2392,South Dakota,Hamlin,46057,60169.0,5995.0,20.47930283224401,9.7461,0.0284,11.8315,77.4578,0.2412,0.0,0.6668,0.0284,0.0,1313731177.0,0.0,4.563338455352803e-06,0.298,0,-0.1699564078,0.0448045,0.041860998,0.0,0.041860997676849365,train,Low,Low
2393,South Dakota,Jackson,46071,41510.0,3268.0,18.626373626373628,14.895,0.0,8.7884,75.5735,0.0969,0.0,0.6462,0.0,0.0,4827513893.0,0.0,6.769529974297269e-07,0.0969,0,-0.1699564078,0.04519936,0.042257242,0.0,0.042257241904735565,train,Low,Low
2394,South Dakota,Custer,46033,52891.0,8447.0,24.499322391206142,10.9499,0.0,7.7773,79.6537,0.5428,0.0,1.0669,0.0094,9.0,4032614487.0,106.54670297146917,2.0946708462290957e-06,0.5521999999999999,0,-0.1699564078,0.53389084,0.5326581,0.060641762028580765,0.4720163380995931,train,Low,High
2395,South Dakota,Hyde,46069,55000.0,1440.0,20.415879017013232,16.6667,0.0,11.0932,71.2755,0.1608,0.0,0.8039,0.0,0.0,2228778417.0,0.0,6.460938373309813e-07,0.1608,0,-0.1699564078,0.046722356,0.043785565,0.0,0.043785564601421356,train,Low,Low
2396,South Dakota,Faulk,46049,43529.0,2354.0,26.099706744868033,11.9812,0.0,13.3908,73.2968,0.3132,0.0,1.018,0.0,0.0,2542574624.0,0.0,9.258331998518365e-07,0.3132,0,-0.1699564078,0.14640193,0.1438138,0.0,0.14381380379199982,train,Low,Low
2397,South Dakota,Hutchinson,46067,47356.0,7264.0,21.59090909090909,7.8997,0.0104,10.815,80.0522,0.3866,0.0,0.8255,0.0104,0.0,2105411239.0,0.0,3.450157321023021e-06,0.40740000000000004,0,-0.1699564078,0.06405234,0.06117617,0.0,0.06117616966366768,train,Low,Low
2398,South Dakota,Walworth,46129,46526.0,5538.0,20.634920634920633,7.5394,0.0455,10.9223,80.2184,0.2882,0.0,0.986,0.0,2.0,1835347958.0,36.114120621162876,3.017411480946002e-06,0.3337,0,-0.1699564078,0.17040916,0.167905,0.020554591061972702,0.14735041177044,test,Low,Low
2399,South Dakota,Buffalo,46017,31293.0,2052.0,8.058252427184467,7.3944,0.0,11.1796,81.25,0.1761,0.0,0.0,0.0,0.0,1220892945.0,0.0,1.6807370444752632e-06,0.1761,0,-0.1699564078,0.025229564,0.022217594,0.0,0.02221759408712387,train,Low,Low
2400,South Dakota,Day,46037,40647.0,5588.0,17.132262051915944,6.9312,0.0,12.7051,79.0029,0.2671,0.0,1.0937,0.0,0.0,2662165811.0,0.0,2.0990428082693154e-06,0.2671,0,-0.1699564078,0.05336804,0.050454494,0.0,0.05045449361205101,train,Low,Low
2401,South Dakota,Douglas,46043,51290.0,2961.0,20.62588904694168,9.648,0.0,12.3062,76.7905,0.1969,0.0,1.0583,0.0,0.0,1118359040.0,0.0,2.6476291549447305e-06,0.1969,0,-0.1699564078,0.053874712,0.050962936,0.0,0.050962936133146286,train,Low,Low
2402,South Dakota,Harding,46063,51458.0,1277.0,29.69121140142518,20.4825,0.0,11.015,68.0473,0.0,0.0,0.4552,0.0,0.0,6919334580.0,0.0,1.8455531890177797e-07,0.0,0,-0.1699564078,0.138029,0.13541158,0.0,0.1354115754365921,train,Low,Low
2403,South Dakota,Mcpherson,46089,41338.0,2252.0,15.110851808634774,9.8126,0.0318,11.4004,77.6437,0.2858,0.0,0.8257,0.0,0.0,2943892856.0,0.0,7.649734926358339e-07,0.3176,0,-0.1699564078,0.081557,0.07874206,0.0,0.07874205708503723,train,Low,Low
2404,South Dakota,Roberts,46109,50108.0,10294.0,16.03570329332102,6.5077,0.0,11.7874,80.4948,0.2868,0.0,0.9053,0.0179,1.0,2851702828.0,9.714396735962698,3.6097730446967877e-06,0.30469999999999997,0,-0.1699564078,0.14266391,0.1400627,0.00552901327478166,0.1345336914075685,train,Low,Low
2405,South Dakota,Sully,46119,59800.0,1456.0,25.308641975308642,11.5673,0.0442,14.7903,72.8918,0.0442,0.0,0.6623,0.0,0.0,2607654518.0,0.0,5.583561740827203e-07,0.0884,0,-0.1699564078,0.091327816,0.08854705,0.0,0.08854705095291138,train,Low,Low
2406,South Dakota,Lincoln,46083,77455.0,51396.0,41.23326350305128,4.2468,0.0118,12.3327,82.0428,0.8172,0.0,0.5252,0.0235,5.0,1495182378.0,9.728383531792359,3.437440191660686e-05,0.8525,1,-0.1699564078,0.9736153,0.97392064,0.005536973952311699,0.9683836693773087,train,High,High
2407,South Dakota,Lake,46079,57239.0,12331.0,33.20818699285455,8.5483,0.0267,11.5559,78.6593,0.5481,0.0,0.6015,0.0602,1.0,1458881288.0,8.109642364771714,8.452366961882645e-06,0.635,1,-0.1699564078,0.77216095,0.7717616,0.004615656690503804,0.7671459395123466,train,High,High
2408,South Dakota,Lawrence,46081,48220.0,24859.0,31.60352266682428,7.1348,0.0071,9.1343,82.4285,0.5769,0.0,0.7043,0.0142,8.0,2072081400.0,32.181503680759484,1.1997115557332834e-05,0.5982,1,-0.1699564078,0.93410444,0.9342716,0.018316316070832263,0.9159552579495535,train,High,High
2409,South Dakota,Codington,46029,50133.0,27886.0,20.938997469444892,4.7837,0.0133,11.8697,82.0678,0.4969,0.0,0.7487,0.0199,5.0,1782118025.0,17.930144158359035,1.5647672942424787e-05,0.5301,0,-0.1699564078,0.6953269,0.6946589,0.010205060361938322,0.6844538151034547,test,Low,High
2410,South Dakota,Butte,46019,43750.0,10268.0,19.695676905574516,11.8075,0.0,8.7596,78.2317,0.3759,0.0,0.809,0.0163,0.0,5827518048.0,0.0,1.7619851050523937e-06,0.3922,0,-0.1699564078,0.12903734,0.12638848,0.0,0.12638847529888153,train,Low,Low
2411,South Dakota,Corson,46031,32115.0,4170.0,16.352739726027394,10.1906,0.0,9.0259,80.1482,0.1059,0.0,0.5294,0.0,0.0,6396478549.0,0.0,6.519212044652164e-07,0.1059,0,-0.1699564078,0.026390292,0.02338238,0.0,0.023382380604743958,train,Low,Low
2412,South Dakota,Edmunds,46045,62467.0,4000.0,22.944199706314244,9.4304,0.0,14.0789,75.081,0.4572,0.0,0.9526,0.0,1.0,2916221284.0,25.0,1.3716380241603092e-06,0.4572,0,-0.1699564078,0.3357536,0.3338278,0.014228915662650601,0.31959887793552444,test,Low,Low
2413,South Dakota,Campbell,46021,45800.0,1553.0,23.800738007380073,10.9804,0.0,10.5098,77.0588,0.3529,0.0,1.098,0.0,0.0,1900214169.0,0.0,8.172762972382615e-07,0.3529,0,-0.1699564078,0.18325546,0.18079625,0.0,0.18079625070095062,train,Low,Low
2414,South Dakota,Bennett,46007,45820.0,3445.0,17.793964620187307,11.6201,0.0,9.4227,78.0633,0.2235,0.0,0.6704,0.0,0.0,3068383088.0,0.0,1.1227411640589775e-06,0.2235,0,-0.1699564078,0.08787191,0.08507905,0.0,0.08507905155420303,train,Low,Low
2415,South Dakota,Haakon,46055,39554.0,2073.0,19.90456714383095,17.0751,0.0,11.2648,70.3557,0.0791,0.0,1.2253,0.0,0.0,4689280306.0,0.0,4.42072101628808e-07,0.0791,0,-0.1699564078,0.05377715,0.050865036,0.0,0.05086503550410271,train,Low,Low
2416,South Dakota,Jones,46075,39276.0,767.0,14.37908496732026,12.1139,0.0,10.0545,76.9836,0.0606,0.0,0.7874,0.0,2.0,2511453379.0,260.7561929595828,3.0540085132115846e-07,0.0606,0,-0.1699564078,0.13820082,0.13558401,0.14841111512543,-0.012827103451502703,train,Low,Low
2417,South Dakota,Meade,46093,53069.0,26840.0,23.780348144754925,9.5583,0.0032,8.9023,80.2275,0.5623,0.0,0.74,0.0065,0.0,8989705454.0,0.0,2.985637308957375e-06,0.572,1,-0.1699564078,0.4670858,0.4656194,0.0,0.46561938524246216,train,High,Low
2418,South Dakota,Turner,46125,54707.0,8289.0,21.443298969072163,8.9154,0.0,9.3873,80.3415,0.3604,0.0,0.9868,0.0086,0.0,1598174250.0,0.0,5.186543332180456e-06,0.369,0,-0.1699564078,0.05368022,0.050767764,0.0,0.05076776444911957,train,Low,Low
2419,South Dakota,Brown,46013,53073.0,38430.0,27.925031367628605,4.4055,0.0025,13.6716,80.7026,0.5771,0.0,0.6254,0.0153,3.0,4436728246.0,7.8064012490242,8.661788117098935e-06,0.5948999999999999,1,-0.1699564078,0.8112223,0.81095964,0.004443065000047026,0.8065165721650226,train,High,High
2420,South Dakota,Hanson,46061,60089.0,3390.0,21.390374331550802,11.7541,0.0,11.1133,75.7909,0.5206,0.0,0.7409,0.0801,0.0,1125387593.0,0.0,3.0122955158614404e-06,0.6007,1,-0.1699564078,0.061221793,0.058335718,0.0,0.058335717767477036,train,High,Low
2421,South Dakota,Mccook,46087,58485.0,5616.0,22.545357524012807,8.9875,0.0271,10.6389,79.2772,0.3384,0.0,0.7309,0.0,0.0,1487182082.0,0.0,3.776269273260381e-06,0.3655,0,-0.1699564078,0.07356201,0.0707191,0.0,0.07071910053491592,test,Low,Low
2422,South Dakota,Mellette,46095,29471.0,2083.0,14.001591089896579,12.5813,0.0,9.6529,77.1692,0.2711,0.0,0.3254,0.0,0.0,3385868883.0,0.0,6.152039762846304e-07,0.2711,0,-0.1699564078,0.019067347,0.01603382,0.0,0.016033820807933807,train,Low,Low
2423,South Dakota,Moody,46101,54383.0,6445.0,26.84925093632959,8.3438,0.0,10.7495,79.8498,0.445,0.0,0.5841,0.0278,0.0,1345200317.0,0.0,4.7911079997165955e-06,0.4728,0,-0.1699564078,0.089985065,0.0871996,0.0,0.08719959855079651,train,Low,Low
2424,South Dakota,Pennington,46103,51084.0,107298.0,28.928660341346017,6.2047,0.0112,8.8376,83.4257,0.8486,0.0,0.6472,0.025,32.0,7191326571.0,29.82348226434789,1.4920473843128435e-05,0.8848,1,-0.1699564078,0.963805,0.96407604,0.016974232556238485,0.9471018096190544,train,High,High
2425,South Dakota,Union,46127,63890.0,14842.0,30.136986301369863,5.3069,0.0162,11.2833,81.6984,1.0312,0.0,0.6208,0.0432,2.0,1193294714.0,13.475272874275703,1.2437832687826688e-05,1.0905999999999998,1,-0.1699564078,0.8617221,0.86163604,0.007669540850370893,0.8539665017445388,train,High,High
2426,South Dakota,Miner,46097,48542.0,2299.0,21.619897959183675,11.6205,0.0,10.4425,76.6953,0.0637,0.0,1.178,0.0,0.0,1476889389.0,0.0,1.5566500897922017e-06,0.0637,0,-0.1699564078,0.06277925,0.05989862,0.0,0.05989861860871315,train,Low,Low
2427,South Dakota,Potter,46107,47991.0,2306.0,19.97716894977169,10.8945,0.031,12.9681,74.528,0.2786,0.0,1.2999,0.0,0.0,2230366853.0,0.0,1.0339106308445484e-06,0.3096,0,-0.1699564078,0.09403581,0.091264516,0.0,0.0912645161151886,train,Low,Low
2428,Tennessee,Sumner,47165,58972.0,172786.0,25.601033520986977,2.3545,0.0396,8.0304,88.1764,0.9453,0.0,0.4197,0.0342,12.0,1371067660.0,6.945007118632297,0.00012602295644549008,1.0191,1,-0.01032925727137838,0.9642304,0.96450293,0.003952796822701081,0.9605501338184732,train,High,High
2429,Tennessee,Trousdale,47169,47667.0,7970.0,14.796778422925641,3.8045,0.0,7.338,87.8189,0.4516,0.0,0.587,0.0,0.0,296143573.0,0.0,2.691262187209445e-05,0.4516,0,-0.01032925727137838,0.3568822,0.35503033,0.0,0.3550303280353546,train,Low,Low
2430,Tennessee,Clay,47027,28147.0,7769.0,13.746915756080366,3.9053,0.0,7.2436,87.8937,0.2897,0.0,0.6677,0.0,0.0,612626307.0,0.0,1.2681466517565006e-05,0.2897,0,-0.01032925727137838,0.023330297,0.020311683,0.0,0.020311683416366577,train,Low,Low
2431,Tennessee,Shelby,47157,46854.0,936990.0,30.169614097243645,1.7242,0.032,8.0193,88.8923,0.8662,0.0,0.4308,0.0353,95.0,1977687718.0,10.138848867117044,0.00047378056276122356,0.9335,1,-0.01032925727137838,0.993786,0.99416184,0.005770593017862761,0.9883912512356773,train,High,High
2432,Tennessee,Henderson,47077,41478.0,27952.0,13.361396944184598,3.5211,0.0041,9.6942,85.8587,0.3533,0.0,0.5605,0.0081,3.0,1346816702.0,10.732684602175159,2.0754123377362154e-05,0.3655,0,-0.01032925727137838,0.26829213,0.26613036,0.006108578561527162,0.26002177941920096,train,Low,Low
2433,Tennessee,Jefferson,47089,43673.0,52851.0,15.624576523836625,3.7448,0.0085,7.4473,87.4448,0.6446,0.0,0.6953,0.0148,7.0,711873312.0,13.244782501750205,7.424214268057853e-05,0.6678999999999999,1,-0.01032925727137838,0.6596252,0.6588322,0.0075383557275021645,0.6512938366934573,train,High,High
2434,Tennessee,Sequatchie,47153,46541.0,14710.0,13.244392884764114,3.3491,0.0,6.0897,89.4069,0.5572,0.0,0.5913,0.0057,0.0,688550867.0,0.0,2.136370848546183e-05,0.5629000000000001,1,-0.01032925727137838,0.43618605,0.43461153,0.0,0.4346115291118622,train,High,Low
2435,Tennessee,Carroll,47017,36212.0,28417.0,14.975944313645204,3.5202,0.0037,8.7117,86.7401,0.4955,0.0,0.5288,0.0,1.0,1547925982.0,3.5190203047471584,1.8358112939795594e-05,0.4992,0,-0.01032925727137838,0.10506781,0.1023351,0.0020028737252560935,0.10033222913090312,train,Low,Low
2436,Tennessee,Davidson,47037,50484.0,667885.0,38.20294730908875,1.1676,0.1237,7.0698,89.734,1.5615,0.0,0.2885,0.0549,342.0,1304953365.0,51.20642026696212,0.0005118075617974286,1.7401,1,-0.01032925727137838,0.99830025,0.998692,0.02914447341459386,0.9695475026558102,train,High,High
2437,Tennessee,Perry,47135,31274.0,7891.0,9.828674481514877,5.2027,0.0,7.241,86.6329,0.3153,0.0,0.6081,0.0,1.0,1074197591.0,12.672665061462427,7.345948330282562e-06,0.3153,0,-0.01032925727137838,0.048383217,0.045452233,0.007212731295222711,0.03823950210869842,train,Low,Low
2438,Tennessee,Meigs,47121,35209.0,11804.0,8.823529411764707,4.578,0.0154,6.7283,87.4682,0.5395,0.0,0.6397,0.0308,0.0,505410612.0,0.0,2.3355267419671828e-05,0.5857,1,-0.01032925727137838,0.14775443,0.14517103,0.0,0.14517103135585785,train,High,Low
2439,Tennessee,Haywood,47075,35094.0,18129.0,11.9036221477581,2.3732,0.0,9.9223,87.0022,0.3955,0.0,0.2932,0.0136,4.0,1380741545.0,22.064096199459428,1.312990115032716e-05,0.4091,0,-0.01032925727137838,0.1342131,0.13158235,0.012557926559788714,0.11902442297901439,train,Low,Low
2440,Tennessee,Montgomery,47125,51528.0,189709.0,25.33049924827622,2.1973,0.0299,8.8318,87.6462,0.9349,0.0,0.3231,0.0369,18.0,1396434035.0,9.48821616264911,0.00013585246080026974,1.0017,1,-0.01032925727137838,0.9821675,0.98250276,0.0054002811026933,0.9771024774002669,train,High,High
2441,Tennessee,Grundy,47061,28467.0,13494.0,10.966719492868462,2.8345,0.0213,6.4201,89.7959,0.3827,0.0,0.5315,0.0142,4.0,933549061.0,29.642804209278196,1.4454516172449988e-05,0.41819999999999996,0,-0.01032925727137838,0.03945423,0.036492012,0.01687139844393135,0.019620613997226945,train,Low,Low
2442,Tennessee,Cocke,47029,31081.0,35256.0,10.244424196807035,2.6908,0.0,6.1994,89.9778,0.403,0.0,0.726,0.003,1.0,1125399312.0,2.836396641706376,3.132754714177398e-05,0.406,0,-0.01032925727137838,0.012946027,0.009891091,0.0016143539440266169,0.008276736970580432,train,Low,Low
2443,Tennessee,De Kalb,47041,37640.0,19159.0,14.178488328454552,3.1202,0.0048,7.1395,88.6796,0.5518,0.0,0.4899,0.0143,2.0,788283759.0,10.438958191972441,2.4304699648137748e-05,0.5709,1,-0.01032925727137838,0.21879493,0.21646002,0.005941402228780459,0.21051861712127143,train,High,Low
2444,Tennessee,Lewis,47101,36920.0,11907.0,12.302012623556031,3.5403,0.0,8.2391,87.405,0.3614,0.0,0.4541,0.0,2.0,730608072.0,16.79684219366759,1.6297383585436214e-05,0.3614,0,-0.01032925727137838,0.09330635,0.090532504,0.00956003403890189,0.08097246998321954,train,Low,Low
2445,Tennessee,Obion,47131,38933.0,30900.0,16.576326152420663,2.9007,0.0071,11.1277,85.2199,0.4043,0.0,0.3333,0.0071,4.0,1411163263.0,12.944983818770226,2.1896828531597054e-05,0.4185,0,-0.01032925727137838,0.38565153,0.38390025,0.00736772332046633,0.3765325316443622,test,Low,Low
2446,Tennessee,Tipton,47167,54650.0,61558.0,15.617397348691723,3.1123,0.0018,10.0745,85.8323,0.5292,0.0,0.437,0.0129,2.0,1187267190.0,3.248968452516326,5.184848071140583e-05,0.5439,0,-0.01032925727137838,0.67041636,0.66966116,0.0018491719240586895,0.6678119923596938,train,Low,High
2447,Tennessee,Coffee,47031,45456.0,53808.0,18.45070036457334,2.8063,0.0291,7.5113,88.4203,0.7038,0.0,0.5111,0.0182,10.0,1111007254.0,18.58459708593518,4.843172698132536e-05,0.7511,1,-0.01032925727137838,0.90057003,0.90061986,0.010577546582404552,0.8900423178814016,train,High,High
2448,Tennessee,Fayette,47047,55972.0,39071.0,22.072936660268713,3.9196,0.0182,9.4122,85.3817,0.8282,0.0,0.4167,0.0234,0.0,1825375542.0,0.0,2.1404362609784545e-05,0.8698,1,-0.01032925727137838,0.82524776,0.82503414,0.0,0.8250341415405273,train,High,High
2449,Tennessee,Hancock,47067,27973.0,6609.0,11.321548821548822,4.0829,0.0,6.6118,88.1018,0.2895,0.0,0.9141,0.0,1.0,575820508.0,15.130882130428205,1.1477534940454049e-05,0.2895,0,-0.01032925727137838,0.021668939,0.018644515,0.0086118418294148,0.010032673595552013,train,Low,Low
2450,Tennessee,Hawkins,47073,37883.0,56567.0,12.98743072050673,3.3489,0.0127,6.8032,88.7243,0.461,0.0,0.6407,0.0091,5.0,1261444603.0,8.83907578623579,4.484303144622515e-05,0.4828,0,-0.01032925727137838,0.43610597,0.43453118,0.005030818555925045,0.42950036349477994,test,Low,Low
2451,Tennessee,Johnson,47091,30180.0,17923.0,10.095365817314857,2.9828,0.0351,5.5679,89.9988,0.4913,0.0,0.9007,0.0234,2.0,772960232.0,11.158846175305474,2.3187480103116093e-05,0.5498,0,-0.01032925727137838,0.023653848,0.020636365,0.0063511312448365125,0.014285233572782812,train,Low,Low
2452,Tennessee,Lincoln,47103,41038.0,33582.0,17.50520103596145,3.5453,0.0123,8.7267,86.6229,0.4911,0.0,0.5832,0.0184,2.0,1477188735.0,5.955571437079388,2.2733723324799115e-05,0.5217999999999999,0,-0.01032925727137838,0.5865712,0.5855227,0.003389652948043738,0.5821330583289643,train,Low,High
2453,Tennessee,Macon,47111,34098.0,22924.0,9.22386895475819,5.246,0.0,7.0713,86.7808,0.3382,0.0,0.5593,0.0043,1.0,795498357.0,4.362240446693422,2.8817155683955736e-05,0.3425,0,-0.01032925727137838,0.054936893,0.052028835,0.0024827980566481593,0.04954603676314554,train,Low,Low
2454,Tennessee,Moore,47127,49496.0,6314.0,17.222820236813778,3.5335,0.0129,8.2578,87.0437,0.5695,0.0,0.5824,0.0,0.0,334684869.0,0.0,1.8865507780096267e-05,0.5824,1,-0.01032925727137838,0.29521337,0.29314578,0.0,0.2931457757949829,train,High,Low
2455,Tennessee,Dyer,47045,42833.0,37970.0,18.442687128092704,2.5531,0.0128,10.379,86.2447,0.41,0.0,0.3972,0.0032,2.0,1326939562.0,5.267316302343956,2.86147169677951e-05,0.42599999999999993,0,-0.01032925727137838,0.6525778,0.6517602,0.0029979279773822707,0.6487622925502666,train,Low,High
2456,Tennessee,Hamilton,47065,49434.0,351305.0,29.597787357857058,2.0091,0.0556,6.9698,89.6092,0.9886,0.0,0.3202,0.0476,99.0,1404935852.0,28.18064075376098,0.0002500505624508755,1.0918,1,-0.01032925727137838,0.99711406,0.99750155,0.01603919842418878,0.9814623536807612,train,High,High
2457,Tennessee,Polk,47139,41520.0,16697.0,9.680372898285333,3.6291,0.0059,5.7087,89.6135,0.6009,0.0,0.436,0.0059,3.0,1125699133.0,17.967299514882914,1.483256006025546e-05,0.6127,1,-0.01032925727137838,0.19312899,0.1907043,0.010226207579314082,0.18047809342032733,train,High,Low
2458,Tennessee,White,47185,35989.0,26373.0,11.785579869885478,3.2954,0.0287,7.3994,88.0987,0.5253,0.0,0.6443,0.0082,1.0,975592097.0,3.791756720888788,2.703281430948287e-05,0.5621999999999999,1,-0.01032925727137838,0.15179421,0.14922495,0.0021581034637926065,0.14706684839949627,train,High,Low
2459,Tennessee,Sullivan,47163,40983.0,156644.0,21.361257470207576,2.3432,0.0234,6.198,90.1212,0.7867,0.0,0.5093,0.0182,20.0,1070732771.0,12.767804703659252,0.0001462960733458302,0.8282999999999999,1,-0.01032925727137838,0.9391596,0.9393444,0.007266880653022446,0.9320775254749072,train,High,High
2460,Tennessee,Robertson,47147,56331.0,67905.0,18.131844064826982,3.0727,0.0201,8.32,87.5394,0.5648,0.0,0.4645,0.0185,4.0,1233581151.0,5.890582431337899,5.5047047326357856e-05,0.6033999999999999,1,-0.01032925727137838,0.8670863,0.867019,0.0033526640247759317,0.863666333644444,train,High,High
2461,Tennessee,Franklin,47051,44837.0,41348.0,19.016661337880564,3.1099,0.054,7.9723,87.6341,0.7928,0.0,0.4345,0.0025,2.0,1436108600.0,4.836993324949211,2.87916944442781e-05,0.8492999999999999,1,-0.01032925727137838,0.76083434,0.7603954,0.0027530068032602497,0.7576424008734365,train,High,High
2462,Tennessee,Blount,47009,49532.0,126192.0,23.121193120745254,2.5672,0.0206,7.4568,88.6766,0.7758,0.0,0.4854,0.0176,20.0,1447307020.0,15.84886522125016,8.71908988598701e-05,0.814,1,-0.01032925727137838,0.97398937,0.97429603,0.00902048666327539,0.9652755467191404,train,High,High
2463,Tennessee,Cheatham,47021,53179.0,39575.0,19.419264499963152,3.1522,0.018,7.2212,88.3234,0.7459,0.0,0.519,0.0202,1.0,783308254.0,2.5268477574226154,5.052289414532328e-05,0.7841,1,-0.01032925727137838,0.83353865,0.833354,0.001438172145308968,0.8319158241315465,train,High,High
2464,Tennessee,Carter,47019,33177.0,56707.0,16.10262141347392,2.2788,0.0097,5.4394,91.0648,0.498,0.0,0.6976,0.0116,3.0,883688209.0,5.290352161108857,6.41708233995459e-05,0.5193000000000001,0,-0.01032925727137838,0.40562108,0.40393966,0.0030110389890455713,0.4009286253748155,train,Low,Low
2465,Tennessee,Grainger,47057,37522.0,22813.0,11.60139731568303,4.6663,0.0,6.6239,87.6209,0.3376,0.0,0.7474,0.0038,2.0,726729365.0,8.766931135755929,3.139132818721313e-05,0.34140000000000004,0,-0.01032925727137838,0.12666877,0.12401162,0.00498975695003747,0.1190218639291358,train,Low,Low
2466,Tennessee,Giles,47055,40635.0,29034.0,14.01611952034598,4.089,0.016,7.9382,87.0328,0.4124,0.0,0.4987,0.0128,1.0,1582294988.0,3.4442377901770334,1.834929657250485e-05,0.4412,0,-0.01032925727137838,0.17474402,0.17225504,0.0019603107615417236,0.17029472845354618,test,Low,Low
2467,Tennessee,Lauderdale,47097,32353.0,27261.0,8.574531631821884,3.1047,0.0,10.2427,85.842,0.3144,0.0,0.4962,0.0,0.0,1222389178.0,0.0,2.2301408169043854e-05,0.3144,0,-0.01032925727137838,0.024620794,0.021606695,0.0,0.021606694906949997,train,Low,Low
2468,Tennessee,Lawrence,47099,40457.0,42406.0,11.677245152014589,3.2417,0.0071,8.4598,87.3115,0.4376,0.0,0.5327,0.0095,3.0,1598356132.0,7.074470593783898,2.6531008422345765e-05,0.4542,0,-0.01032925727137838,0.21124327,0.20888194,0.004026481817474113,0.20485546260047938,test,Low,Low
2469,Tennessee,Madison,47113,44237.0,98128.0,25.536004960855745,1.8567,0.014,8.9068,88.2006,0.6734,0.0,0.3332,0.0152,10.0,1442901132.0,10.19077123756726,6.800743157224164e-05,0.7026,1,-0.01032925727137838,0.9539909,0.95422757,0.005800144979068401,0.9484274217399867,train,High,High
2470,Tennessee,Marion,47115,41477.0,28363.0,12.346534653465346,2.6976,0.0031,6.9193,89.5224,0.3818,0.0,0.4569,0.0188,4.0,1290244621.0,14.102880513344852,2.1982653163876278e-05,0.40369999999999995,0,-0.01032925727137838,0.23473552,0.23245637,0.0080267478969929,0.22442962329117086,train,Low,Low
2471,Tennessee,Overton,47133,35065.0,22090.0,13.843955044500747,4.2967,0.0,7.0474,87.5293,0.5462,0.0,0.5657,0.0146,2.0,1122721545.0,9.053870529651427,1.9675404020148202e-05,0.5608,1,-0.01032925727137838,0.10189059,0.09914677,0.005153070407478715,0.09399369804325829,test,High,Low
2472,Tennessee,Pickett,47137,39014.0,5096.0,9.229576008273009,4.1012,0.0,6.9377,80.9395,0.4697,0.0,7.5339,0.0181,2.0,422113138.0,39.246467817896395,1.2072592727497622e-05,0.4878,0,-0.01032925727137838,0.12739952,0.12474492,0.02233738722551115,0.10240753469717256,train,Low,Low
2473,Tennessee,Wayne,47181,34008.0,16842.0,10.645865330207743,4.1785,0.0132,7.4432,87.3253,0.192,0.0,0.841,0.0066,0.0,1901315006.0,0.0,8.858079774709358e-06,0.2118,0,-0.01032925727137838,0.058837816,0.0559434,0.0,0.05594339966773987,train,Low,Low
2474,Tennessee,Williamson,47187,100140.0,205645.0,56.58052974955654,2.0164,0.2918,8.0586,87.3212,1.8498,0.0,0.3529,0.1093,78.0,1508923180.0,37.92944151328746,0.00013628593073903206,2.2509,1,-0.01032925727137838,0.99827445,0.998666,0.021587792976960233,0.9770781954683218,train,High,High
2475,Tennessee,Bedford,47003,43819.0,46331.0,14.253296938205018,3.2939,0.0278,7.0665,88.7697,0.3612,0.0,0.4702,0.0107,1.0,1226719728.0,2.158382076795234,3.7768203235417436e-05,0.3997,0,-0.01032925727137838,0.5268521,0.5255947,0.0012284574615398416,0.5243662538421711,test,Low,High
2476,Tennessee,Greene,47059,36711.0,68502.0,14.68619929813107,3.3205,0.0031,6.4937,89.0491,0.4468,0.0,0.6804,0.0063,11.0,1611409748.0,16.057925316049168,4.251060295807519e-05,0.45619999999999994,0,-0.01032925727137838,0.4563979,0.4548941,0.009139474601568224,0.44575462105768776,train,Low,Low
2477,Tennessee,Cumberland,47035,40123.0,57895.0,18.762314988773312,2.8831,0.0035,8.1471,87.3814,1.0723,0.0,0.4901,0.0226,11.0,1763849862.0,18.999913636756197,3.2823088431321375e-05,1.0984,1,-0.01032925727137838,0.8485197,0.8483875,0.01081392674940196,0.8375735530327025,train,High,High
2478,Tennessee,Van Buren,47175,42813.0,5641.0,11.748966188275359,3.1886,0.0,6.107,89.5514,0.3783,0.0,0.7566,0.018,2.0,708142422.0,35.45470661230278,7.965911693396615e-06,0.39630000000000004,0,-0.01032925727137838,0.115430556,0.112734094,0.020179281209219073,0.09255481305290403,test,Low,Low
2479,Tennessee,Claiborne,47025,33428.0,31701.0,13.186910901653922,3.7952,0.0,7.0907,88.0043,0.3679,0.0,0.7327,0.0092,0.0,1125581221.0,0.0,2.8164115932776386e-05,0.3771,0,-0.01032925727137838,0.104736835,0.10200297,0.0,0.10200297087430954,test,Low,Low
2480,Tennessee,Hickman,47081,37546.0,24251.0,11.396993285400201,3.5728,0.0173,7.3269,88.0906,0.4013,0.0,0.5782,0.0129,0.0,1586324704.0,0.0,1.5287538508887775e-05,0.4315,0,-0.01032925727137838,0.072311364,0.06946408,0.0,0.06946408003568649,train,Low,Low
2481,Tennessee,Humphreys,47085,40995.0,18216.0,12.874157655539884,4.1662,0.0051,8.1705,86.9039,0.3088,0.0,0.4455,0.0,3.0,1374668749.0,16.469038208168644,1.3251192342337885e-05,0.3139,0,-0.01032925727137838,0.17274928,0.1702533,0.009373462228360082,0.16087984439891348,train,Low,Low
2482,Tennessee,Putnam,47141,36350.0,74652.0,24.38250194446196,2.5371,0.0224,7.2564,88.8324,0.8471,0.0,0.4683,0.0363,20.0,1038860606.0,26.790976799014093,7.185949642217929e-05,0.9057999999999999,1,-0.01032925727137838,0.94714385,0.9473566,0.01524826197572802,0.9321083197121992,train,High,High
2483,Tennessee,Sevier,47155,42586.0,94537.0,17.534435675059267,2.9824,0.0227,7.1344,88.7234,0.6401,0.0,0.4734,0.0237,54.0,1534562013.0,57.12049250557983,6.160520018033314e-05,0.6865000000000001,1,-0.01032925727137838,0.8998949,0.89994234,0.03251050681883845,0.8674318316478058,train,High,High
2484,Tennessee,Stewart,47161,41835.0,13257.0,13.04162219850587,3.8352,0.0,8.8803,86.06,0.616,0.0,0.594,0.0147,1.0,1189647479.0,7.543184732594101,1.11436372824861e-05,0.6307,1,-0.01032925727137838,0.13190264,0.12926379,0.004293253575515004,0.12497053488617017,train,High,Low
2485,Tennessee,Chester,47023,42376.0,17355.0,15.787552473079028,3.3685,0.0,9.8153,85.7123,0.46,0.0,0.644,0.0,3.0,740052033.0,17.28608470181504,2.345105374502768e-05,0.46,0,-0.01032925727137838,0.36035198,0.35851222,0.009838489654382438,0.3486737331124938,train,Low,Low
2486,Tennessee,Decatur,47039,38180.0,11703.0,11.296472831267874,4.1594,0.0092,9.3472,85.511,0.4499,0.0,0.5142,0.0092,1.0,864665743.0,8.54481756814492,1.3534709909283407e-05,0.4683,0,-0.01032925727137838,0.11732001,0.114630155,0.004863339541194771,0.10976681572413649,train,Low,Low
2487,Tennessee,Jackson,47087,32676.0,11526.0,8.00806738640408,3.2755,0.0103,6.3236,89.2023,0.527,0.0,0.6406,0.0207,1.0,799368933.0,8.676036786395974,1.441887409452276e-05,0.558,1,-0.01032925727137838,0.0920882,0.089310095,0.004938023828787299,0.08437207088537743,train,High,Low
2488,Tennessee,Mcnairy,47109,31956.0,26057.0,10.950834113307273,3.3703,0.0114,8.9368,86.7885,0.3382,0.0,0.5396,0.0152,0.0,1457754835.0,0.0,1.7874747779519456e-05,0.3648,0,-0.01032925727137838,0.013534249,0.010481371,0.0,0.010481370612978935,train,Low,Low
2489,Tennessee,Roane,47145,42299.0,52983.0,18.778216340324537,2.9981,0.0116,6.9407,88.8128,0.6407,0.0,0.5748,0.0213,7.0,934284686.0,13.211784912141631,5.670969544287275e-05,0.6736000000000001,1,-0.01032925727137838,0.8574458,0.85734475,0.007519574930717718,0.8498251716589429,train,High,High
2490,Tennessee,Bradley,47011,43721.0,102860.0,20.89996388587938,2.437,0.0113,6.4977,89.9671,0.7007,0.0,0.3729,0.0133,6.0,851489150.0,5.8331713007972,0.00012080012998404032,0.7253,1,-0.01032925727137838,0.83967745,0.8395143,0.0033199880993934902,0.8361943270289329,test,High,High
2491,Tennessee,Hamblen,47063,39270.0,63203.0,15.967548630957868,2.3422,0.01,6.8012,89.6112,0.5542,0.0,0.6711,0.01,9.0,417437888.0,14.239830387798046,0.00015140695614098164,0.5742,1,-0.01032925727137838,0.6536939,0.6528802,0.008104693825537104,0.6447754979774414,train,High,High
2492,Tennessee,Union,47173,38540.0,19081.0,9.95047276001801,4.306,0.0059,6.2481,88.2461,0.5108,0.0,0.6771,0.0059,0.0,579031092.0,0.0,3.295332541486391e-05,0.5226000000000001,0,-0.01032925727137838,0.14072202,0.13811404,0.0,0.13811403512954712,train,Low,Low
2493,Tennessee,Hardin,47071,37244.0,25839.0,12.652995490659222,3.3773,0.0121,8.9619,86.6677,0.3699,0.0,0.587,0.0241,2.0,1495279386.0,7.740237625295097,1.7280382677595477e-05,0.4061,0,-0.01032925727137838,0.121363945,0.11868824,0.004405407535167956,0.11428283311214803,test,Low,Low
2494,Tennessee,Dickson,47043,47137.0,50926.0,14.136306171704401,3.594,0.0061,7.847,87.5928,0.5695,0.0,0.3681,0.0224,7.0,1268824248.0,13.745434552095197,4.0136370407700466e-05,0.598,1,-0.01032925727137838,0.75512815,0.75466925,0.007823305159529845,0.7468459438982399,train,High,High
2495,Tennessee,Morgan,47129,39728.0,21688.0,7.455095602909934,3.1519,0.0,6.7743,89.062,0.4149,0.0,0.5818,0.0152,3.0,1352439653.0,13.832534120250829,1.6036205350746248e-05,0.4301,0,-0.01032925727137838,0.11953764,0.11685555,0.007872878455911435,0.10898266837617322,train,Low,Low
2496,Tennessee,Monroe,47123,37054.0,45482.0,12.15219158381792,2.8969,0.0148,6.1009,89.5522,0.7866,0.0,0.6273,0.0213,3.0,1646324247.0,6.596016006332175,2.7626392603327794e-05,0.8227,1,-0.01032925727137838,0.1478351,0.14525199,0.0037541662185437584,0.14149782314608025,test,High,Low
2497,Tennessee,Henry,47079,38378.0,32291.0,14.694738654955653,3.4588,0.0128,9.0729,86.1457,0.8327,0.0,0.4644,0.0128,9.0,1455159734.0,27.87154315443932,2.2190690991178843e-05,0.8583000000000001,1,-0.01032925727137838,0.46845338,0.46699172,0.01586327347729775,0.451128449106473,train,High,Low
2498,Tennessee,Crockett,47033,38043.0,14558.0,13.577498988263862,3.8567,0.0,10.5897,84.5332,0.5223,0.0,0.4901,0.008,0.0,687731416.0,0.0,2.1168147421085675e-05,0.5303,0,-0.01032925727137838,0.19294626,0.19052093,0.0,0.19052092730998993,test,Low,Low
2499,Tennessee,Lake,47095,29893.0,7643.0,9.129287598944591,2.295,0.0,9.8016,87.234,0.1673,0.0,0.502,0.0,0.0,429381245.0,0.0,1.780003223009892e-05,0.1673,0,-0.01032925727137838,0.022612797,0.019591674,0.0,0.019591674208641052,test,Low,Low
2500,Tennessee,Knox,47093,50366.0,448164.0,35.660934222556875,2.0634,0.0538,6.8992,89.4249,1.1399,0.0,0.3709,0.0478,72.0,1316269093.0,16.0655474335288,0.0003404805312100419,1.2415,1,-0.01032925727137838,0.9971288,0.99751633,0.009143812780239765,0.9883725212766145,train,High,High
2501,Tennessee,Mcminn,47107,38661.0,52606.0,13.680763983628921,3.2942,0.0114,6.9029,88.7963,0.5014,0.0,0.4766,0.0172,5.0,1114009036.0,9.504619244953048,4.72222381506787e-05,0.5299999999999999,0,-0.01032925727137838,0.48125017,0.47983328,0.0054096170256817105,0.47442365805404546,train,Low,Low
2502,Tennessee,Marshall,47117,44900.0,31335.0,14.031482086972769,3.6116,0.0187,7.9624,87.509,0.4304,0.0,0.4335,0.0343,3.0,972442312.0,9.573958831977022,3.222299113615698e-05,0.4834,0,-0.01032925727137838,0.4006816,0.3989829,0.005449082111115596,0.3935338301909016,train,Low,Low
2503,Tennessee,Rhea,47143,38355.0,32461.0,13.180372557928214,3.0901,0.0062,6.9179,89.1768,0.4246,0.0,0.3719,0.0124,4.0,816823241.0,12.322479282831706,3.9740544062212846e-05,0.4432,0,-0.01032925727137838,0.36511153,0.3632884,0.007013420738806865,0.3562749818185662,train,Low,Low
2504,Tennessee,Scott,47151,30897.0,22029.0,8.916509051607674,3.5651,0.0,6.2545,89.1989,0.2887,0.0,0.688,0.0048,2.0,1378656638.0,9.078941395433294,1.597859785592241e-05,0.29350000000000004,0,-0.01032925727137838,0.024215585,0.021200068,0.005167339656870708,0.016032728638131277,train,Low,Low
2505,Tennessee,Anderson,47001,44241.0,75545.0,23.967620397657328,2.5908,0.0283,6.4501,89.4291,1.0299,0.0,0.4408,0.031,18.0,873292844.0,23.826858164008208,8.650591896983413e-05,1.0892,1,-0.01032925727137838,0.97284275,0.97314537,0.01356121421286443,0.9595841515021625,train,High,High
2506,Tennessee,Fentress,47049,31714.0,17936.0,12.527663610496365,3.4904,0.0,8.1099,87.3032,0.3746,0.0,0.7165,0.0054,3.0,1291397312.0,16.726137377341658,1.3888831758695808e-05,0.38,0,-0.01032925727137838,0.025023405,0.022010714,0.009519791924164096,0.012490921891524991,train,Low,Low
2507,Tennessee,Gibson,47053,38854.0,49511.0,17.317305403475363,2.5735,0.0068,10.4804,86.0845,0.4683,0.0,0.3706,0.0159,5.0,1561106430.0,10.098765930803255,3.171532641755886e-05,0.491,0,-0.01032925727137838,0.47186944,0.47041973,0.0057477795490499485,0.4646719551673655,train,Low,Low
2508,Tennessee,Hardeman,47069,33566.0,25975.0,10.814068149446697,3.195,0.009,8.5277,87.4593,0.357,0.0,0.4429,0.009,0.0,1729454854.0,0.0,1.501918361148501e-05,0.375,0,-0.01032925727137838,0.056088418,0.053184386,0.0,0.0531843863427639,train,Low,Low
2509,Tennessee,Loudon,47105,52995.0,50637.0,25.375104382727688,3.3725,0.0244,7.2601,87.6737,1.1524,0.0,0.4906,0.0263,7.0,593760992.0,13.823883721389498,8.528178961274708e-05,1.2031,1,-0.01032925727137838,0.96556705,0.9658442,0.007867955024077588,0.9579762589384774,train,High,High
2510,Tennessee,Rutherford,47149,58032.0,290289.0,30.231871297777136,1.7811,0.1174,7.5285,89.2081,0.971,0.0,0.3598,0.0341,52.0,1604151408.0,17.913183069286124,0.00018096109790653877,1.1225,1,-0.01032925727137838,0.996627,0.9970128,0.010195406845699716,0.986817387172092,train,High,High
2511,Tennessee,Smith,47159,44272.0,19176.0,10.721098817245327,4.3553,0.0161,7.3034,87.1001,0.5136,0.0,0.6742,0.0375,2.0,814016768.0,10.429703796412182,2.3557254289877232e-05,0.5671999999999999,1,-0.01032925727137838,0.3575469,0.35569733,0.005936135028223029,0.3497611987844906,train,High,Low
2512,Tennessee,Wilson,47189,63426.0,125616.0,28.860738784429667,2.7383,0.0614,7.8062,87.8438,1.063,0.0,0.4372,0.0502,19.0,1479053208.0,15.125461724621069,8.493000746731756e-05,1.1745999999999999,1,-0.01032925727137838,0.98826337,0.9886199,0.008608756769531316,0.9800111668220824,train,High,High
2513,Tennessee,Unicoi,47171,35390.0,17945.0,12.575392038600725,2.7662,0.0054,6.2497,89.6256,0.5924,0.0,0.75,0.0109,1.0,482151702.0,5.572582892170521,3.7218576488608974e-05,0.6087,1,-0.01032925727137838,0.22860187,0.22630127,0.0031716724798329567,0.2231295952632777,train,High,Low
2514,Tennessee,Warren,47177,36245.0,40099.0,13.166843394639658,2.7759,0.0076,6.8003,89.4113,0.5024,0.0,0.4796,0.0228,8.0,1120619142.0,19.950622210030176,3.578289759394454e-05,0.5328,0,-0.01032925727137838,0.42532602,0.42371354,0.011355028833756933,0.41235850623666237,test,Low,Low
2515,Tennessee,Washington,47179,44444.0,126044.0,30.861849704238665,2.6232,0.0253,6.1667,89.7665,0.948,0.0,0.4475,0.0228,21.0,845537370.0,16.66084859255498,0.00014906969753448036,0.9961,1,-0.01032925727137838,0.9918875,0.99225676,0.009482632379666232,0.9827741282175628,train,High,High
2516,Tennessee,Weakley,47183,38040.0,34024.0,21.112404002792644,3.0166,0.0075,10.3267,85.798,0.4517,0.0,0.392,0.0075,5.0,1503105587.0,14.695509052433577,2.263580169900599e-05,0.4667,0,-0.01032925727137838,0.6810768,0.6803589,0.008364046357071832,0.6719948403616781,train,Low,High
2517,Tennessee,Benton,47005,33611.0,16173.0,12.245755589174651,3.7094,0.0115,8.0151,87.2492,0.4472,0.0,0.5561,0.0115,2.0,1021248374.0,12.366289494837075,1.5836500122545115e-05,0.4702,0,-0.01032925727137838,0.10603723,0.10330792,0.007038355611278354,0.0962695621028406,train,Low,Low
2518,Tennessee,Bledsoe,47007,38535.0,14073.0,11.258925951286315,4.2419,0.0,6.8785,87.8982,0.3743,0.0,0.5989,0.0083,1.0,1052635798.0,7.105805443046969,1.336929641452304e-05,0.3826,0,-0.01032925727137838,0.09969169,0.096940175,0.004044316254572756,0.09289585844425689,train,Low,Low
2519,Tennessee,Campbell,47013,33628.0,40008.0,10.622467514321643,3.0874,0.0,6.9958,88.7835,0.3151,0.0,0.8071,0.0111,3.0,1243615772.0,7.498500299940011,3.217070810838832e-05,0.3262,0,-0.01032925727137838,0.073339894,0.07049621,0.004267821134568267,0.06622838783121009,train,Low,Low
2520,Tennessee,Cannon,47015,43654.0,13855.0,12.995036969512814,4.1165,0.0211,6.2909,88.5863,0.3941,0.0,0.5911,0.0,0.0,687992438.0,0.0,2.0138302741054257e-05,0.4152,0,-0.01032925727137838,0.22464074,0.22232628,0.0,0.22232627868652344,train,Low,Low
2521,Tennessee,Houston,47083,40680.0,8234.0,10.7386066003143,3.7245,0.0117,8.4563,86.7768,0.3748,0.0,0.6442,0.0117,0.0,518749022.0,0.0,1.5872801009348216e-05,0.3982,0,-0.01032925727137838,0.113578744,0.11087581,0.0,0.11087580770254135,train,Low,Low
2522,Tennessee,Maury,47119,49597.0,85767.0,19.56237142322798,2.7733,0.0358,8.4425,87.5551,0.7655,0.0,0.4018,0.0261,11.0,1588021145.0,12.825445684237527,5.4008726691104605e-05,0.8273999999999999,1,-0.01032925727137838,0.9030065,0.90306485,0.007299687399076877,0.8957651595934158,train,High,High
2523,Texas,San Jacinto,48407,44878.0,27172.0,10.005271481286242,9.6581,0.0048,10.271,79.2281,0.4836,0.0,0.3495,0.0048,1.0,1474332261.0,3.6802590902399532,1.8430038274798358e-05,0.4932,0,-0.14193638929858268,0.09905125,0.0962975,0.002094643848469101,0.09420285866923109,test,Low,Low
2524,Texas,Upshur,48459,47724.0,40295.0,15.783843600147545,7.7099,0.003,11.4327,79.8747,0.5344,0.0,0.4394,0.0059,0.0,1509791538.0,0.0,2.6689115010790318e-05,0.5433,0,-0.14193638929858268,0.4015324,0.3998367,0.0,0.3998366892337799,train,Low,Low
2525,Texas,Waller,48473,53508.0,47049.0,18.74457508088061,9.4766,0.0079,10.673,78.9033,0.5851,0.0,0.3306,0.0236,9.0,1329535289.0,19.128993177325768,3.538755262027498e-05,0.6165999999999999,1,-0.14193638929858268,0.8413443,0.84118694,0.010887393225263484,0.83029954744475,train,High,High
2526,Texas,Wilson,48493,68737.0,46444.0,19.29638212952234,10.75,0.0073,12.0335,76.2115,0.6224,0.0,0.3657,0.0097,2.0,2081662844.0,4.306261303935923,2.231100974582222e-05,0.6394,1,-0.14193638929858268,0.7782807,0.7779028,0.002450937156601602,0.7754518448067468,train,High,High
2527,Texas,Hockley,48219,50331.0,23377.0,14.708972473208656,8.257,0.0052,15.608,75.3999,0.3313,0.0,0.3934,0.0052,0.0,2352723913.0,0.0,9.936142473339158e-06,0.34169999999999995,0,-0.14193638929858268,0.18571496,0.18326434,0.0,0.1832643449306488,train,Low,Low
2528,Texas,Midland,48329,71424.0,155817.0,26.228119122904914,9.3008,0.0107,17.1127,72.5948,0.4831,0.0,0.4798,0.0181,5.0,2331647582.0,3.2088924828484697,6.682699444070617e-05,0.5118999999999999,0,-0.14193638929858268,0.9126213,0.9127133,0.0018263624203585748,0.9108869268405057,train,Low,High
2529,Texas,Llano,48299,48562.0,19624.0,26.615651726577067,9.3866,0.0216,11.2316,77.9306,0.9171,0.0,0.4909,0.0216,8.0,2419183499.0,40.766408479412966,8.111827816332175e-06,0.9602999999999999,1,-0.14193638929858268,0.88871044,0.8887188,0.023202471524909257,0.865516312330529,train,High,High
2530,Texas,Fannin,48147,45471.0,33757.0,15.6305356389709,9.0782,0.007,10.0955,79.8126,0.5504,0.0,0.4424,0.0139,2.0,2307244931.0,5.9246970998607695,1.4630869721043934e-05,0.5713,1,-0.14193638929858268,0.20783,0.20545673,0.00337208061442678,0.2020846530891865,train,High,Low
2531,Texas,Brazos,48041,41654.0,209896.0,39.77723627332904,5.0943,0.0384,10.2669,82.9789,1.3309,0.0,0.2543,0.0362,40.0,1516484053.0,19.057056828143462,0.00013840963219149656,1.4055,1,-0.14193638929858268,0.98958707,0.9899483,0.010846450175439724,0.9791018225296384,test,High,High
2532,Texas,Gaines,48165,58788.0,19485.0,10.472565221427908,13.8235,0.0064,16.1317,69.5269,0.2046,0.0,0.3005,0.0064,0.0,3891105277.0,0.0,5.0075746125848135e-06,0.21739999999999998,0,-0.14193638929858268,0.05076125,0.047838584,0.0,0.04783858358860016,test,Low,Low
2533,Texas,Gray,48179,45264.0,23028.0,13.581050302596474,7.6954,0.005,13.0034,78.2197,0.3987,0.0,0.6728,0.005,0.0,2398261671.0,0.0,9.601954731819586e-06,0.4087,0,-0.14193638929858268,0.18897882,0.18653962,0.0,0.18653962016105652,train,Low,Low
2534,Texas,Jack,48237,50390.0,8866.0,10.778050778050778,15.5728,0.0,12.975,70.5541,0.4422,0.0,0.456,0.0,0.0,2358612572.0,0.0,3.7589895454860656e-06,0.4422,0,-0.14193638929858268,0.059500437,0.05660834,0.0,0.05660834163427353,train,Low,Low
2535,Texas,Bosque,48035,45419.0,17953.0,17.680638098217077,9.6461,0.0061,11.0216,78.2235,0.5696,0.0,0.5211,0.0121,1.0,2545904359.0,5.570099704784716,7.0517181592209215e-06,0.5878,1,-0.14193638929858268,0.32378775,0.32182008,0.003170259157277469,0.3186498211230265,train,High,Low
2536,Texas,Bexar,48029,52353.0,1858699.0,26.92616413510901,2.5569,0.0362,9.0113,86.9981,1.1475,0.0,0.2129,0.0372,252.0,3211269024.0,13.557870316818377,0.0005788051347017882,1.2208999999999999,1,-0.14193638929858268,0.9764746,0.9767899,0.007716551732126507,0.9690733399876916,test,High,High
2537,Texas,Baylor,48023,34382.0,3639.0,26.590476190476192,11.5588,0.0,12.5,75.4412,0.1765,0.0,0.2941,0.0294,0.0,2246768188.0,0.0,1.6196597492504644e-06,0.2059,0,-0.14193638929858268,0.16192015,0.15938629,0.0,0.1593862920999527,train,Low,Low
2538,Texas,Denton,48121,76678.0,754650.0,42.167598272557136,3.251,0.0937,8.8382,86.1154,1.4152,0.0,0.217,0.0694,123.0,2275390903.0,16.298946531504672,0.0003316572985349586,1.5783,1,-0.14193638929858268,0.9937417,0.99411744,0.009276653423473261,0.9848407853697091,train,High,High
2539,Texas,Galveston,48167,63064.0,314485.0,28.92818535773392,4.6711,0.0248,10.4593,83.6837,0.8972,0.0,0.2318,0.032,51.0,981463489.0,16.21698968154284,0.00032042455325610183,0.9540000000000001,1,-0.14193638929858268,0.98957705,0.9899382,0.009230007139229925,0.9807081923808811,train,High,High
2540,Texas,Roberts,48393,72500.0,939.0,31.502423263327948,14.4868,0.0,17.3013,67.8808,0.0,0.0,0.3311,0.0,0.0,2393298446.0,0.0,3.923455520431989e-07,0.0,0,-0.14193638929858268,0.23896466,0.23670031,0.0,0.23670031130313873,train,Low,Low
2541,Texas,Uvalde,48463,39011.0,27055.0,14.927623642943304,9.1618,0.0135,11.9826,78.1694,0.3229,0.0,0.3453,0.0045,8.0,4019519701.0,29.569395675475885,6.730903693112661e-06,0.34090000000000004,0,-0.14193638929858268,0.28987655,0.28779027,0.016829617490475672,0.270960651169116,test,Low,Low
2542,Texas,Bowie,48037,42683.0,93483.0,18.764921215979626,4.7097,0.0054,11.2374,83.119,0.5402,0.0,0.383,0.0054,7.0,2292153750.0,7.487992469219002,4.078391338277373e-05,0.5509999999999999,0,-0.14193638929858268,0.54353017,0.54233116,0.0042618405330832,0.5380693185817544,train,Low,High
2543,Texas,Kent,48263,50625.0,667.0,23.895582329317268,14.7996,0.0,16.6495,68.4481,0.0,0.0,0.1028,0.0,0.0,2337482011.0,0.0,2.8534978958603846e-07,0.0,0,-0.14193638929858268,0.2098624,0.20749624,0.0,0.20749624073505402,train,Low,Low
2544,Texas,Somervell,48425,50562.0,8673.0,19.162586527097755,10.1677,0.0117,11.2232,77.2956,0.8796,0.0,0.4105,0.0117,1.0,482937181.0,11.530035743110803,1.7958857468876475e-05,0.9030000000000001,1,-0.14193638929858268,0.37887317,0.3770982,0.006562396247042823,0.3705358064583405,test,High,Low
2545,Texas,Hardin,48199,54352.0,55624.0,16.080725672266652,7.6024,0.0,12.5709,79.1139,0.4555,0.0,0.2467,0.0105,4.0,2306607884.0,7.191140514885661,2.4115065410918366e-05,0.466,0,-0.14193638929858268,0.5555619,0.554405,0.0040928852761831155,0.5503120887075815,test,Low,High
2546,Texas,Leon,48289,47441.0,16923.0,16.727303494373466,13.4079,0.0,12.5203,73.0216,0.6251,0.0,0.4251,0.0,3.0,2779462016.0,17.72735330615139,6.088588332052242e-06,0.6251,1,-0.14193638929858268,0.24030168,0.238042,0.010089640604609536,0.22795235635126204,train,High,Low
2547,Texas,Newton,48351,36829.0,14138.0,7.491120439134646,9.1516,0.0202,11.2145,78.8856,0.3236,0.0,0.3944,0.0101,0.0,2418212546.0,0.0,5.846467062370456e-06,0.3539,0,-0.14193638929858268,0.019903906,0.016873308,0.0,0.016873307526111603,train,Low,Low
2548,Texas,Reeves,48389,46464.0,14438.0,11.190847633905356,8.0165,0.0,14.2627,77.0469,0.2012,0.0,0.4727,0.0,4.0,6825534308.0,27.70466823659787,2.115292275811677e-06,0.2012,0,-0.14193638929858268,0.14699906,0.14441302,0.01576829551201064,0.12864472867507737,train,Low,Low
2549,Texas,Travis,48453,64422.0,1148176.0,46.44660563411467,2.832,0.2053,8.4255,85.853,2.3137,0.0,0.2435,0.127,747.0,2568730997.0,65.05971209988712,0.000446981798148948,2.646,1,-0.14193638929858268,0.99689144,0.99727815,0.037029166260224906,0.9602489876361069,test,High,High
2550,Texas,Collingsworth,48087,40257.0,3032.0,17.026496565260057,10.0176,0.0,13.7919,75.7319,0.1764,0.0,0.2822,0.0,0.0,2378749932.0,0.0,1.2746190590327256e-06,0.1764,0,-0.14193638929858268,0.11126256,0.108551525,0.0,0.108551524579525,test,Low,Low
2551,Texas,Erath,48143,42492.0,40641.0,28.19578234834679,13.8249,0.0033,11.3249,73.8149,0.6225,0.0,0.3862,0.0233,3.0,2805191670.0,7.381708127260649,1.448778008099532e-05,0.6491,1,-0.14193638929858268,0.8436741,0.84352493,0.004201348095563771,0.8393235847657644,train,High,High
2552,Texas,Motley,48345,35433.0,1022.0,17.397454031117398,12.6971,0.0,12.5311,73.7759,0.0,0.0,0.9959,0.0,0.0,2562963901.0,0.0,3.9875707948958737e-07,0.0,0,-0.14193638929858268,0.08790058,0.085107826,0.0,0.08510782569646835,train,Low,Low
2553,Texas,Coleman,48083,42049.0,8476.0,14.208010548870941,13.6951,0.0,11.8947,73.7273,0.2483,0.0,0.4097,0.0248,1.0,3268424413.0,11.798017932987259,2.5932984609609205e-06,0.2731,0,-0.14193638929858268,0.08084836,0.07803094,0.006714920086196603,0.07131601633376723,train,Low,Low
2554,Texas,Medina,48325,58333.0,47920.0,19.431488718013362,8.7418,0.0047,11.2774,78.881,0.7191,0.0,0.3454,0.0305,2.0,3432663415.0,4.173622704507513,1.3960005455413985e-05,0.7543,1,-0.14193638929858268,0.6638891,0.6631111,0.0023754450188064446,0.6607356456412887,train,High,High
2555,Texas,Henderson,48213,43434.0,79213.0,17.486526567077803,6.8981,0.0029,10.1003,81.9986,0.5809,0.0,0.4064,0.0129,5.0,2263039163.0,6.312095236892934,3.5002929377055594e-05,0.5967,1,-0.14193638929858268,0.6258499,0.6249388,0.003592570831214725,0.621346215198601,train,High,High
2556,Texas,Lamar,48277,40283.0,49626.0,16.69251879250686,6.3937,0.0024,10.7564,81.7174,0.6547,0.0,0.4659,0.0096,6.0,2349622229.0,12.090436464756378,2.112084206026636e-05,0.6667,1,-0.14193638929858268,0.57708955,0.5760079,0.006881352031266159,0.5691265505909567,test,High,High
2557,Texas,Kimble,48267,41263.0,4453.0,16.98004049754122,12.4645,0.0,12.6774,73.7701,0.5913,0.0,0.4967,0.0,5.0,3240036002.0,112.28385358185494,1.374367444451625e-06,0.5913,1,-0.14193638929858268,0.24612501,0.2438857,0.06390709931574491,0.17997859661855076,train,High,Low
2558,Texas,Washington,48477,52718.0,34544.0,22.047039459436046,10.0013,0.0032,11.6148,77.3093,0.653,0.0,0.3962,0.0222,8.0,1564249679.0,23.158869847151458,2.208343109399481e-05,0.6784,1,-0.14193638929858268,0.8999497,0.8999974,0.013181024235896805,0.8868163889225199,train,High,High
2559,Texas,Stephens,48429,45217.0,9787.0,16.920499543100824,10.7029,0.0133,14.0849,74.443,0.2387,0.0,0.504,0.0133,1.0,2322492641.0,10.217635639113109,4.214006893811294e-06,0.2653,0,-0.14193638929858268,0.14558965,0.14299868,0.00581543503122534,0.13718324544114863,train,Low,Low
2560,Texas,Andrews,48003,70121.0,17215.0,10.640384426792194,11.2301,0.0328,17.5346,70.3816,0.3152,0.0,0.4925,0.0131,0.0,3886850342.0,0.0,4.429035976502746e-06,0.3611,0,-0.14193638929858268,0.045850303,0.04291046,0.0,0.042910460382699966,train,Low,Low
2561,Texas,Gonzales,48177,46630.0,20370.0,13.744622003687768,10.9328,0.0163,12.5537,75.703,0.3481,0.0,0.4243,0.0218,3.0,2762704869.0,14.727540500736376,7.373208853601945e-06,0.3862,0,-0.14193638929858268,0.17362927,0.17113638,0.008382277268129956,0.1627541019738134,train,Low,Low
2562,Texas,Lynn,48305,40722.0,5723.0,17.24137931034483,8.8235,0.0199,15.0437,75.2981,0.2782,0.0,0.5366,0.0,0.0,2309924845.0,0.0,2.47756978431045e-06,0.29810000000000003,0,-0.14193638929858268,0.07267997,0.06983397,0.0,0.06983397156000137,train,Low,Low
2563,Texas,Zapata,48505,36976.0,14335.0,8.318695106649937,8.3731,0.0,12.5024,78.7622,0.1812,0.0,0.1812,0.0,0.0,2585876220.0,0.0,5.543575477096889e-06,0.1812,0,-0.14193638929858268,0.022179347,0.019156706,0.0,0.01915670558810234,train,Low,Low
2564,Texas,Hood,48221,58315.0,54217.0,25.76694991399892,8.1005,0.0203,11.0476,79.3147,1.1593,0.0,0.3318,0.0258,5.0,1089485886.0,9.222199679067451,4.97638387946955e-05,1.2054,1,-0.14193638929858268,0.96245414,0.96272045,0.005248876058302968,0.9574715776808633,test,High,High
2565,Texas,King,48269,57083.0,274.0,23.22274881516588,19.7403,0.0,18.4416,61.2987,0.0,0.0,0.5195,0.0,0.0,2359148815.0,0.0,1.16143584608926e-07,0.0,0,-0.14193638929858268,0.2098624,0.20749624,0.0,0.20749624073505402,train,Low,Low
2566,Texas,Cherokee,48073,40769.0,51257.0,17.358445297504797,6.7797,0.0095,11.7161,80.6442,0.4585,0.0,0.3753,0.0166,6.0,2727190094.0,11.705718243361881,1.879480279455723e-05,0.48460000000000003,0,-0.14193638929858268,0.45995274,0.45846137,0.00666238710622187,0.4517989869381965,test,Low,Low
2567,Texas,Delta,48119,40529.0,5226.0,18.56237950977692,9.2841,0.0,9.1723,80.3579,0.604,0.0,0.5817,0.0,0.0,665174299.0,0.0,7.856587375454204e-06,0.604,1,-0.14193638929858268,0.08834607,0.085554875,0.0,0.08555487543344498,test,High,Low
2568,Texas,Jones,48253,47007.0,19944.0,10.95890410958904,10.3787,0.0,13.3428,75.2372,0.3275,0.0,0.7053,0.0084,3.0,2404946726.0,15.042117930204574,8.292907191824423e-06,0.33590000000000003,0,-0.14193638929858268,0.12374663,0.121079266,0.008561321096661013,0.11251794497465857,train,Low,Low
2569,Texas,Jim Wells,48249,43321.0,41486.0,10.712483013007184,10.9561,0.0033,13.5993,74.1084,0.2828,0.0,1.0436,0.0065,1.0,2240778098.0,2.4104517186520753,1.851410455904947e-05,0.2926,0,-0.14193638929858268,0.07015007,0.06729522,0.001371924568543663,0.0659232989059589,train,Low,Low
2570,Texas,Dallam,48111,43897.0,7052.0,11.836337067705797,10.8801,0.0,14.6727,73.4661,0.3954,0.0,0.5857,0.0,1.0,3893093452.0,14.180374361883155,1.8114129770959323e-06,0.3954,0,-0.14193638929858268,0.05782752,0.054929573,0.00807085403440193,0.046858719054482426,train,Low,Low
2571,Texas,Fort Bend,48157,91152.0,683756.0,44.64063751622794,2.6205,0.0636,8.4372,87.4918,1.1596,0.0,0.1768,0.0505,117.0,2232232875.0,17.111367212865407,0.0003063103351168054,1.2737,1,-0.14193638929858268,0.9937417,0.99411744,0.009739048037780262,0.9843783907554021,train,High,High
2572,Texas,Irion,48235,64100.0,1631.0,15.66265060240964,18.3324,0.0,14.9089,66.317,0.1104,0.0,0.3313,0.0,0.0,2723485995.0,0.0,5.988648382970664e-07,0.1104,0,-0.14193638929858268,0.06608988,0.063220836,0.0,0.06322083622217178,train,Low,Low
2573,Texas,Willacy,48489,28817.0,21944.0,8.647304118808984,4.9678,0.0,10.6464,83.8396,0.2095,0.0,0.3292,0.0075,1.0,1529611927.0,4.557054320087495,1.434612244625888e-05,0.217,0,-0.14193638929858268,0.011751155,0.00869204,0.0025936776636257017,0.006098362444518581,test,Low,Low
2574,Texas,Dawson,48115,42354.0,13317.0,12.626438786187652,8.0179,0.0,16.0763,74.9315,0.406,0.0,0.5684,0.0,3.0,2331781557.0,22.527596305474205,5.711083853469212e-06,0.406,0,-0.14193638929858268,0.09812242,0.09536542,0.012821730716513269,0.08254368926735056,train,Low,Low
2575,Texas,Polk,48373,40864.0,46583.0,11.964965955787516,10.5924,0.0048,11.7854,76.6794,0.5965,0.0,0.3079,0.0337,2.0,2737733226.0,4.29341175965481,1.7015171367905955e-05,0.635,1,-0.14193638929858268,0.2102032,0.20783824,0.002443623753326424,0.20539461353228758,train,High,Low
2576,Texas,Refugio,48391,50145.0,7315.0,10.796139927623644,9.7923,0.0,18.0233,71.5628,0.2729,0.0,0.3486,0.0,1.0,1995545559.0,13.670539986329459,3.665664242547118e-06,0.2729,0,-0.14193638929858268,0.05969839,0.056806985,0.007780678421134983,0.04902630686772343,train,Low,Low
2577,Texas,Van Zandt,48467,46555.0,53070.0,16.299535392183657,8.9244,0.0065,10.5405,79.5432,0.5829,0.0,0.398,0.0044,6.0,2182235683.0,11.305822498586771,2.4319096426396397e-05,0.5937999999999999,1,-0.14193638929858268,0.64165163,0.6407958,0.006434783793171555,0.6343610431187547,train,High,High
2578,Texas,Caldwell,48055,49533.0,39848.0,14.703339882121808,5.5391,0.0291,9.5056,83.6443,1.0358,0.0,0.2282,0.0179,9.0,1412134810.0,22.585826139329452,2.8218269047556444e-05,1.0828,1,-0.14193638929858268,0.5477197,0.5465353,0.012854872612312327,0.5336804405171127,train,High,High
2579,Texas,Wilbarger,48487,43635.0,13061.0,15.544577205882353,7.1505,0.0178,10.7436,81.1341,0.3299,0.0,0.6241,0.0,2.0,2514536081.0,15.312763188117296,5.194198682886189e-06,0.3477,0,-0.14193638929858268,0.07330852,0.07046472,0.00871536063863447,0.06174936217354128,train,Low,Low
2580,Texas,Martin,48317,63992.0,5451.0,19.279726792921455,12.094,0.025,16.2669,71.1144,0.1499,0.0,0.3498,0.0,0.0,2369724595.0,0.0,2.300267301736808e-06,0.1749,0,-0.14193638929858268,0.06842875,0.06556788,0.0,0.06556788086891174,train,Low,Low
2581,Texas,Reagan,48383,59257.0,3625.0,11.476109215017065,14.3354,0.0,17.9554,67.13,0.2027,0.0,0.3765,0.0,2.0,3044049124.0,55.17241379310345,1.1908480620170175e-06,0.2027,0,-0.14193638929858268,0.10826984,0.10554834,0.03140174491067719,0.07414659219125916,train,Low,Low
2582,Texas,Yoakum,48501,56655.0,8316.0,17.81609195402299,11.7951,0.0,16.7441,70.6647,0.1858,0.0,0.6103,0.0,1.0,2071252515.0,12.025012025012025,4.01496193234556e-06,0.1858,0,-0.14193638929858268,0.12963066,0.12698387,0.006844115277850217,0.1201397508176927,train,Low,Low
2583,Texas,Hale,48189,44995.0,35007.0,15.757633046601757,4.7091,0.0,12.8115,81.7517,0.3883,0.0,0.3318,0.0075,3.0,2602115387.0,8.56971462850287,1.3453285036817623e-05,0.3958,0,-0.14193638929858268,0.2287848,0.22648484,0.004877509868078019,0.22160732527977964,test,Low,Low
2584,Texas,Shelby,48419,36312.0,25705.0,15.299213078753127,7.9942,0.0,13.1845,78.0591,0.2994,0.0,0.4582,0.0045,3.0,2060566167.0,11.67088115152694,1.2474726806479687e-05,0.3039,0,-0.14193638929858268,0.10034193,0.0975927,0.006642559344555815,0.09095013720295242,test,Low,Low
2585,Texas,Red River,48387,35016.0,12455.0,13.414497933653525,9.52,0.0,9.5289,80.0407,0.442,0.0,0.4596,0.0088,0.0,2703626758.0,0.0,4.606774941528375e-06,0.4508,0,-0.14193638929858268,0.048333097,0.04540194,0.0,0.04540193825960159,train,Low,Low
2586,Texas,Runnels,48399,41339.0,10411.0,18.13023123847354,10.7541,0.0,12.1822,76.2631,0.4544,0.0,0.3462,0.0,1.0,2721934016.0,9.605225242531937,3.8248539232774705e-06,0.4544,0,-0.14193638929858268,0.25345567,0.251242,0.005466877595869984,0.24577513418963723,test,Low,Low
2587,Texas,Sutton,48435,54567.0,3936.0,16.844181459566073,15.7375,0.0247,14.9235,68.6236,0.2467,0.0,0.4193,0.0247,0.0,3765674653.0,0.0,1.0452310310090933e-06,0.2961,0,-0.14193638929858268,0.10665649,0.10392934,0.0,0.10392934083938599,train,Low,Low
2588,Texas,Tom Green,48451,47637.0,116264.0,22.432465237973215,6.6182,0.0083,12.3926,80.0033,0.6268,0.0,0.3352,0.0156,12.0,3941937698.0,10.321337645358838,2.9494124186434566e-05,0.6507,1,-0.14193638929858268,0.9006343,0.90068436,0.005874457715262066,0.894809898974191,test,High,High
2589,Texas,Victoria,48469,54697.0,90989.0,18.847641276385506,6.6402,0.0144,12.9724,79.5638,0.5259,0.0,0.2754,0.0078,5.0,2284644914.0,5.495169745793447,3.982632024890674e-05,0.5481,0,-0.14193638929858268,0.67560625,0.6748692,0.003127612274593764,0.6717415674510532,train,Low,High
2590,Texas,Wharton,48481,46445.0,41377.0,14.527115048200395,9.5703,0.0107,12.6486,77.1906,0.3247,0.0,0.2389,0.0161,12.0,2813116856.0,29.001619257075188,1.4708596236145834e-05,0.3515,0,-0.14193638929858268,0.4215424,0.4199167,0.016506463779569058,0.4034102256163355,train,Low,Low
2591,Texas,Wichita,48485,45371.0,132148.0,22.174150759502698,4.4165,0.0121,10.6914,83.8111,0.6423,0.0,0.4144,0.0121,8.0,1625943418.0,6.053818445984804,8.12746609365714e-05,0.6665,1,-0.14193638929858268,0.77506125,0.7746721,0.0034455708841966523,0.771226520123036,test,High,High
2592,Texas,Borden,48033,77569.0,698.0,36.52173913043478,13.5878,0.0,15.4198,69.1603,0.1527,0.0,1.6794,0.0,0.0,2324366073.0,0.0,3.002969317561537e-07,0.1527,0,-0.14193638929858268,0.39565232,0.39393604,0.0,0.39393603801727295,train,Low,Low
2593,Texas,Marion,48315,35424.0,10191.0,12.696571281258057,6.1983,0.0125,10.7688,82.0436,0.5009,0.0,0.4758,0.0,0.0,986503063.0,0.0,1.0330429151439948e-05,0.5134,0,-0.14193638929858268,0.08571428,0.082913876,0.0,0.08291387557983398,train,Low,Low
2594,Texas,Maverick,48323,37155.0,56830.0,11.685907893085707,3.6542,0.0,11.1399,84.7176,0.2203,0.0,0.2498,0.0182,3.0,3313819221.0,5.278901988386416,1.7149396575366172e-05,0.2385,0,-0.14193638929858268,0.103904225,0.10116745,0.003004522047365955,0.09816292581764335,train,Low,Low
2595,Texas,Grayson,48181,50212.0,124231.0,20.191293508485952,6.113,0.0144,10.1363,82.6164,0.7559,0.0,0.3359,0.028,27.0,2415996248.0,21.733705757822122,5.142019574858214e-05,0.7983,1,-0.14193638929858268,0.8785097,0.87848234,0.01236988265059659,0.8661124591157608,train,High,High
2596,Texas,Live Oak,48297,50741.0,11976.0,11.085396898866003,14.1189,0.0,15.6955,69.3973,0.3393,0.0,0.439,0.01,4.0,2692796907.0,33.4001336005344,4.447420438157834e-06,0.3493,0,-0.14193638929858268,0.07550445,0.07266834,0.019009907364930665,0.05365842896691367,train,Low,Low
2597,Texas,Palo Pinto,48363,42824.0,27922.0,15.844196970496649,9.9526,0.0125,10.7719,78.3064,0.524,0.0,0.3951,0.0374,2.0,2466313772.0,7.162810686913545,1.1321349423174693e-05,0.5739,1,-0.14193638929858268,0.33855027,0.33663425,0.0040767611668650105,0.3325574873282369,train,High,Low
2598,Texas,Karnes,48255,46058.0,14984.0,12.258752788284356,12.7215,0.0081,16.1762,70.2325,0.187,0.0,0.6747,0.0,3.0,1936189586.0,20.021356113187398,7.738911575779956e-06,0.1951,0,-0.14193638929858268,0.1758309,0.17334571,0.011395287503457502,0.16195042730405287,train,Low,Low
2599,Texas,De Witt,48123,50582.0,20660.0,14.619037786495973,12.6606,0.0102,14.6869,71.8501,0.2996,0.0,0.4926,0.0,4.0,2354237949.0,19.36108422071636,8.775663483283695e-06,0.30979999999999996,0,-0.14193638929858268,0.19288433,0.19045879,0.011019489380561938,0.17943930008724965,train,Low,Low
2600,Texas,Callahan,48059,40568.0,13596.0,14.713925115692048,12.0764,0.0,11.9961,74.9799,0.4737,0.0,0.4737,0.0,1.0,2329363245.0,7.355104442483083,5.836788242101759e-06,0.4737,0,-0.14193638929858268,0.06993463,0.06707903,0.004186206432083142,0.06289282354523848,train,Low,Low
2601,Texas,Cass,48067,39366.0,30346.0,14.444653084217443,7.1314,0.0073,11.1363,80.7878,0.399,0.0,0.5345,0.0037,0.0,2426724487.0,0.0,1.2504921824691671e-05,0.41,0,-0.14193638929858268,0.16059285,0.15805437,0.0,0.15805436670780182,test,Low,Low
2602,Texas,Gregg,48183,47140.0,123283.0,20.710014190147984,5.0418,0.0082,12.2552,81.7486,0.5897,0.0,0.3434,0.0132,13.0,708030601.0,10.544843976866234,0.00017412100525864135,0.6111,1,-0.14193638929858268,0.92942995,0.92958075,0.006001667824905552,0.9235790802563018,test,High,High
2603,Texas,Madison,48313,43209.0,13843.0,12.254206365294952,12.7006,0.0,11.8234,74.7014,0.4479,0.0,0.3173,0.0093,10.0,1207103466.0,72.23867658744491,1.1467948183324991e-05,0.4572,0,-0.14193638929858268,0.12637304,0.12371485,0.04111512146976985,0.08259972788306676,test,Low,Low
2604,Texas,Lubbock,48303,46859.0,294682.0,27.97874313266418,4.1077,0.0144,12.8644,82.0046,0.6928,0.0,0.291,0.025,30.0,2319585355.0,10.180465722371911,0.00012704080898113791,0.7322,1,-0.14193638929858268,0.9745908,0.97489953,0.00579427952680541,0.9691052508839612,train,High,High
2605,Texas,Kaufman,48257,60179.0,111830.0,19.449595003415634,6.5912,0.01,10.6088,81.7263,0.7485,0.0,0.2912,0.024,14.0,2021959940.0,12.519002056693196,5.5307722862204675e-05,0.7825000000000001,1,-0.14193638929858268,0.8330751,0.83288884,0.007125272977809477,0.8257635686512188,train,High,High
2606,Texas,Kendall,48259,76350.0,39010.0,39.333035581360726,8.5768,0.0524,10.898,78.4923,1.5387,0.0,0.3832,0.0585,7.0,1715747531.0,17.944116893104333,2.273644536574886e-05,1.6496,1,-0.14193638929858268,0.98502004,0.9853653,0.01021301303650902,0.9751522585317893,train,High,High
2607,Texas,Floyd,48153,43070.0,6088.0,16.390517461126688,6.4441,0.0,14.9165,77.5983,0.2154,0.0,0.8078,0.018,0.0,2569637276.0,0.0,2.36920597971587e-06,0.2334,0,-0.14193638929858268,0.08702338,0.084227555,0.0,0.084227554500103,train,Low,Low
2608,Texas,Bailey,48017,40589.0,7131.0,10.748204771832292,7.4114,0.018,14.571,77.2261,0.2159,0.0,0.5577,0.0,0.0,2141847186.0,0.0,3.3293691756401523e-06,0.2339,0,-0.14193638929858268,0.057908162,0.055010498,0.0,0.05501049757003784,train,Low,Low
2609,Texas,Burleson,48051,52513.0,17417.0,14.797649590333526,10.8909,0.0062,11.3444,76.9073,0.466,0.0,0.379,0.0062,1.0,1706884611.0,5.741516908767297,1.020397037254676e-05,0.4784,0,-0.14193638929858268,0.17215036,0.1696523,0.0032678223948212903,0.1663844756980208,train,Low,Low
2610,Texas,Nueces,48355,51882.0,355667.0,20.45177817831098,4.3658,0.0108,11.8577,82.8073,0.628,0.0,0.3159,0.0146,41.0,2171223718.0,11.527636806338514,0.00016380946700767388,0.6534,1,-0.14193638929858268,0.93460137,0.9347702,0.006561030876282305,0.9282091956022943,test,High,High
2611,Texas,Rains,48379,50405.0,11087.0,9.45249202062362,9.277,0.0,10.376,79.3341,0.5064,0.0,0.5064,0.0,0.0,594280566.0,0.0,1.865617123343724e-05,0.5064,0,-0.14193638929858268,0.11664313,0.113950916,0.0,0.11395091563463211,test,Low,Low
2612,Texas,Real,48385,37059.0,3348.0,23.157470801449858,12.3636,0.0,11.4965,75.2448,0.4476,0.0,0.4196,0.028,1.0,1810812906.0,29.86857825567503,1.848893383135629e-06,0.4756,0,-0.14193638929858268,0.33842155,0.3365051,0.016999899238531183,0.3195051859913425,train,Low,Low
2613,Texas,Sterling,48431,50156.0,1233.0,23.707440100882724,16.9492,0.0,18.9522,62.943,0.4622,0.0,0.6934,0.0,0.0,2391722776.0,0.0,5.15527975220486e-07,0.4622,0,-0.14193638929858268,0.19896486,0.19656059,0.0,0.1965605914592743,train,Low,Low
2614,Texas,Carson,48065,64554.0,6027.0,26.428749688045922,11.1897,0.0191,12.9304,74.5409,0.5738,0.0,0.7269,0.0191,0.0,2383359749.0,0.0,2.528783161051865e-06,0.612,1,-0.14193638929858268,0.21738827,0.21504845,0.0,0.21504844725131989,train,High,Low
2615,Texas,Freestone,48161,45134.0,19585.0,11.511738462663644,11.3912,0.0,11.6611,76.1256,0.3681,0.0,0.4539,0.0,3.0,2273311879.0,15.317845289762571,8.615183944147243e-06,0.3681,0,-0.14193638929858268,0.12374663,0.121079266,0.008718253150462455,0.11236101292085712,train,Low,Low
2616,Texas,Chambers,48071,70396.0,38072.0,21.135255721721887,9.6553,0.0,13.1166,76.3635,0.5585,0.0,0.2977,0.0085,5.0,1546603410.0,13.133011136793444,2.4616524025380237e-05,0.567,1,-0.14193638929858268,0.79515076,0.7948319,0.007474740314483401,0.7873571316719058,train,High,High
2617,Texas,Bell,48027,51529.0,330859.0,23.238504546849917,3.8345,0.0162,10.2761,84.7179,0.9205,0.0,0.2104,0.0243,39.0,2722143949.0,11.787498602123565,0.000121543535609696,0.961,1,-0.14193638929858268,0.974238,0.9745455,0.006708932939329122,0.9678365458814716,train,High,High
2618,Texas,Cameron,48061,34578.0,418785.0,16.77405204984006,2.0818,0.0103,9.3772,87.9026,0.4036,0.0,0.2116,0.0127,35.0,2307891059.0,8.35751041703977,0.00018145787183796182,0.4266,0,-0.14193638929858268,0.33647895,0.3345557,0.004756732434951309,0.32979895308522084,test,Low,Low
2619,Texas,Deaf Smith,48117,47219.0,19039.0,14.207404744787922,6.2443,0.0,13.5875,79.2525,0.3949,0.0,0.5037,0.0172,0.0,3876750572.0,0.0,4.911071694297283e-06,0.41209999999999997,0,-0.14193638929858268,0.10143925,0.098693855,0.0,0.0986938551068306,train,Low,Low
2620,Texas,El Paso,48141,42075.0,833592.0,21.685407216246976,1.8217,0.0128,7.7909,89.4234,0.6392,0.0,0.2926,0.0195,56.0,2624144487.0,6.717914759258726,0.00031766238640044823,0.6715,1,-0.14193638929858268,0.75647825,0.75602406,0.003823545701534725,0.7522005169319796,train,High,High
2621,Texas,La Salle,48283,40094.0,7319.0,14.632107023411372,12.6255,0.0,20.2116,66.2303,0.2331,0.0,0.6994,0.0,9.0,3850545746.0,122.96761852712119,1.9007695227626052e-06,0.2331,0,-0.14193638929858268,0.16512612,0.16260348,0.06998783493037596,0.09261564767365084,train,Low,Low
2622,Texas,Terrell,48443,24821.0,778.0,16.97530864197531,13.9591,0.0,13.2371,71.7208,0.1203,0.0,0.9627,0.0,0.0,6107235409.0,0.0,1.2738988231131407e-07,0.1203,0,-0.14193638929858268,0.06737431,0.06450976,0.0,0.06450975686311722,train,Low,Low
2623,Texas,Tyler,48457,45427.0,21371.0,11.323519616332511,8.752,0.0,11.0674,79.3615,0.3612,0.0,0.4515,0.0064,0.0,2394430925.0,0.0,8.925294013231975e-06,0.36760000000000004,0,-0.14193638929858268,0.09707166,0.094310984,0.0,0.09431098401546478,train,Low,Low
2624,Texas,Wheeler,48483,51082.0,5642.0,14.120126448893572,13.6994,0.0,15.5112,69.7911,0.4067,0.0,0.5916,0.0,2.0,2368603567.0,35.44842254519674,2.381994217439258e-06,0.4067,0,-0.14193638929858268,0.0732657,0.070421755,0.020175704590784264,0.05024605072308903,train,Low,Low
2625,Texas,Archer,48009,62407.0,8750.0,21.80623973727422,8.9453,0.0103,13.002,77.2723,0.3286,0.0,0.4313,0.0103,6.0,2339055660.0,68.57142857142857,3.7408259023643753e-06,0.34919999999999995,0,-0.14193638929858268,0.28544602,0.28334424,0.039027882960413075,0.24431635603609267,train,Low,Low
2626,Texas,Brewster,48043,38440.0,9188.0,35.9883809815013,9.1457,0.0,11.3763,78.2177,0.6357,0.0,0.6134,0.0112,6.0,16015870002.0,65.302568567697,5.736809801061471e-07,0.6469,1,-0.14193638929858268,0.85709447,0.85699224,0.03716738962816874,0.8198248550922902,train,High,High
2627,Texas,Hidalgo,48215,36094.0,828334.0,17.417337298810356,2.7394,0.008,10.1646,86.5121,0.3709,0.0,0.1893,0.0158,44.0,4068610438.0,5.311866952219757,0.00020359137661928202,0.3947,0,-0.14193638929858268,0.33899316,0.3370787,0.0030232842749742324,0.3340554062538954,train,Low,Low
2628,Texas,Smith,48423,48683.0,219745.0,24.670139255010298,4.38,0.0149,10.951,83.4095,0.8199,0.0,0.4121,0.0127,23.0,2386701624.0,10.466677285034928,9.207057882322034e-05,0.8475,1,-0.14193638929858268,0.970636,0.97093093,0.00595717873427771,0.9649737552180538,train,High,High
2629,Texas,Crockett,48105,50646.0,3836.0,11.044657097288676,14.5558,0.0,14.9068,69.8623,0.2971,0.0,0.3781,0.0,3.0,7270935065.0,78.20646506777894,5.275800107836612e-07,0.2971,0,-0.14193638929858268,0.09740444,0.094644934,0.04451172782893827,0.05013320611004183,test,Low,Low
2630,Texas,Haskell,48207,41067.0,5812.0,13.475341514239409,9.4256,0.0,14.2016,75.5312,0.2104,0.0,0.6312,0.0,0.0,2339103809.0,0.0,2.4847122977772892e-06,0.2104,0,-0.14193638929858268,0.046067636,0.043128554,0.0,0.04312855377793312,train,Low,Low
2631,Texas,Howard,48227,50977.0,36423.0,12.624489795918366,7.4132,0.004,14.4845,77.2093,0.4063,0.0,0.4787,0.004,1.0,2333039139.0,2.7455179419597506,1.5611825533116357e-05,0.4143,0,-0.14193638929858268,0.14761515,0.14503127,0.0015626297298575735,0.14346864363516318,train,Low,Low
2632,Texas,Mills,48333,44375.0,4871.0,22.769882068339886,15.6125,0.0,11.6831,71.8638,0.3362,0.0,0.5043,0.0,2.0,1937987426.0,41.05933073290905,2.513432200152985e-06,0.3362,0,-0.14193638929858268,0.45547575,0.4539687,0.023369190166537632,0.430599513580258,train,Low,Low
2633,Texas,Montague,48337,46383.0,19384.0,14.765446645555638,11.2537,0.0,12.2832,75.4539,0.3854,0.0,0.6137,0.0101,0.0,2411034614.0,0.0,8.039702079532236e-06,0.3955,0,-0.14193638929858268,0.20347989,0.20109141,0.0,0.20109140872955322,train,Low,Low
2634,Texas,Panola,48365,50712.0,23771.0,14.194236926360727,8.5938,0.0,14.6123,76.1584,0.3225,0.0,0.3083,0.0047,3.0,2101400692.0,12.620419839299988,1.1311978762782286e-05,0.3272,0,-0.14193638929858268,0.17399532,0.17150371,0.007182995580825679,0.1643207121857072,test,Low,Low
2635,Texas,Sabine,48403,32500.0,10367.0,12.939297124600637,8.9617,0.0,12.5308,77.7691,0.3245,0.0,0.414,0.0,0.0,1272739767.0,0.0,8.145420036993313e-06,0.3245,0,-0.14193638929858268,0.046225823,0.043287292,0.0,0.04328729212284088,train,Low,Low
2636,Texas,Sherman,48421,52969.0,3069.0,21.57616530514176,11.8159,0.0,15.5129,72.0913,0.29,0.0,0.2175,0.0725,0.0,2390651189.0,0.0,1.2837506425534837e-06,0.3625,0,-0.14193638929858268,0.10432615,0.10159085,0.0,0.1015908494591713,train,Low,Low
2637,Texas,Swisher,48437,35167.0,7639.0,14.81848839515969,9.6637,0.0,11.998,77.3751,0.4571,0.0,0.506,0.0,0.0,2305502705.0,0.0,3.3133771578029876e-06,0.4571,0,-0.14193638929858268,0.07987655,0.07705573,0.0,0.07705572992563248,test,Low,Low
2638,Texas,Hunt,48231,45643.0,89068.0,17.328046829799543,6.347,0.0117,9.547,83.0782,0.6662,0.0,0.337,0.013,4.0,2176416248.0,4.490950734270445,4.0924156894090605e-05,0.6909000000000001,1,-0.14193638929858268,0.4517711,0.4502511,0.0025560543697221183,0.44769504807778765,test,High,Low
2639,Texas,Camp,48063,40045.0,12631.0,14.991440449987772,7.0943,0.0,11.6867,79.9009,0.5877,0.0,0.722,0.0084,0.0,507184765.0,0.0,2.4904139224292354e-05,0.5961,1,-0.14193638929858268,0.19937281,0.19696997,0.0,0.19696997106075287,train,High,Low
2640,Texas,Hansford,48195,41335.0,5552.0,20.787492762015056,11.2769,0.0207,15.1119,72.7612,0.4146,0.0,0.3939,0.0207,0.0,2382296647.0,0.0,2.3305242052838268e-06,0.456,0,-0.14193638929858268,0.062514134,0.05963258,0.0,0.05963258072733879,train,Low,Low
2641,Texas,Guadalupe,48187,64599.0,147313.0,26.547048521901445,5.6007,0.0121,10.8265,82.1965,1.0006,0.0,0.3306,0.033,20.0,1842193126.0,13.576534318084622,7.996610014492042e-05,1.0456999999999999,1,-0.14193638929858268,0.97157246,0.97187066,0.007727174472124307,0.964143486309736,train,High,High
2642,Texas,Clay,48077,45341.0,10367.0,16.32460167431812,9.8442,0.0104,12.0665,77.0405,0.4154,0.0,0.6127,0.0104,1.0,2819787559.0,9.645992090286486,3.6765181004190677e-06,0.43620000000000003,0,-0.14193638929858268,0.17195466,0.16945592,0.005490080317411248,0.16396583537205714,train,Low,Low
2643,Texas,Hartley,48205,64614.0,5966.0,20.090805902383654,10.9436,0.0,14.8947,73.4079,0.3639,0.0,0.3899,0.0,0.0,3786435542.0,0.0,1.5756243395203161e-06,0.3639,0,-0.14193638929858268,0.06842875,0.06556788,0.0,0.06556788086891174,train,Low,Low
2644,Texas,Hill,48217,43441.0,34901.0,16.044446315080602,9.0951,0.0031,10.394,79.5258,0.5158,0.0,0.463,0.0031,8.0,2483455057.0,22.92197931291367,1.4053405114630992e-05,0.522,0,-0.14193638929858268,0.42918184,0.42758283,0.013046196418578815,0.4145366337720798,train,Low,Low
2645,Texas,Limestone,48293,37431.0,23469.0,14.929255757883384,9.07,0.0051,11.0884,79.1007,0.3628,0.0,0.373,0.0,3.0,2344685542.0,12.78281989006775,1.0009444584189789e-05,0.3679,0,-0.14193638929858268,0.09622087,0.09345722,0.007275426645865065,0.08618179533899821,train,Low,Low
2646,Texas,Nacogdoches,48347,38915.0,65556.0,25.24292693402051,6.3509,0.0082,11.137,81.5725,0.6353,0.0,0.2819,0.0143,3.0,2451523996.0,4.576240161083654,2.674091712215082e-05,0.6577999999999999,1,-0.14193638929858268,0.87793195,0.8779026,0.002604597412163757,0.8752980295791082,train,High,High
2647,Texas,Parmer,48369,48589.0,9921.0,16.01998334721066,6.4171,0.0,13.7493,79.0969,0.309,0.0,0.4278,0.0,0.0,2281312151.0,0.0,4.3488130265957625e-06,0.309,0,-0.14193638929858268,0.123906545,0.12123974,0.0,0.12123973667621613,test,Low,Low
2648,Texas,Parker,48367,67979.0,123601.0,27.025233205015265,9.9043,0.0208,11.0689,77.7243,0.8594,0.0,0.385,0.0373,12.0,2339995721.0,9.708659315054085,5.2821036761203546e-05,0.9175000000000001,1,-0.14193638929858268,0.93388367,0.93405,0.005525747783652469,0.9285242757721032,train,High,High
2649,Texas,Presidio,48377,33453.0,7144.0,25.021496130696473,7.6749,0.0,10.5248,80.9255,0.4515,0.0,0.4091,0.0141,1.0,9985057447.0,13.997760358342665,7.15469093484926e-07,0.4656,0,-0.14193638929858268,0.39243302,0.39070547,0.007966918064194067,0.3827385482062527,train,Low,Low
2650,Texas,Val Verde,48465,44170.0,48862.0,17.465059578997973,5.3195,0.0074,10.4058,83.4307,0.4858,0.0,0.3386,0.0123,5.0,8144863674.0,10.232900822725226,5.999118211883284e-06,0.5055000000000001,0,-0.14193638929858268,0.4205257,0.4188964,0.005824123311633007,0.4130722835773288,train,Low,Low
2651,Texas,Culberson,48109,33981.0,2259.0,7.656765676567656,7.754,0.0,11.6043,80.0,0.3743,0.0,0.2674,0.0,2.0,9873439554.0,88.53474988933156,2.2879564792441732e-07,0.3743,0,-0.14193638929858268,0.09768435,0.09492582,0.05039013957556654,0.04453568125191759,train,Low,Low
2652,Texas,Ector,48135,58335.0,153177.0,15.154727983566364,8.7404,0.0032,14.169,76.2946,0.3655,0.0,0.4176,0.0096,2.0,2325100483.0,1.3056790510324656,6.587973342225657e-05,0.37829999999999997,0,-0.14193638929858268,0.6042537,0.6032671,0.000743135883985225,0.6025239377473014,test,Low,High
2653,Texas,Garza,48169,52708.0,6614.0,8.782936010037641,10.5512,0.0,14.6194,74.0945,0.1837,0.0,0.5512,0.0,1.0,2313930840.0,15.119443604475356,2.858339534469405e-06,0.1837,0,-0.14193638929858268,0.051842596,0.048923712,0.008605331516571274,0.04031838070719696,train,Low,Low
2654,Texas,Glasscock,48173,62159.0,1253.0,25.213154689403165,14.2177,0.0,17.9655,66.627,0.119,0.0,1.0708,0.0,0.0,2331552973.0,0.0,5.374100500868183e-07,0.119,0,-0.14193638929858268,0.21655612,0.21421339,0.0,0.21421338617801666,test,Low,Low
2655,Texas,Grimes,48185,47839.0,27140.0,13.170836005986745,11.8021,0.0162,11.1296,76.0797,0.5429,0.0,0.4173,0.0122,4.0,2039539026.0,14.738393515106853,1.3306928503951069e-05,0.5713,1,-0.14193638929858268,0.21569282,0.21334706,0.008388454333176478,0.20495860813535227,train,High,Low
2656,Texas,Collin,48085,86188.0,886633.0,50.210886034542156,2.5439,0.1179,8.0387,87.2803,1.7415,0.0,0.1812,0.0964,317.0,2179048311.0,35.75323724697817,0.00040689001502362745,1.9558,1,-0.14193638929858268,0.99597186,0.9963554,0.020349191898159626,0.9760062224924043,train,High,High
2657,Texas,Angelina,48005,44185.0,87657.0,15.660187844719731,6.3173,0.0028,11.3839,81.4822,0.4939,0.0,0.3144,0.0056,2.0,2066240089.0,2.2816204068129187,4.242343397877999e-05,0.5023000000000001,0,-0.14193638929858268,0.42490014,0.42328617,0.001298599373708943,0.4219875703936708,train,Low,Low
2658,Texas,Cottle,48101,33750.0,1560.0,16.176470588235293,14.0992,0.0,16.101,68.3203,0.5222,0.0,0.9574,0.0,0.0,2332448739.0,0.0,6.688249880547536e-07,0.5222,0,-0.14193638929858268,0.090973265,0.088191256,0.0,0.08819125592708588,test,Low,Low
2659,Texas,Hays,48209,60495.0,185686.0,36.3180614236878,5.0524,0.0552,9.5688,83.3989,1.583,0.0,0.2897,0.052,60.0,1755978762.0,32.31261376732764,0.00010574501469967095,1.6902,1,-0.14193638929858268,0.9964367,0.9968219,0.01839093824540431,0.9784309420951719,test,High,High
2660,Texas,Brazoria,48039,72006.0,338419.0,28.724026389371147,6.0905,0.0334,10.6008,82.1912,0.8243,0.0,0.2316,0.0282,27.0,3516716953.0,7.978275451437419,9.623151493932586e-05,0.8859,1,-0.14193638929858268,0.9732021,0.973506,0.0045408883412759475,0.968965085474642,train,High,High
2661,Texas,Donley,48129,40560.0,3506.0,16.52173913043478,10.1208,0.0,12.7644,75.7553,0.4909,0.0,0.8686,0.0,0.0,2400623972.0,0.0,1.460453632427528e-06,0.4909,0,-0.14193638929858268,0.086092725,0.08329365,0.0,0.08329364657402039,train,Low,Low
2662,Texas,Atascosa,48013,53181.0,47710.0,14.271457085828343,10.2233,0.0106,12.6952,76.4376,0.33,0.0,0.2954,0.008,7.0,3158596663.0,14.67197652483756,1.5104809220777677e-05,0.3486,0,-0.14193638929858268,0.2898666,0.28778028,0.008350652663052124,0.27942963221853967,train,Low,Low
2663,Texas,Nolan,48353,38411.0,15017.0,12.654478602798488,7.699,0.0079,13.5203,78.058,0.33,0.0,0.3692,0.0157,2.0,2362061739.0,13.318239328760736,6.357581494189725e-06,0.3536,0,-0.14193638929858268,0.088146746,0.08535485,0.007580164167357315,0.07777468552880205,train,Low,Low
2664,Texas,Hudspeth,48229,26635.0,3481.0,7.480314960629922,7.926,0.0,8.7821,82.6291,0.2209,0.0,0.4419,0.0,0.0,11837605523.0,0.0,2.940628485411644e-07,0.2209,0,-0.14193638929858268,0.026965652,0.023959752,0.0,0.023959752172231674,train,Low,Low
2665,Texas,Ward,48475,56796.0,11396.0,14.09863471719142,10.5955,0.0096,15.8596,72.5477,0.326,0.0,0.652,0.0096,1.0,2164201089.0,8.775008775008775,5.26568444028724e-06,0.3452,0,-0.14193638929858268,0.06480954,0.06193601,0.004994354391944753,0.056941655283319605,train,Low,Low
2666,Texas,Harrison,48203,46230.0,66431.0,17.684724525520544,5.9131,0.0039,11.6108,81.611,0.4559,0.0,0.3996,0.0058,4.0,2330820877.0,6.02128524333519,2.850111763436037e-05,0.4656,0,-0.14193638929858268,0.60816,0.60718703,0.003427054396327161,0.6037599783032578,train,Low,High
2667,Texas,Menard,48327,37917.0,2163.0,15.090673575129534,14.5686,0.0,12.5884,72.3715,0.2829,0.0,0.1886,0.0,0.0,2336237920.0,0.0,9.258474838898258e-07,0.2829,0,-0.14193638929858268,0.12476189,0.12209807,0.0,0.12209807336330414,train,Low,Low
2668,Texas,Fayette,48149,51290.0,24909.0,17.092624838510364,11.3787,0.0247,12.799,74.822,0.4817,0.0,0.4899,0.0041,5.0,2460509745.0,20.073065960094745,1.0123512028602024e-05,0.5105,0,-0.14193638929858268,0.4023128,0.4006198,0.01142471850548043,0.38919508635368094,train,Low,Low
2669,Texas,Williamson,48491,75935.0,490619.0,39.4031870962082,3.9684,0.112,9.1589,84.686,1.7967,0.0,0.1857,0.0924,124.0,2896469326.0,25.27419443600839,0.00016938518754401613,2.0011,1,-0.14193638929858268,0.9961367,0.9965208,0.014384975242855858,0.9821358420369598,train,High,High
2670,Texas,Hutchinson,48233,50114.0,21782.0,15.28464472383105,7.8204,0.0,13.4922,77.6997,0.5295,0.0,0.448,0.0102,0.0,2298408146.0,0.0,9.476993908983475e-06,0.5397,0,-0.14193638929858268,0.17527434,0.1727872,0.0,0.17278720438480377,test,Low,Low
2671,Texas,Morris,48343,37902.0,12653.0,16.478044363965598,6.6949,0.0088,9.9542,82.3203,0.5902,0.0,0.4316,0.0,0.0,652637706.0,0.0,1.9387479276289316e-05,0.599,1,-0.14193638929858268,0.17637755,0.17389427,0.0,0.1738942712545395,train,High,Low
2672,Texas,Orange,48361,51443.0,83751.0,15.174156095463342,6.3788,0.0085,11.721,81.1918,0.4141,0.0,0.2718,0.0141,3.0,864488646.0,3.582046781530967,9.68792365145765e-05,0.43670000000000003,0,-0.14193638929858268,0.5871189,0.5860723,0.0020387456621629263,0.584033580044319,test,Low,High
2673,Texas,Winkler,48495,54261.0,7723.0,10.311958405545928,11.175,0.0,14.9576,73.0908,0.1294,0.0,0.6472,0.0,0.0,2178481652.0,0.0,3.5451296975164976e-06,0.1294,0,-0.14193638929858268,0.059500437,0.05660834,0.0,0.05660834163427353,test,Low,Low
2674,Texas,Harris,48201,55584.0,4434257.0,30.07627328035981,2.7727,0.0533,9.6051,86.4618,0.8934,0.0,0.1765,0.0372,607.0,4415561579.0,13.68887730233047,0.0010042339848885618,0.9839,1,-0.14193638929858268,0.99073094,0.99109614,0.007791115226049293,0.9833050237281133,test,High,High
2675,Texas,Burnet,48053,54259.0,44584.0,23.002639541621065,9.1868,0.0255,11.1376,78.2686,0.9835,0.0,0.3679,0.0301,2.0,2575134228.0,4.485914229319936,1.7313272261782853e-05,1.0391000000000001,1,-0.14193638929858268,0.86335933,0.863279,0.0025531878095551054,0.8607257972139434,train,High,High
2676,Texas,Gillespie,48171,55850.0,25732.0,34.148022479058426,10.3106,0.0187,11.7552,76.5082,0.9057,0.0,0.4678,0.0337,19.0,2740756112.0,73.83802269547645,9.388650047093282e-06,0.9581,1,-0.14193638929858268,0.96680176,0.9670833,0.04202539990523262,0.9250578754129132,test,High,High
2677,Texas,Dallas,48113,51411.0,2513054.0,29.683199923526242,1.9311,0.0927,8.6717,87.9244,1.0651,0.0,0.2709,0.044,475.0,2261231972.0,18.90130494609348,0.001111364968794984,1.2018,1,-0.14193638929858268,0.9911583,0.991525,0.010757802959680192,0.9807671914136413,test,High,High
2678,Texas,Mcmullen,48311,57589.0,671.0,16.244725738396625,24.3781,0.0,18.5075,56.5174,0.199,0.0,0.398,0.0,0.0,2952065876.0,0.0,2.272984507070668e-07,0.199,0,-0.14193638929858268,0.10172418,0.09897978,0.0,0.09897977858781815,train,Low,Low
2679,Texas,Young,48503,46978.0,18275.0,18.591594481873596,9.5333,0.0,12.4236,77.2964,0.3605,0.0,0.3734,0.0129,1.0,2368463881.0,5.471956224350205,7.71597158251112e-06,0.3734,0,-0.14193638929858268,0.32378775,0.32182008,0.003114400145039803,0.3187056801352641,train,Low,Low
2680,Texas,Johnson,48251,59095.0,157544.0,17.744537322188002,7.615,0.0183,10.4423,80.8563,0.624,0.0,0.4214,0.0227,21.0,1877222092.0,13.329609505915808,8.392400700556e-05,0.665,1,-0.14193638929858268,0.87698966,0.876957,0.007586635579029672,0.8693703637228807,train,High,High
2681,Texas,Hopkins,48223,45748.0,35844.0,17.059906291834004,8.6398,0.0031,10.4411,80.1516,0.448,0.0,0.3101,0.0063,2.0,1987018121.0,5.579734404642339,1.803909064601832e-05,0.45740000000000003,0,-0.14193638929858268,0.34055734,0.33864835,0.0031757428105458323,0.3354726062361613,test,Low,Low
2682,Texas,Ochiltree,48357,50011.0,10577.0,16.375121477162295,9.3477,0.0,17.7035,72.0647,0.3019,0.0,0.5822,0.0,1.0,2376792102.0,9.454476694714947,4.450115763637791e-06,0.3019,0,-0.14193638929858268,0.156063,0.15350868,0.005381078060943784,0.14812760001770764,train,Low,Low
2683,Texas,Knox,48275,42188.0,3807.0,18.330670926517573,10.4123,0.0,14.2391,74.5773,0.178,0.0,0.5933,0.0,0.0,2203109043.0,0.0,1.7280125158108208e-06,0.178,0,-0.14193638929858268,0.094957225,0.092189156,0.0,0.09218915551900864,train,Low,Low
2684,Texas,Mclennan,48309,44246.0,243394.0,22.22070257739361,4.8012,0.0155,10.9743,83.1074,0.7818,0.0,0.3043,0.0155,23.0,2686101576.0,9.449698842206464,9.061235888273795e-05,0.8128,1,-0.14193638929858268,0.9209815,0.92110276,0.005378358714528113,0.915724403507762,test,High,High
2685,Texas,Concho,48095,48516.0,4142.0,11.490183456710653,11.6407,0.0,12.9955,74.4104,0.4014,0.0,0.5519,0.0,0.0,2547913999.0,0.0,1.6256435663156778e-06,0.4014,0,-0.14193638929858268,0.0634857,0.06060754,0.0,0.06060754135251045,train,Low,Low
2686,Texas,Edwards,48137,39457.0,2028.0,23.96694214876033,15.2225,0.0,11.5925,71.8384,0.5855,0.0,0.644,0.1171,0.0,5485259829.0,0.0,3.697181288073492e-07,0.7026,1,-0.14193638929858268,0.22392917,0.22161222,0.0,0.22161221504211426,train,High,Low
2687,Texas,Eastland,48133,34434.0,18252.0,14.577756145047458,11.9832,0.0,13.6595,73.2926,0.4984,0.0,0.5437,0.0227,3.0,2399599307.0,16.43655489809336,7.606269907961763e-06,0.5211,0,-0.14193638929858268,0.07705404,0.07422335,0.009354974137179882,0.06486837287104842,train,Low,Low
2688,Texas,Jeff Davis,48243,50174.0,2221.0,38.41743119266055,9.6444,0.0,11.2518,77.886,0.4384,0.0,0.6819,0.0974,1.0,5865172197.0,45.02476361999099,3.7867600905835774e-07,0.5358,0,-0.14193638929858268,0.68146116,0.6807446,0.025626142571185232,0.6551184458039063,test,Low,High
2689,Texas,Jim Hogg,48247,34769.0,5218.0,11.056811240073305,8.8967,0.0,13.9734,76.8032,0.1759,0.0,0.1508,0.0,0.0,2942674728.0,0.0,1.773216710073299e-06,0.1759,0,-0.14193638929858268,0.03736298,0.034393452,0.0,0.03439345210790634,train,Low,Low
2690,Texas,Montgomery,48339,70805.0,518849.0,32.961631051802534,5.7563,0.046,11.0828,81.8628,0.9723,0.0,0.235,0.0449,70.0,2698558980.0,13.491401159104093,0.00019226891235113935,1.0632,1,-0.14193638929858268,0.99163413,0.9920025,0.007678720370555148,0.984323766812062,train,High,High
2691,Texas,Dimmit,48127,32204.0,10842.0,10.513484686881,10.1105,0.0,14.5539,74.6228,0.1069,0.0,0.6059,0.0,1.0,3441795365.0,9.223390518354547,3.1501001222366398e-06,0.1069,0,-0.14193638929858268,0.049493354,0.04656625,0.005249553832374323,0.04131669783297945,test,Low,Low
2692,Texas,Webb,48479,38711.0,266006.0,17.453925008980136,2.9372,0.007,9.8692,86.6011,0.3214,0.0,0.2555,0.0086,8.0,8706186702.0,3.0074509597527874,3.055367511690194e-05,0.337,0,-0.14193638929858268,0.44813526,0.44660255,0.0017117106426352009,0.44489084248656097,train,Low,Low
2693,Texas,Armstrong,48011,65000.0,1913.0,23.10522442972774,12.3858,0.0,11.9863,74.0297,0.742,0.0,0.8562,0.0,0.0,2354581675.0,0.0,8.124585442550002e-07,0.742,1,-0.14193638929858268,0.29143757,0.28935674,0.0,0.2893567383289337,train,High,Low
2694,Texas,Castro,48069,42733.0,7875.0,13.122075712462783,7.508,0.0,14.9245,76.6214,0.2594,0.0,0.6714,0.0153,0.0,2316573414.0,0.0,3.3994174121174645e-06,0.2747,0,-0.14193638929858268,0.07103993,0.0681882,0.0,0.06818819791078568,train,Low,Low
2695,Texas,Kleberg,48273,41469.0,31877.0,25.26863476982242,6.5203,0.0205,11.9717,80.7585,0.4546,0.0,0.2416,0.0328,10.0,2282572442.0,31.370580669448188,1.396538371070021e-05,0.5079,0,-0.14193638929858268,0.8719354,0.8718851,0.01785477386535822,0.8540303470033246,test,Low,High
2696,Texas,Cooke,48097,56269.0,38878.0,21.599876814104785,10.3704,0.0026,12.3637,76.1254,0.4937,0.0,0.631,0.0132,4.0,2265775274.0,10.288595092340142,1.715880672109409e-05,0.5095000000000001,0,-0.14193638929858268,0.77298635,0.7725899,0.00585582207424275,0.7667340998770512,test,Low,High
2697,Texas,Crosby,48107,39026.0,5987.0,12.073011734028684,7.4397,0.0,12.5049,79.5607,0.277,0.0,0.2176,0.0,0.0,2331503437.0,0.0,2.5678709732907848e-06,0.277,0,-0.14193638929858268,0.04468954,0.041745637,0.0,0.041745636612176895,train,Low,Low
2698,Texas,Fisher,48151,41531.0,3847.0,18.439455281560544,10.7036,0.0,13.864,74.9553,0.2087,0.0,0.2683,0.0,0.0,2328246699.0,0.0,1.6523163123788886e-06,0.2087,0,-0.14193638929858268,0.087429225,0.084634826,0.0,0.08463482558727264,test,Low,Low
2699,Texas,Duval,48131,33115.0,11510.0,8.882674124384073,10.3222,0.0095,14.1346,74.4949,0.1906,0.0,0.8387,0.0095,0.0,4645085815.0,0.0,2.477887483333825e-06,0.2096,0,-0.14193638929858268,0.07403086,0.07118959,0.0,0.07118958979845047,train,Low,Low
2700,Texas,Blanco,48031,56573.0,10918.0,28.770158808322048,12.591,0.0088,10.6708,74.4235,1.2363,0.0,1.0259,0.0438,9.0,1836948441.0,82.43267997801794,5.943552772802075e-06,1.2889,1,-0.14193638929858268,0.8296958,0.82949775,0.046917106050139365,0.7825806485236827,train,High,High
2701,Texas,Jasper,48241,44552.0,35640.0,10.625571155603556,9.3563,0.0,12.1286,77.8735,0.3157,0.0,0.3157,0.0103,1.0,2431105375.0,2.8058361391694726,1.465999802661783e-05,0.32599999999999996,0,-0.14193638929858268,0.108552255,0.105831735,0.001596960231498384,0.10423477460460315,train,Low,Low
2702,Texas,Jefferson,48245,44965.0,252993.0,18.772437891915178,3.8922,0.0091,10.9925,84.3255,0.5003,0.0,0.2638,0.0167,14.0,2269631416.0,5.53374994565067,0.0001114687601768727,0.5261,0,-0.14193638929858268,0.6743728,0.6736314,0.0031495704509944293,0.6704818592212468,train,Low,High
2703,Texas,Kinney,48271,34398.0,3578.0,13.216374269005849,11.2203,0.0,11.7591,76.0697,0.6973,0.0,0.2536,0.0,1.0,3522525623.0,27.94857462269424,1.0157484665655191e-06,0.6973,1,-0.14193638929858268,0.1937961,0.19137375,0.01590711644790453,0.1754666341195317,train,High,Low
2704,Texas,Oldham,48359,52292.0,2069.0,25.922818791946305,12.471,0.0,14.3271,71.6937,0.8701,0.0,0.6381,0.0,0.0,3886339146.0,0.0,5.323776238441543e-07,0.8701,1,-0.14193638929858268,0.20536481,0.20298293,0.0,0.20298293232917786,train,High,Low
2705,Texas,Lamb,48279,41401.0,13561.0,17.448800468110008,6.354,0.0,14.908,77.9108,0.3432,0.0,0.484,0.0,1.0,2631897575.0,7.374087456677237,5.152556136231859e-06,0.3432,0,-0.14193638929858268,0.14711578,0.14453015,0.004197010740402803,0.14033313657366886,train,Low,Low
2706,Texas,Lipscomb,48295,60163.0,3507.0,17.711530030688294,12.6703,0.0,17.4533,68.7045,0.1267,0.0,1.0453,0.0,0.0,2414327231.0,0.0,1.4525785713593685e-06,0.1267,0,-0.14193638929858268,0.08111998,0.07830351,0.0,0.0783035084605217,train,Low,Low
2707,Texas,Mcculloch,48307,40784.0,8242.0,16.068669527896994,9.9322,0.0,12.7137,76.5943,0.4478,0.0,0.3121,0.0,2.0,2759894991.0,24.265954865323952,2.986345504766344e-06,0.4478,0,-0.14193638929858268,0.28185233,0.27973798,0.013811129010095222,0.26592685016356504,train,Low,Low
2708,Texas,Mason,48319,38496.0,4064.0,23.652791222975154,13.3299,0.0,13.4063,72.2717,0.3307,0.0,0.6614,0.0,0.0,2405588905.0,0.0,1.6893992117909273e-06,0.3307,0,-0.14193638929858268,0.17134283,0.16884194,0.0,0.16884194314479828,train,Low,Low
2709,Texas,Dickens,48125,42118.0,2237.0,14.303253529772867,12.7919,0.0,13.2696,73.4076,0.1062,0.0,0.3715,0.0531,1.0,2335454690.0,44.70272686633885,9.578434595962982e-07,0.1593,0,-0.14193638929858268,0.1875869,0.18514283,0.02544285321886563,0.15969997679536319,train,Low,Low
2710,Texas,Lee,48287,54346.0,16754.0,17.03145768719539,12.2484,0.0,12.2896,74.5674,0.4826,0.0,0.4061,0.0059,1.0,1629205100.0,5.968723886832994,1.0283542569318007e-05,0.4885,0,-0.14193638929858268,0.3087697,0.30674952,0.0033971387519757907,0.30335238393402886,train,Low,Low
2711,Texas,Tarrant,48439,60373.0,1947529.0,30.734652583869533,2.7624,0.0522,9.4752,86.3986,1.0272,0.0,0.2261,0.0582,355.0,2236843325.0,18.22822664001409,0.0008706595487638813,1.1376,1,-0.14193638929858268,0.99198496,0.9923546,0.010374715981617657,0.9819798558376878,train,High,High
2712,Texas,Anderson,48001,42146.0,57772.0,11.768361176836118,7.0897,0.0059,10.9568,81.0118,0.5533,0.0,0.3708,0.0118,6.0,2752129268.0,10.385653950010386,2.0991746525766754e-05,0.5710000000000001,1,-0.14193638929858268,0.28261873,0.28050706,0.005911063766246875,0.27459599413895025,train,High,Low
2713,Texas,Ellis,48139,64382.0,160225.0,21.946761784040326,5.9374,0.0129,10.3826,82.5772,0.745,0.0,0.3184,0.0265,24.0,2423345826.0,14.978935871430801,6.611726575751223e-05,0.7844,1,-0.14193638929858268,0.938729,0.9389123,0.008525360609233626,0.9303869118440745,train,High,High
2714,Texas,Jackson,48239,56601.0,14678.0,17.25017862611003,10.015,0.0,14.6603,74.6555,0.3149,0.0,0.3543,0.0,1.0,2148246647.0,6.8129172911840845,6.832548776695473e-06,0.3149,0,-0.14193638929858268,0.21008386,0.20771848,0.003877617022114893,0.20384085963098417,train,Low,Low
2715,Texas,Kerr,48265,44261.0,50505.0,26.2020351627856,6.9775,0.0062,10.8982,80.6114,1.0933,0.0,0.3741,0.0393,15.0,2857602004.0,29.7000297000297,1.767390977795521e-05,1.1387999999999998,1,-0.14193638929858268,0.9375952,0.93777454,0.016903968711197623,0.9208705702826379,train,High,High
2716,Texas,Milam,48331,39213.0,24372.0,15.667441575920716,10.2027,0.0,11.3584,77.5631,0.4424,0.0,0.4244,0.009,1.0,2633655687.0,4.103069095683571,9.254057058522396e-06,0.4514,0,-0.14193638929858268,0.19587561,0.19346054,0.002335288964820384,0.19112525001852465,train,Low,Low
2717,Texas,Comanche,48093,39054.0,13506.0,17.005347593582886,12.1906,0.0,11.7539,75.1896,0.3218,0.0,0.544,0.0,1.0,2428770452.0,7.404116688879017,5.560838402360471e-06,0.3218,0,-0.14193638929858268,0.123421215,0.12075271,0.004214102076899334,0.11653860504685708,test,Low,Low
2718,Texas,Falls,48145,38547.0,17265.0,11.862835959221501,9.7155,0.0,10.0905,79.493,0.3749,0.0,0.326,0.0,0.0,1982595592.0,0.0,8.708281239838447e-06,0.3749,0,-0.14193638929858268,0.10910531,0.10638673,0.0,0.10638672858476639,test,Low,Low
2719,Texas,Brooks,48047,24913.0,7217.0,14.556661925082977,7.746,0.0,12.4787,79.3497,0.2213,0.0,0.2043,0.0,1.0,2443277015.0,13.856172925038104,2.9538197902623007e-06,0.2213,0,-0.14193638929858268,0.041683417,0.038728997,0.007886332638298795,0.0308426644730217,train,Low,Low
2720,Texas,Austin,48015,56681.0,29107.0,20.99160945842868,11.3924,0.0161,10.8441,76.7377,0.6354,0.0,0.3645,0.0097,4.0,1674405635.0,13.742398735699316,1.738348187056836e-05,0.6612,1,-0.14193638929858268,0.75875515,0.75830895,0.007821577304511274,0.750487369781823,train,High,High
2721,Texas,Kenedy,48261,24000.0,558.0,11.461318051575931,10.0,0.0,14.2308,75.0,0.3846,0.0,0.3846,0.0,0.0,3777375503.0,0.0,1.4772161241497838e-07,0.3846,0,-0.14193638929858268,0.034175366,0.031194687,0.0,0.031194686889648438,test,Low,Low
2722,Texas,Colorado,48089,45398.0,20792.0,18.38775082150598,10.2018,0.005,12.7844,76.2653,0.342,0.0,0.3916,0.0099,5.0,2487151628.0,24.047710657945363,8.35976374175447e-06,0.35690000000000005,0,-0.14193638929858268,0.56615204,0.5650321,0.013686913873269143,0.551345210646079,train,Low,High
2723,Texas,San Patricio,48409,52659.0,66706.0,14.456632471747731,6.421,0.0051,13.1941,79.5919,0.4854,0.0,0.2871,0.0154,4.0,1795990941.0,5.996462087368453,3.71416127315533e-05,0.5059,0,-0.14193638929858268,0.42804503,0.42644206,0.0034129261326179,0.42302913076168447,train,Low,Low
2724,Texas,Randall,48381,62635.0,128603.0,30.426377403071637,5.4636,0.0137,11.7914,81.3757,0.9482,0.0,0.3818,0.0256,17.0,2361843607.0,13.218976229170394,5.445026064335851e-05,0.9875,1,-0.14193638929858268,0.9800719,0.98039985,0.007523667916457945,0.9728761791141817,test,High,High
2725,Texas,San Saba,48411,40718.0,5881.0,14.549376797698946,13.2875,0.0,12.4475,73.1959,0.3818,0.0,0.6682,0.0191,0.0,2940440305.0,0.0,2.0000406027627214e-06,0.4009,0,-0.14193638929858268,0.04944102,0.046513736,0.0,0.04651373624801636,train,Low,Low
2726,Texas,Schleicher,48413,59766.0,3171.0,19.12289648138705,13.9241,0.0,15.0037,70.3276,0.1117,0.0,0.5957,0.0372,0.0,3394546071.0,0.0,9.341455186277246e-07,0.14889999999999998,0,-0.14193638929858268,0.101057686,0.098310955,0.0,0.09831095486879349,train,Low,Low
2727,Texas,Zavala,48507,26639.0,12107.0,9.130309159202543,5.6445,0.0,11.2503,82.6014,0.0904,0.0,0.4133,0.0,0.0,3360268173.0,0.0,3.6029862429673408e-06,0.0904,0,-0.14193638929858268,0.020839829,0.017812505,0.0,0.01781250536441803,train,Low,Low
2728,Texas,Calhoun,48057,54167.0,21805.0,15.41545693349924,6.9167,0.0,13.1582,79.1601,0.4854,0.0,0.2691,0.0106,5.0,1312707024.0,22.93052052281587,1.6610713282813973e-05,0.496,0,-0.14193638929858268,0.29108745,0.2890054,0.01305105770479303,0.27595434104551214,train,Low,Low
2729,Texas,Foard,48155,48068.0,1320.0,16.037735849056602,15.8228,0.0,11.1212,71.2477,0.7233,0.0,1.085,0.0,0.0,1824378633.0,0.0,7.235340165267108e-07,0.7233,1,-0.14193638929858268,0.19735958,0.19494969,0.0,0.1949496865272522,train,High,Low
2730,Texas,Goliad,48175,54375.0,7463.0,15.992366412213741,12.1672,0.0,13.543,73.5215,0.3037,0.0,0.4645,0.0,0.0,2206698586.0,0.0,3.381975249065574e-06,0.3037,0,-0.14193638929858268,0.09012974,0.08734478,0.0,0.08734478056430817,test,Low,Low
2731,Texas,Hamilton,48193,45105.0,8232.0,21.481732070365357,15.4776,0.0222,11.0507,72.573,0.3883,0.0,0.4882,0.0,2.0,2165008339.0,24.295432458697764,3.80229482340114e-06,0.4105,0,-0.14193638929858268,0.21822765,0.21589077,0.013827906377697378,0.20206285881242714,train,Low,Low
2732,Texas,Mitchell,48335,51555.0,8995.0,11.094866796621181,9.8406,0.0,13.4065,75.81,0.2914,0.0,0.6515,0.0,3.0,2359710934.0,33.35186214563647,3.8119075817275506e-06,0.2914,0,-0.14193638929858268,0.09987469,0.09712382,0.018982433346504415,0.07814138326287821,train,Low,Low
2733,Texas,Titus,48449,45026.0,32592.0,15.150744826884946,5.528,0.0121,11.6858,81.9301,0.6299,0.0,0.214,0.0,1.0,1051683607.0,3.0682376043200783,3.099030904643548e-05,0.642,1,-0.14193638929858268,0.39994156,0.39824027,0.0017463077641937407,0.39649396046624447,train,High,Low
2734,Texas,Lavaca,48285,47753.0,19654.0,16.18705035971223,12.2747,0.0,13.8364,73.0759,0.3156,0.0,0.4867,0.0107,0.0,2511535247.0,0.0,7.82549240488521e-06,0.3263,0,-0.14193638929858268,0.2603531,0.25816354,0.0,0.25816354155540466,test,Low,Low
2735,Texas,Terry,48445,40407.0,12724.0,12.13098486727859,6.6231,0.0,13.8886,78.688,0.2948,0.0,0.5054,0.0,0.0,2302083227.0,0.0,5.527167676114605e-06,0.2948,0,-0.14193638929858268,0.049228318,0.046300292,0.0,0.046300292015075684,train,Low,Low
2736,Texas,Wise,48497,56396.0,62089.0,16.90747597957356,11.1309,0.0084,11.9905,75.8864,0.5775,0.0,0.3912,0.0151,2.0,2342363528.0,3.221182496094316,2.6506987176757304e-05,0.601,1,-0.14193638929858268,0.65672773,0.6559246,0.001833357362837295,0.6540912608813338,train,High,High
2737,Texas,Matagorda,48321,41253.0,36719.0,15.247050921455857,7.8671,0.0064,12.1021,79.3832,0.3783,0.0,0.2501,0.0128,5.0,2830586532.0,13.616928565592744,1.2972223101074233e-05,0.3975,0,-0.14193638929858268,0.17308027,0.17058545,0.007750165125766279,0.16283528838451813,train,Low,Low
2738,Texas,Pecos,48371,51735.0,15826.0,9.59395656279509,9.9407,0.008,13.3531,76.2015,0.1602,0.0,0.3364,0.0,6.0,12338274941.0,37.91229622140781,1.2826752585493386e-06,0.16820000000000002,0,-0.14193638929858268,0.13767087,0.1350522,0.02157803462047355,0.11347416951160652,train,Low,Low
2739,Texas,Rockwall,48397,89161.0,88010.0,37.95105252942319,4.58,0.044,10.5008,83.1073,1.4352,0.0,0.2653,0.0673,16.0,329204956.0,18.1797523008749,0.00026734105424585405,1.5465,1,-0.14193638929858268,0.9907013,0.9910664,0.010347126490281086,0.9807192697461385,train,High,High
2740,Texas,Taylor,48441,47044.0,135234.0,24.117812198664666,5.6089,0.0113,12.1432,81.2131,0.6598,0.0,0.3394,0.0243,5.0,2371267400.0,3.697295058934883,5.703026153861855e-05,0.6954,1,-0.14193638929858268,0.9190294,0.9191438,0.0021043399829407694,0.9170394559841613,train,High,High
2741,Texas,Throckmorton,48447,39438.0,1520.0,19.875776397515526,12.5157,0.0,14.3396,72.327,0.1887,0.0,0.6289,0.0,0.0,2363499442.0,0.0,6.431141776423572e-07,0.1887,0,-0.14193638929858268,0.10103382,0.09828701,0.0,0.09828700870275497,train,Low,Low
2742,Texas,Walker,48471,40090.0,69926.0,19.501440283625083,7.308,0.0086,10.8513,80.8209,0.6841,0.0,0.3098,0.0172,8.0,2031033550.0,11.44066584675228,3.44287764227233e-05,0.7099000000000001,1,-0.14193638929858268,0.73710304,0.7365811,0.006511530778320213,0.7300695563341065,train,High,High
2743,Texas,Wood,48499,47814.0,43198.0,17.137639369473277,7.643,0.0,10.5711,80.6959,0.6765,0.0,0.4059,0.0077,0.0,1671154350.0,0.0,2.5849198190460384e-05,0.6842,1,-0.14193638929858268,0.58309805,0.58203745,0.0,0.5820374488830566,train,High,High
2744,Texas,Aransas,48007,44851.0,24729.0,20.189050377007977,6.9013,0.0464,12.4948,79.5557,0.7143,0.0,0.2736,0.0139,8.0,652895604.0,32.3506813862267,3.787588681635541e-05,0.7746000000000001,1,-0.14193638929858268,0.85852814,0.8584309,0.018412604682956014,0.8400183173484466,train,High,High
2745,Texas,Cochran,48079,38625.0,2955.0,9.48509485094851,7.0483,0.0,14.6333,77.7818,0.2504,0.0,0.2862,0.0,0.0,2007453829.0,0.0,1.4720139299403034e-06,0.2504,0,-0.14193638929858268,0.048580136,0.04564984,0.0,0.04564984142780304,train,Low,Low
2746,Texas,Coke,48081,41756.0,3228.0,20.486985726280437,11.6125,0.0,12.2071,75.3061,0.4897,0.0,0.3847,0.0,1.0,2360696270.0,30.97893432465923,1.3673931886205758e-06,0.4897,0,-0.14193638929858268,0.21588844,0.21354337,0.017631865752974724,0.19591150461312176,train,Low,Low
2747,Texas,Coryell,48099,49275.0,75710.0,15.14749609600616,5.7425,0.0056,10.9158,82.2814,0.7329,0.0,0.3069,0.0149,4.0,2725199222.0,5.283317923656056,2.7781455164381372e-05,0.7534000000000001,1,-0.14193638929858268,0.61894935,0.6180141,0.003007035406186892,0.6150070618075583,train,High,High
2748,Texas,Hemphill,48211,67773.0,4151.0,23.209283713485394,12.537,0.0,18.7562,67.5469,0.2715,0.0,0.8885,0.0,0.0,2347270020.0,0.0,1.768437361117917e-06,0.2715,0,-0.14193638929858268,0.15505122,0.15249334,0.0,0.15249334275722504,test,Low,Low
2749,Texas,Moore,48341,50552.0,22186.0,13.495782567947517,7.0578,0.0,13.171,78.9928,0.4746,0.0,0.3038,0.0,3.0,2330188757.0,13.52204092671054,9.521117091202239e-06,0.4746,0,-0.14193638929858268,0.16813278,0.16562067,0.007696159197322962,0.1579245105252341,test,Low,Low
2750,Texas,Potter,48375,40340.0,121883.0,14.569337733658575,4.1371,0.0087,10.8178,83.844,0.7318,0.0,0.4414,0.0192,10.0,2352751873.0,8.204589647448783,5.180444287335182e-05,0.7597,1,-0.14193638929858268,0.30527043,0.303238,0.004669696565608198,0.2985683078804215,train,High,Low
2751,Texas,San Augustine,48405,29426.0,8556.0,11.508254527969227,8.4316,0.0,11.6756,79.0483,0.2949,0.0,0.5496,0.0,0.0,1374395181.0,0.0,6.225283759926106e-06,0.2949,0,-0.14193638929858268,0.02076132,0.01773372,0.0,0.01773371919989586,train,Low,Low
2752,Texas,Shackelford,48417,50285.0,3323.0,25.156669650850493,15.571,0.0,12.0872,70.9785,0.3635,0.0,0.9997,0.0,0.0,2367989256.0,0.0,1.4033002859198783e-06,0.3635,0,-0.14193638929858268,0.15846927,0.15592335,0.0,0.15592335164546967,train,Low,Low
2753,Texas,Starr,48427,26682.0,63008.0,9.27659819653712,4.8529,0.002,11.2409,83.5633,0.1416,0.0,0.1914,0.008,1.0,3168019244.0,1.5871000507872015,1.9888768074667666e-05,0.1516,0,-0.14193638929858268,0.021296062,0.018270332,0.000903308510833583,0.01736702385539452,train,Low,Low
2754,Texas,Upton,48461,48220.0,3475.0,9.897769516728625,13.017,0.0321,16.7682,68.9324,0.4489,0.0,0.8015,0.0,0.0,3215010601.0,0.0,1.0808673535692643e-06,0.48100000000000004,0,-0.14193638929858268,0.0941727,0.09140188,0.0,0.09140188246965408,train,Low,Low
2755,Texas,Brown,48049,43235.0,37935.0,18.52530609061842,8.2384,0.0,12.4667,78.2523,0.6244,0.0,0.4153,0.003,2.0,2446081828.0,5.272176090681429,1.5508475458900307e-05,0.6274,1,-0.14193638929858268,0.4914117,0.49003035,0.00300069395811796,0.48702965434281587,train,High,Low
2756,Texas,Hall,48191,27244.0,3162.0,12.542209358417752,7.1529,0.0,15.8915,76.2156,0.1409,0.0,0.599,0.0,0.0,2288233622.0,0.0,1.381851909524997e-06,0.1409,0,-0.14193638929858268,0.022528298,0.01950688,0.0,0.019506879150867462,train,Low,Low
2757,Texas,Franklin,48159,42652.0,10571.0,18.985946541747037,7.4484,0.0252,11.3236,80.2214,0.6794,0.0,0.302,0.0,0.0,736570307.0,0.0,1.435165102304348e-05,0.7046,1,-0.14193638929858268,0.37408894,0.37229723,0.0,0.3722972273826599,train,High,Low
2758,Texas,Frio,48163,37163.0,18542.0,7.277312438079798,9.3839,0.0,13.3196,76.4729,0.2692,0.0,0.5464,0.0079,1.0,2935753508.0,5.39316147125445,6.315925349138678e-06,0.2771,0,-0.14193638929858268,0.025585141,0.022574414,0.003069553589181448,0.0195048599786,test,Low,Low
2759,Texas,Lampasas,48281,50358.0,20357.0,20.543611131085065,9.6286,0.0147,11.0041,78.1195,0.7565,0.0,0.4667,0.0098,2.0,1846250635.0,9.824630348283145,1.102613026318607e-05,0.781,1,-0.14193638929858268,0.6148224,0.6138727,0.005591753465697539,0.6082809534244087,train,High,High
2760,Texas,Hardeman,48197,35156.0,3952.0,13.476702508960573,8.8562,0.06,12.5488,77.8445,0.4503,0.0,0.2402,0.0,1.0,1800337387.0,25.303643724696357,2.195144103842354e-06,0.5103,0,-0.14193638929858268,0.12647906,0.12382124,0.014401736500658504,0.10941950714310218,train,Low,Low
2761,Texas,Briscoe,48045,40385.0,1672.0,22.956521739130434,10.2093,0.0,13.0628,75.7134,0.7609,0.0,0.2536,0.0,0.0,2330991086.0,0.0,7.172914602900374e-07,0.7609,1,-0.14193638929858268,0.33041224,0.32846776,0.0,0.3284677565097809,train,High,Low
2762,Texas,Liberty,48291,49655.0,78598.0,10.038151594191614,9.6892,0.0016,11.5818,78.0276,0.375,0.0,0.3168,0.0081,1.0,3000343679.0,1.2722970050128501,2.6196332290238275e-05,0.3847,0,-0.14193638929858268,0.32500705,0.32304364,0.0007241362712868318,0.32231950815696636,test,Low,Low
2763,Texas,Loving,48301,56875.0,76.0,2.9850746268656714,10.8108,0.0,16.2162,72.973,0.0,0.0,0.0,0.0,0.0,1732059386.0,0.0,4.387840313923278e-08,0.0,0,-0.14193638929858268,0.06692162,0.06405549,0.0,0.06405548751354218,test,Low,Low
2764,Texas,Robertson,48395,49142.0,16537.0,17.35641511135155,12.1246,0.0065,12.5981,74.434,0.4606,0.0,0.3763,0.0,1.0,2216211613.0,6.047046018020197,7.461832571851974e-06,0.4671,0,-0.14193638929858268,0.2727572,0.27061105,0.0034417163119430613,0.2671693314328079,train,Low,Low
2765,Texas,Rusk,48401,47424.0,53197.0,14.71012482662968,7.5106,0.0,12.2325,79.3425,0.4746,0.0,0.4344,0.0054,3.0,2393244478.0,5.639415756527624,2.2227984014594267e-05,0.48000000000000004,0,-0.14193638929858268,0.43478486,0.43320546,0.00320971084745018,0.4299957446941605,train,Low,Low
2766,Texas,Trinity,48455,35865.0,14360.0,12.179548270275422,8.8353,0.0083,10.5907,79.6589,0.5824,0.0,0.3161,0.0083,0.0,1796490522.0,0.0,7.993362516610038e-06,0.599,1,-0.14193638929858268,0.06621432,0.063345715,0.0,0.06334571540355682,train,High,Low
2767,Texas,Bandera,48019,55434.0,21015.0,24.039002437652353,11.3053,0.0151,10.2858,76.9173,0.9944,0.0,0.4721,0.01,5.0,2048666849.0,23.792529145848206,1.0257890398459804e-05,1.0194999999999999,1,-0.14193638929858268,0.8701817,0.87012523,0.013541675624697219,0.8565835585023475,test,High,High
2768,Texas,Childress,48075,37125.0,7059.0,15.552295116327814,8.3333,0.0,12.8384,77.7842,0.1933,0.0,0.8507,0.0,3.0,1803680231.0,42.49893752656183,3.9136648939631255e-06,0.1933,0,-0.14193638929858268,0.11329206,0.11058812,0.024188551912708203,0.08639956652124413,test,Low,Low
2769,Texas,Comal,48091,69666.0,124234.0,34.5142605082011,6.8326,0.0303,10.8452,80.5314,1.3733,0.0,0.3513,0.036,21.0,1449127325.0,16.90358516992128,8.573021697731081e-05,1.4396,1,-0.14193638929858268,0.98601043,0.9863591,0.009620787511169652,0.9767383319041135,train,High,High
2770,Texas,Houston,48225,32434.0,22802.0,14.507304755606325,9.7076,0.0,11.2872,78.0705,0.4701,0.0,0.4646,0.0,0.0,3188288247.0,0.0,7.15180003610257e-06,0.4701,0,-0.14193638929858268,0.060128406,0.057238504,0.0,0.05723850429058075,train,Low,Low
2771,Texas,Navarro,48349,43388.0,48177.0,15.731730585766075,7.3075,0.0072,10.3885,81.4543,0.5274,0.0,0.3126,0.0024,4.0,2614935353.0,8.302717064159246,1.842378242533937e-05,0.5369999999999999,0,-0.14193638929858268,0.32738313,0.32542804,0.004725546435070877,0.3207024924004546,test,Low,Low
2772,Texas,Scurry,48415,55661.0,17314.0,15.42872502463937,10.9112,0.0067,17.008,71.2012,0.2417,0.0,0.6245,0.0067,1.0,2345090493.0,5.775672865888876,7.383083958457717e-06,0.2551,0,-0.14193638929858268,0.17451663,0.17202684,0.0032872624841516927,0.1687395803484136,train,Low,Low
2773,Texas,Stonewall,48433,47969.0,1233.0,13.544018058690746,14.8688,0.0,16.2536,67.4927,0.3644,0.0,1.0204,0.0,0.0,2373238706.0,0.0,5.195431866515327e-07,0.3644,0,-0.14193638929858268,0.08156018,0.078745246,0.0,0.07874524593353271,train,Low,Low
2774,Texas,Bastrop,48021,55808.0,78286.0,18.362153721589266,7.2803,0.0236,9.4815,81.731,1.1719,0.0,0.2802,0.0314,10.0,2300355846.0,12.77367600848172,3.403212600177859e-05,1.2269,1,-0.14193638929858268,0.8723005,0.87225145,0.00727022234506839,0.8649812286704041,train,High,High
2775,Texas,Bee,48025,44005.0,32706.0,8.905497276124443,7.812,0.0,13.9799,77.5204,0.3671,0.0,0.3154,0.0052,3.0,2279809512.0,9.1726288754357,1.4345935407256077e-05,0.37229999999999996,0,-0.14193638929858268,0.097028755,0.09426793,0.005220662506934729,0.08904726460326043,train,Low,Low
2776,Texas,Crane,48103,60133.0,4823.0,12.87465940054496,8.0592,0.0,15.2257,75.95,0.3315,0.0,0.4336,0.0,0.0,2033319713.0,0.0,2.3719831019018897e-06,0.3315,0,-0.14193638929858268,0.05801745,0.055120166,0.0,0.05512016639113426,train,Low,Low
2777,Utah,Millard,49027,53902.0,12604.0,19.806130468954677,12.2468,0.0235,7.2339,79.4713,0.3676,0.0,0.6491,0.0078,4.0,17106839742.0,31.735956839098698,7.367813219793709e-07,0.3989,0,0.21593562132067567,0.2996713,0.29761928,0.018062730133482197,0.2795565530658281,test,Low,Low
2778,Utah,Tooele,49045,64149.0,61986.0,20.77267320002266,7.9743,0.0344,6.2418,84.3249,0.8327,0.0,0.5574,0.0344,11.0,17979587120.0,17.745942632207274,3.4475763868375194e-06,0.9015,1,0.21593562132067567,0.777668,0.77728796,0.010100220842716525,0.7671877392097737,train,High,High
2779,Utah,Washington,49053,52865.0,151959.0,27.589177830312583,7.2614,0.0568,5.924,84.3249,1.7103,0.0,0.6679,0.0546,52.0,6285757441.0,34.21975664488447,2.4175129477446852e-05,1.8216999999999999,1,0.21593562132067567,0.9905601,0.9909247,0.019476401251859544,0.971448314743929,test,High,High
2780,Utah,Kane,49025,50517.0,7216.0,25.33013205282113,10.7411,0.0144,6.3437,81.6321,0.8074,0.0,0.4614,0.0,13.0,10333912544.0,180.15521064301552,6.982834400112764e-07,0.8218,1,0.21593562132067567,0.65186894,0.65104884,0.10253653193706087,0.5485123071551937,train,High,High
2781,Utah,Summit,49043,91470.0,39009.0,52.11772033634382,7.4547,0.2478,8.0453,82.1444,1.4914,0.0,0.4935,0.1228,58.0,4844781940.0,148.68363710938502,8.051755576020827e-06,1.862,1,0.21593562132067567,0.98084384,0.98117447,0.08462427731382346,0.8965501916803171,train,High,High
2782,Utah,Grand,49019,43529.0,9428.0,27.149456116823128,8.4354,0.0347,6.9499,82.6774,1.2336,0.0,0.6429,0.0261,10.0,9512637583.0,106.06703436571914,9.91102616675815e-07,1.2944,1,0.21593562132067567,0.73345065,0.73291594,0.06036875546309123,0.672547182437452,train,High,High
2783,Utah,Piute,49031,37112.0,1859.0,20.715350223546945,14.0984,0.082,5.9016,79.2623,0.082,0.0,0.5738,0.0,0.0,1964345914.0,0.0,9.463709964476246e-07,0.164,0,0.21593562132067567,0.092125885,0.089347914,0.0,0.08934791386127472,test,Low,Low
2784,Utah,Rich,49033,52569.0,2284.0,20.40520984081042,15.8173,0.0,5.6916,77.4983,0.3309,0.0,0.5956,0.0662,4.0,2664700942.0,175.13134851138355,8.571318319442393e-07,0.3971,0,0.21593562132067567,0.25415555,0.25194433,0.09967716751418985,0.15226716580070576,train,Low,Low
2785,Utah,Wasatch,49051,71337.0,27895.0,36.94090662159715,9.2075,0.035,7.4305,81.4798,1.1531,0.0,0.6309,0.0631,11.0,3048434118.0,39.433590249148594,9.150599593177758e-06,1.2511999999999999,1,0.21593562132067567,0.9753396,0.97565097,0.022443889197226258,0.9532070769702237,test,High,High
2786,Utah,Beaver,49001,48083.0,6437.0,21.357925688318634,12.1764,0.0,5.3013,81.4454,0.642,0.0,0.4349,0.0,3.0,6689681812.0,46.60556159701724,9.622281269720874e-07,0.642,1,0.21593562132067567,0.2590524,0.2568583,0.02652586421497704,0.23033242502681373,test,High,Low
2787,Utah,Box Elder,49003,55514.0,51528.0,21.381371409596547,9.5745,0.0136,6.35,82.4633,0.7402,0.0,0.8022,0.0562,14.0,14880984606.0,27.169694146871603,3.4626741014988993e-06,0.8099999999999999,1,0.21593562132067567,0.8384588,0.83829135,0.015463811463833908,0.822827535562991,train,High,High
2788,Utah,Iron,49021,43799.0,47751.0,28.26776771036434,8.7557,0.0146,6.2711,83.4132,0.7544,0.0,0.7714,0.0195,15.0,8537474431.0,31.41295470251932,5.593106062679814e-06,0.7884999999999999,1,0.21593562132067567,0.92237425,0.9225004,0.01787889132707244,0.904621480605911,test,High,High
2789,Utah,Sanpete,49039,48866.0,28551.0,19.468863342964283,9.6894,0.0087,5.783,83.2808,0.4943,0.0,0.7305,0.0131,1.0,4117901452.0,3.5025042905677557,6.933385932811294e-06,0.5161,0,0.21593562132067567,0.4676971,0.46623284,0.001993473526342419,0.46423936272014804,test,Low,Low
2790,Utah,Sevier,49041,48872.0,20913.0,16.504476449980537,10.9376,0.0095,6.8063,81.0614,0.4284,0.0,0.7473,0.0095,12.0,4948000000.0,57.380576674795584,4.226556184316896e-06,0.4474,0,0.21593562132067567,0.4285634,0.42696223,0.03265853544719691,0.3943036911820603,train,Low,Low
2791,Utah,Weber,49057,59660.0,241328.0,23.30142566191446,6.5889,0.0447,6.1115,85.7753,0.9123,0.0,0.5234,0.0439,72.0,1492520447.0,29.834913478750913,0.00016169158719739804,1.0009,1,0.21593562132067567,0.9917305,0.9920992,0.016980738707664977,0.9751184868134226,train,High,High
2792,Utah,San Juan,49037,41108.0,15540.0,17.482120558519696,9.7385,0.0129,8.5534,80.5101,0.5797,0.0,0.6054,0.0,7.0,20253728330.0,45.04504504504504,7.672661421542825e-07,0.5926,1,0.21593562132067567,0.55132186,0.5501501,0.02563768587864973,0.5245124105378236,test,High,High
2793,Utah,Salt Lake,49035,64601.0,1092518.0,32.80069348702079,4.6336,0.1416,6.4725,86.6308,1.5715,0.0,0.4593,0.0907,503.0,1921906753.0,46.04043137046712,0.0005684552584534261,1.8037999999999998,1,0.21593562132067567,0.9982528,0.9986443,0.026204216601697188,0.9724400757528866,train,High,High
2794,Utah,Daggett,49009,75938.0,751.0,14.528301886792452,18.2588,0.0,5.925,74.607,0.3628,0.0,0.8464,0.0,0.0,1804970587.0,0.0,4.160732620292831e-07,0.3628,0,0.21593562132067567,0.06988604,0.06703028,0.0,0.06703028082847595,train,Low,Low
2795,Utah,Wayne,49055,41684.0,2716.0,29.122414756847405,15.787,0.0,4.9043,77.9075,0.2802,0.0,1.121,0.0,4.0,6374158878.0,147.27540500736376,4.2609543501874415e-07,0.2802,0,0.21593562132067567,0.49648944,0.49512586,0.08382277268129956,0.41130308729451526,train,Low,Low
2796,Utah,Carbon,49007,47793.0,20733.0,15.481616529930111,9.5628,0.0048,7.6474,81.6549,0.498,0.0,0.6177,0.0144,6.0,3831067811.0,28.93937201562726,5.411807105180994e-06,0.5172,0,0.21593562132067567,0.35338047,0.35151634,0.01647103534961725,0.3350453008530042,train,Low,Low
2797,Utah,Morgan,49029,80865.0,10645.0,38.03361344537815,11.7931,0.0593,7.2573,78.9487,1.1106,0.0,0.7885,0.0424,2.0,1577739364.0,18.788163457022076,6.74699525339345e-06,1.2123,1,0.21593562132067567,0.92100513,0.9211264,0.010693407731442443,0.9104330175348234,train,High,High
2798,Utah,Cache,49005,51935.0,118824.0,36.323209864065895,5.7512,0.0519,6.03,86.3167,1.1954,0.0,0.5994,0.0553,28.0,3016675511.0,23.56426311182926,3.938905578897047e-05,1.3026,1,0.21593562132067567,0.99666995,0.99705595,0.013411756498829086,0.98364419128178,train,High,High
2799,Utah,Juab,49023,54861.0,10507.0,16.895368782161235,12.6953,0.0105,6.1537,79.7987,0.65,0.0,0.6814,0.0105,2.0,8784407437.0,19.03492909488912,1.1960966149799048e-06,0.6709999999999999,1,0.21593562132067567,0.27244607,0.2702988,0.010833856029428457,0.25946495278366666,test,High,Low
2800,Utah,Utah,49049,64321.0,564177.0,38.13759296328224,5.4351,0.0903,6.541,85.8441,1.4766,0.0,0.5305,0.0824,154.0,5189271203.0,27.29639811619403,0.00010871989108486762,1.6493,1,0.21593562132067567,0.9987225,0.99911565,0.015535925867578385,0.9835797200178892,test,High,High
2801,Utah,Duchesne,49013,61244.0,20078.0,14.117235957019306,15.1565,0.0128,9.3094,74.5967,0.2295,0.0,0.6823,0.0128,2.0,8379502089.0,9.961151509114453,2.3960850879620804e-06,0.2551,0,0.21593562132067567,0.22437455,0.22205916,0.005669455389042973,0.21638970508191954,train,Low,Low
2802,Utah,Uintah,49047,67943.0,36308.0,14.906171406461599,13.7297,0.0031,9.9326,75.4153,0.3126,0.0,0.5884,0.0184,5.0,11609281233.0,13.771069736697147,3.1274976694330202e-06,0.33409999999999995,0,0.21593562132067567,0.22660215,0.22429456,0.007837895594717748,0.21645666257273982,test,Low,Low
2803,Utah,Davis,49011,72661.0,329292.0,35.408117338699,4.1264,0.0835,6.5924,87.3158,1.2898,0.0,0.528,0.0642,66.0,774432428.0,20.043001348347364,0.00042520430200786993,1.4375,1,0.21593562132067567,0.9983865,0.9987785,0.011407607032481077,0.9873709149821368,test,High,High
2804,Utah,Emery,49015,51276.0,10570.0,13.450109477635284,14.1403,0.0,5.9368,78.8435,0.3547,0.0,0.7247,0.0,5.0,11557242845.0,47.30368968779565,9.145779959597275e-07,0.3547,0,0.21593562132067567,0.18801045,0.18556787,0.026923208443993568,0.15864466229212856,train,Low,Low
2805,Utah,Garfield,49017,45221.0,5020.0,20.08495145631068,14.1799,0.0,5.4306,79.2924,0.4388,0.0,0.6583,0.0,6.0,13403572554.0,119.5219123505976,3.7452701358354585e-07,0.4388,0,0.21593562132067567,0.19837269,0.19596635,0.06802668842701483,0.12793965962501003,train,Low,Low
2806,Vermont,Orleans,50019,43959.0,27076.0,22.142747662596435,4.1865,0.02,8.5171,85.5874,1.0046,0.0,0.5243,0.1601,11.0,1796376281.0,40.6263849903974,1.5072565968710873e-05,1.1846999999999999,1,0.03626616020000001,0.92027473,0.92039347,0.023122776228269554,0.8972706907211934,train,High,High
2807,Vermont,Grand Isle,50013,64295.0,6945.0,34.88914819136523,4.5947,0.0261,6.2524,86.0201,2.4018,0.0,0.5482,0.1566,3.0,211881635.0,43.196544276457885,3.277773460639946e-05,2.5845000000000002,1,0.03626616020000001,0.9583954,0.9586475,0.024585599417106873,0.9340618901306226,train,High,High
2808,Vermont,Chittenden,50007,66414.0,160510.0,49.39810916328561,2.6639,0.1333,6.0679,87.5031,3.0332,0.0,0.3306,0.268,162.0,1389740226.0,100.92829107220733,0.00011549640500943519,3.4345,1,0.03626616020000001,0.9988146,0.99920803,0.05744400566567559,0.9417640274191938,train,High,High
2809,Vermont,Lamoille,50015,53316.0,25136.0,36.361013330255645,4.0956,0.0568,7.071,86.6943,1.3598,0.0,0.4019,0.3207,31.0,1188473310.0,123.32908975175047,2.1149822876544025e-05,1.7372999999999998,1,0.03626616020000001,0.99450475,0.9948832,0.07019356867316497,0.9246896109914469,test,High,High
2810,Vermont,Franklin,50011,58884.0,48625.0,23.45638582911581,3.5267,0.0219,7.6644,87.0442,1.1561,0.0,0.5063,0.0803,16.0,1641633748.0,32.904884318766065,2.961988327739958e-05,1.2583,1,0.03626616020000001,0.96676594,0.96704733,0.018728032954439866,0.9483193007629063,train,High,High
2811,Vermont,Caledonia,50005,46931.0,30859.0,27.669319022945967,3.5277,0.0188,7.7444,86.5931,1.3403,0.0,0.5045,0.2711,22.0,1680951765.0,71.29200557373862,1.835805205273097e-05,1.6301999999999999,1,0.03626616020000001,0.9414977,0.9416907,0.04057631738919774,0.9011143659756704,test,High,High
2812,Vermont,Windham,50025,50917.0,43609.0,35.26513962974584,4.356,0.0507,5.651,87.3402,1.9739,0.0,0.459,0.1691,43.0,2034441182.0,98.60349927767204,2.1435370255889757e-05,2.1936999999999998,1,0.03626616020000001,0.99404645,0.9944233,0.056120835010569,0.9383024352149559,train,High,High
2813,Vermont,Bennington,50003,51489.0,36503.0,33.59293673131049,3.2255,0.0359,5.9369,88.7331,1.3572,0.0,0.6188,0.0927,34.0,1748245632.0,93.14302934005424,2.0879789047858466e-05,1.4858,1,0.03626616020000001,0.988677,0.98903507,0.05301297236173689,0.9360220975807375,train,High,High
2814,Vermont,Addison,50001,61020.0,36926.0,35.774000554697096,4.5834,0.0806,7.0518,85.3878,2.3041,0.0,0.4186,0.1737,23.0,1984780358.0,62.286735633429025,1.860457750459056e-05,2.5584000000000002,1,0.03626616020000001,0.9849668,0.98531187,0.03545090832919502,0.9498609574773845,train,High,High
2815,Vermont,Essex,50009,39467.0,6173.0,15.865178188063547,3.8739,0.0,8.4373,86.5069,0.5417,0.0,0.5745,0.0657,3.0,1718726095.0,48.598736432852746,3.591613589831485e-06,0.6073999999999999,1,0.03626616020000001,0.23609988,0.2338255,0.027660292880577874,0.2061652118992378,train,High,Low
2816,Vermont,Washington,50023,58171.0,58963.0,40.460745969665176,2.9885,0.0797,6.8015,86.9516,2.3306,0.0,0.5111,0.3371,79.0,1779421703.0,133.9823279005478,3.313604633493672e-05,2.7474,1,0.03626616020000001,0.99600726,0.99639094,0.07625692975929974,0.9201340089995503,train,High,High
2817,Vermont,Rutland,50021,50029.0,60133.0,29.19573151013997,3.5424,0.0279,7.5502,87.0735,1.2935,0.0,0.401,0.1116,38.0,2408212536.0,63.193254951524125,2.4969972168602647e-05,1.433,1,0.03626616020000001,0.98721594,0.98756886,0.03596685980614457,0.9516019954795,train,High,High
2818,Vermont,Orange,50017,54263.0,28897.0,30.192473427176097,3.8516,0.0787,6.7291,86.7816,1.9108,0.0,0.5096,0.1386,9.0,1779389357.0,31.14510156763678,1.623984086806022e-05,2.1281,1,0.03626616020000001,0.9792381,0.9795631,0.01772644094042363,0.9618366760868591,train,High,High
2819,Vermont,Windsor,50027,54763.0,55894.0,35.177553074232044,3.5367,0.0602,6.8892,86.8728,2.0611,0.0,0.4742,0.1058,50.0,2511193707.0,89.4550398969478,2.225794045445177e-05,2.2271,1,0.03626616020000001,0.99417394,0.9945512,0.0509139287317086,0.9436372530615043,train,High,High
2820,Virginia,Virginia Beach,51810,67719.0,449733.0,34.242321589882565,1.6617,0.0214,6.5158,90.0251,1.3652,0.0,0.3763,0.0345,50.0,633821720.0,11.117707617630906,0.0007095575708576222,1.4211,1,0.016969540820652173,0.9973073,0.9976955,0.006327716962131132,0.991367788656918,train,High,High
2821,Virginia,Alleghany,51005,45538.0,15919.0,16.288395904436857,3.0807,0.0,6.6977,89.1848,0.3218,0.0,0.7031,0.0119,2.0,1153749874.0,12.563603241409636,1.3797617974864456e-05,0.3337,0,0.016969540820652173,0.40873852,0.407068,0.007150658037640857,0.3999173561072566,train,Low,Low
2822,Virginia,Galax,51640,31110.0,6858.0,9.633677393240236,4.1113,0.0,6.7014,87.8717,0.5208,0.0,0.7948,0.0,0.0,21506088.0,0.0,0.0003188864474096823,0.5208,0,0.016969540820652173,0.067284256,0.06441939,0.0,0.06441938877105713,train,Low,Low
2823,Virginia,Westmoreland,51193,51566.0,17528.0,21.19077113657479,2.7584,0.0052,7.1186,88.4847,0.8427,0.0,0.7747,0.0157,1.0,594075381.0,5.70515746234596,2.9504673246171768e-05,0.8636,1,0.016969540820652173,0.90265805,0.9027152,0.003247128174954496,0.8994680779712857,train,High,High
2824,Virginia,Northumberland,51133,54440.0,12272.0,27.06041104421839,3.949,0.0,7.8759,86.3332,1.083,0.0,0.7294,0.0295,1.0,495386642.0,8.148631029986962,2.477256946302561e-05,1.1125,1,0.016969540820652173,0.9249716,0.92510676,0.004637847347669688,0.920468916492052,train,High,High
2825,Virginia,Pulaski,51155,49469.0,34417.0,18.21638573108585,3.0681,0.0064,6.8558,88.8746,0.62,0.0,0.5494,0.0257,1.0,828438966.0,2.905540866432286,4.154440026665766e-05,0.6520999999999999,1,0.016969540820652173,0.8732928,0.8732472,0.0016537078377139903,0.8715934983733761,train,High,High
2826,Virginia,Warren,51187,63734.0,38807.0,20.046602525556224,3.8537,0.0128,6.838,87.3188,1.3093,0.0,0.6188,0.0486,9.0,553642918.0,23.191692220475687,7.009391565991277e-05,1.3706999999999998,1,0.016969540820652173,0.933601,0.93376637,0.013199705307171945,0.9205666597440976,train,High,High
2827,Virginia,Danville,51590,33721.0,42360.0,18.209559075636015,1.6666,0.005,6.2915,90.6526,0.6921,0.0,0.6771,0.015,13.0,111136851.0,30.68932955618508,0.00038115170277768624,0.7121000000000001,1,0.016969540820652173,0.8554621,0.85535413,0.017467035279929915,0.837887094988167,train,High,High
2828,Virginia,Fredericksburg,51630,53980.0,27853.0,42.29669728118727,1.7134,0.0381,5.459,90.1385,2.0561,0.0,0.5235,0.0714,14.0,27042222.0,50.26388539834129,0.0010299819297393536,2.1656,1,0.016969540820652173,0.9964307,0.99681586,0.02860802344840533,0.9682078368230486,train,High,High
2829,Virginia,Amherst,51009,47002.0,31999.0,18.879751055790177,3.1467,0.0186,6.222,89.5098,0.5125,0.0,0.556,0.0342,2.0,1227493241.0,6.250195318603706,2.6068575313646066e-05,0.5652999999999999,1,0.016969540820652173,0.804637,0.8043513,0.0035573400825402294,0.8007939301162817,train,High,High
2830,Virginia,Bath,51017,44985.0,4558.0,15.435852881552274,5.676,0.0,6.4692,86.5327,0.282,0.0,1.04,0.0,2.0,1370518838.0,43.87889425186486,3.32574779245756e-06,0.282,0,0.016969540820652173,0.23100519,0.22871299,0.024973963427205974,0.20373902745280653,train,Low,Low
2831,Virginia,Hopewell,51670,40814.0,22332.0,14.385964912280702,1.3875,0.0,6.6408,90.7713,0.5021,0.0,0.6801,0.0183,4.0,26655077.0,17.911517105498834,0.0008378141244911804,0.5204,0,0.016969540820652173,0.5476645,0.54647994,0.01019445865137066,0.536285481763058,train,Low,High
2832,Virginia,Newport News,51700,50089.0,181606.0,24.722603597302456,1.141,0.0147,6.2309,91.1027,0.9975,0.0,0.4669,0.0462,30.0,178921044.0,16.519277997422993,0.0010150063734258113,1.0584,1,0.016969540820652173,0.98968834,0.9900499,0.00940205653732846,0.9806478420870917,test,High,High
2833,Virginia,Frederick,51069,68929.0,82321.0,28.825034651881865,3.5464,0.0073,5.9223,88.6644,1.2007,0.0,0.6275,0.0314,14.0,1070958655.0,17.006596129784622,7.686664617318957e-05,1.2394000000000003,1,0.016969540820652173,0.98717844,0.98753124,0.00967941688157862,0.9778518278732127,test,High,High
2834,Virginia,Lynchburg,51680,40728.0,78755.0,33.288636363636364,1.8047,0.0122,6.3774,90.385,0.9303,0.0,0.4625,0.0279,15.0,127241541.0,19.046409751761793,0.0006189409479094567,0.9704,1,0.016969540820652173,0.9935759,0.993951,0.010840390321364182,0.9831106323036053,train,High,High
2835,Virginia,York,51199,83410.0,66919.0,43.22451459041105,2.0986,0.0318,6.4535,88.9687,1.9521,0.0,0.4172,0.078,10.0,271061640.0,14.94343908307058,0.0002468774261086888,2.0619,1,0.016969540820652173,0.99650466,0.99689007,0.008505157376918725,0.9883849106772805,train,High,High
2836,Virginia,Martinsville,51690,31719.0,13551.0,18.280820469443857,1.769,0.0,5.5053,91.3454,0.6426,0.0,0.7298,0.0079,1.0,28376605.0,7.379529186037931,0.00047754127035281354,0.6505,1,0.016969540820652173,0.4366256,0.43505263,0.004200107936728094,0.43085252534879437,train,High,Low
2837,Virginia,Nelson,51125,50994.0,14831.0,30.053436521098213,4.2486,0.027,5.3568,88.3622,1.2811,0.0,0.6865,0.0378,3.0,1219503577.0,20.227901018137686,1.2161505943659893e-05,1.3458999999999999,1,0.016969540820652173,0.9548366,0.9550763,0.011512843904781014,0.9435634333512309,train,High,High
2838,Virginia,Pittsylvania,51143,43087.0,62392.0,14.622735197404719,2.7059,0.0016,6.4488,89.7515,0.4062,0.0,0.6828,0.0032,0.0,2509322708.0,0.0,2.486407977781708e-05,0.411,0,0.016969540820652173,0.42760628,0.42600176,0.0,0.42600175738334656,train,Low,Low
2839,Virginia,Buena Vista,51530,29109.0,6610.0,16.15403245337854,2.0742,0.0,4.7892,91.7875,0.5228,0.0,0.8263,0.0,0.0,17350500.0,0.0,0.0003809688481599954,0.5228,0,0.016969540820652173,0.13699518,0.13437416,0.0,0.13437415659427643,train,Low,Low
2840,Virginia,Falls Church,51610,115244.0,13597.0,80.21012006861064,1.4295,0.1415,4.4866,88.3306,5.2155,0.0,0.1911,0.2052,8.0,5311307.0,58.836508053247044,0.0025600101820512353,5.562199999999999,1,0.016969540820652173,0.9935986,0.9939738,0.0334871884389806,0.9604866031602931,train,High,High
2841,Virginia,Petersburg,51730,32169.0,31997.0,16.588277858176557,1.6092,0.01,6.0296,91.1859,0.5242,0.0,0.631,0.01,5.0,59430127.0,15.626464981091976,0.0005383969648929069,0.5442,0,0.016969540820652173,0.22891617,0.22661667,0.00889390609285283,0.2177227596280868,train,Low,Low
2842,Virginia,Poquoson,51735,84643.0,12068.0,39.78570587542683,2.5436,0.05,6.8551,88.483,1.5678,0.0,0.467,0.0334,0.0,39850781.0,0.0,0.0003028296986199593,1.6512000000000002,1,0.016969540820652173,0.9873232,0.9876765,0.0,0.9876765012741089,train,High,High
2843,Virginia,Fairfax,51600,104065.0,23620.0,54.72708671842089,0.7341,0.0439,2.2201,45.1448,1.6776,0.0,0.1137,0.0658,415.0,16162122.0,1756.9856054191364,0.0014614417586997549,1.7873,1,0.016969540820652173,0.99703646,0.9974237,1.0,-0.002576291561126709,train,High,High
2844,Virginia,Waynesboro,51820,45097.0,21366.0,22.62992770426954,2.5097,0.0092,5.6206,90.1537,0.9222,0.0,0.7525,0.0321,6.0,38927994.0,28.08199943836001,0.0005488595173951167,0.9635,1,0.016969540820652173,0.9798037,0.9801307,0.015983056065881046,0.964147616388953,train,High,High
2845,Virginia,Roanoke (City),51770,39201.0,99329.0,22.90452000230907,0.747,0.006,2.9748,45.5083,0.4595,0.0,0.287,0.0175,0.0,110141397.0,0.0,0.0009018316700667961,0.48300000000000004,0,0.016969540820652173,0.87548965,0.87545174,0.0,0.8754517436027527,train,Low,High
2846,Virginia,Suffolk,51800,65435.0,87061.0,26.590583400956508,2.4181,0.0051,7.3432,88.7205,1.0015,0.0,0.4684,0.0432,6.0,1033802700.0,6.891719598901919,8.421432832396356e-05,1.0498,1,0.016969540820652173,0.95680946,0.957056,0.003922467877736466,0.9531335180498454,train,High,High
2847,Virginia,Norfolk,51710,45268.0,245724.0,26.611648290262945,1.463,0.0386,6.2071,90.6361,1.1439,0.0,0.474,0.0374,48.0,137985835.0,19.53411144210578,0.001780791484865095,1.2199,1,0.016969540820652173,0.9881093,0.9884653,0.01111796897018165,0.9773473401728847,test,High,High
2848,Virginia,Chesterfield,51041,73869.0,331839.0,37.689665824716975,1.7421,0.0227,6.1316,90.2665,1.2827,0.0,0.5181,0.0364,41.0,1096531672.0,12.355389209827658,0.0003026260056809376,1.3417999999999999,1,0.016969540820652173,0.9980477,0.99843854,0.00703215164183444,0.9914063854789846,train,High,High
2849,Virginia,Fairfax,51059,114329.0,1132887.0,60.26009906553726,0.6964,0.0608,2.317,44.9684,1.761,0.0,0.1256,0.0709,467.0,1012323213.0,41.222116592387415,0.001119096139900528,1.8926999999999998,1,0.016969540820652173,0.9987196,0.99911267,0.023461840817161222,0.9756508248360676,train,High,High
2850,Virginia,Botetourt,51023,61470.0,33192.0,27.336273612382456,3.764,0.0085,7.1226,87.8011,0.6746,0.0,0.6094,0.0198,2.0,1401713912.0,6.025548324897565,2.3679582342619996e-05,0.7029,1,0.016969540820652173,0.93959457,0.9397809,0.0034294807574477225,0.9363514101841721,train,High,High
2851,Virginia,Bristol,51520,35801.0,17340.0,23.433042627761026,2.0149,0.0064,7.0969,89.4089,0.8927,0.0,0.5739,0.0064,1.0,33745566.0,5.767012687427912,0.0005138452856295253,0.9055,1,0.016969540820652173,0.9232313,0.9233604,0.0032823334861939103,0.9200780738662536,train,High,High
2852,Virginia,Williamsburg,51830,50091.0,14988.0,56.70948346542771,1.7453,0.043,5.9754,89.1841,2.5793,0.0,0.3955,0.0774,0.0,23098592.0,0.0,0.000648870719046425,2.6997,1,0.016969540820652173,0.9879397,0.98829514,0.0,0.9882951378822327,test,High,High
2853,Virginia,Carroll,51035,37048.0,29733.0,12.814311139506229,4.4563,0.0102,6.4102,87.6198,0.5791,0.0,0.9109,0.0135,0.0,1229346446.0,0.0,2.41860218466032e-05,0.6027999999999999,1,0.016969540820652173,0.22511713,0.22280434,0.0,0.22280433773994446,train,High,Low
2854,Virginia,Washington,51191,43835.0,54562.0,24.776914762587037,4.395,0.004,7.8086,86.2363,0.8843,0.0,0.6516,0.0202,8.0,1452917747.0,14.662219126864851,3.755339909135269e-05,0.9085,1,0.016969540820652173,0.95852464,0.9587772,0.0083450991753385,0.9504320900794222,test,High,High
2855,Virginia,Page,51139,45030.0,23759.0,12.900407687827606,3.52,0.0039,5.588,89.4596,0.5572,0.0,0.8515,0.0196,8.0,805020081.0,33.67145081863715,2.951354948871145e-05,0.5807,1,0.016969540820652173,0.6172328,0.6162916,0.01916432935749902,0.5971272532268821,test,High,High
2856,Virginia,Alexandria,51510,89200.0,151473.0,62.08881864601062,1.1865,0.0778,4.5569,89.9687,3.8603,0.0,0.2306,0.1191,71.0,38977688.0,46.87304007975018,0.003886146351215085,4.0572,1,0.016969540820652173,0.998744,0.9991372,0.026678101365872273,0.972459121401004,train,High,High
2857,Virginia,Hampton,51650,49890.0,136789.0,24.000708246646894,1.2343,0.0106,6.3588,91.0554,0.8619,0.0,0.446,0.0328,16.0,133308913.0,11.696846968689004,0.0010261054337754596,0.9053000000000001,1,0.016969540820652173,0.9824781,0.98281443,0.006657337961456247,0.9761570932290344,train,High,High
2858,Virginia,Arlington,51013,108706.0,226092.0,73.66456042823577,1.2513,0.1365,4.4177,89.2889,4.4388,0.0,0.2853,0.1814,251.0,67318429.0,111.01675424163614,0.0033585453992100735,4.7566999999999995,1,0.016969540820652173,0.9987979,0.99919134,0.06318592132981796,0.9360054224545143,test,High,High
2859,Virginia,Buchanan,51027,30335.0,23158.0,9.937026980183719,3.9976,0.0,9.4197,85.8475,0.147,0.0,0.5882,0.0,0.0,1302149875.0,0.0,1.7784435144226388e-05,0.147,0,0.016969540820652173,0.016746242,0.013704599,0.0,0.013704598881304264,train,Low,Low
2860,Virginia,Stafford,51179,97528.0,139548.0,37.333196819221186,2.4989,0.0352,6.3963,88.2092,2.4195,0.0,0.3745,0.0665,10.0,696844523.0,7.165993063318714,0.00020025700912339666,2.5212000000000003,1,0.016969540820652173,0.99465275,0.99503165,0.004078572437484049,0.9909530823972633,test,High,High
2861,Virginia,Richmond City,51760,41187.0,216773.0,36.69105003138903,1.3957,0.0106,3.2264,44.4111,0.6091,0.0,0.3304,0.0169,91.0,154942138.0,41.979397803231954,0.0013990577566446126,0.6366,1,0.016969540820652173,0.99753964,0.9979287,0.023892852436441896,0.9740358265529685,train,High,High
2862,Virginia,Essex,51057,47527.0,11130.0,16.651904340124005,2.7069,0.0087,7.5915,88.4522,0.6594,0.0,0.5726,0.0087,3.0,665858940.0,26.954177897574127,1.6715252032209706e-05,0.6768000000000001,1,0.016969540820652173,0.62713164,0.62622505,0.015341148962426526,0.610883905301642,train,High,High
2863,Virginia,Tazewell,51185,38238.0,43367.0,14.561000510464522,4.2871,0.0024,9.4211,85.3537,0.2975,0.0,0.6238,0.0144,2.0,1343806838.0,4.611801600295156,3.227175124703451e-05,0.3143,0,0.016969540820652173,0.32607383,0.32411417,0.002624837440939074,0.3214893362098025,train,Low,Low
2864,Virginia,Manassas Park,51685,75027.0,15827.0,30.420775163526308,2.5924,0.021,5.66,89.3578,1.9146,0.0,0.3703,0.0839,0.0,6575876.0,0.0,0.0024068276226619843,2.0195,1,0.016969540820652173,0.98144126,0.981774,0.0,0.9817739725112915,train,High,High
2865,Virginia,Sussex,51183,37917.0,11733.0,11.2619971411068,2.8156,0.0,7.7554,88.3521,0.3853,0.0,0.6916,0.0,2.0,1269664389.0,17.04593880507969,9.241024716177969e-06,0.3853,0,0.016969540820652173,0.13550444,0.1328782,0.009701809025927283,0.1231763901937764,test,Low,Low
2866,Virginia,Manassas,51683,74371.0,41149.0,30.076248570339303,2.4092,0.0248,5.6215,89.527,2.0311,0.0,0.3091,0.0773,24.0,25594567.0,58.324625142773826,0.001607724014240991,2.1332,1,0.016969540820652173,0.994632,0.99501085,0.03319584688848958,0.9618150059252312,train,High,High
2867,Virginia,Salem,51775,52351.0,25290.0,26.898379970544916,2.5103,0.0351,6.6742,89.1655,0.9444,0.0,0.639,0.0316,8.0,37400253.0,31.63305654408857,0.0006761986342712708,1.0111,1,0.016969540820652173,0.98221636,0.98255175,0.01800416374870776,0.9645475897722579,train,High,High
2868,Virginia,Charlotte,51037,33837.0,12232.0,13.041941564561736,3.2988,0.0,7.4889,88.2349,0.3522,0.0,0.6181,0.0072,0.0,1231001547.0,0.0,9.93662439321045e-06,0.3594,0,0.016969540820652173,0.11477966,0.112080924,0.0,0.11208092421293259,train,Low,Low
2869,Virginia,Greensville,51081,40559.0,11698.0,8.498845265588914,1.3302,0.0,8.1614,89.7193,0.3269,0.0,0.4622,0.0,3.0,764649946.0,25.645409471704564,1.529850366326973e-05,0.3269,0,0.016969540820652173,0.27898738,0.276863,0.014596254740281006,0.26226675399728305,train,Low,Low
2870,Virginia,James City,51095,80226.0,71900.0,47.768407270486755,2.0428,0.0295,6.204,88.8769,2.3759,0.0,0.3971,0.0738,32.0,368991427.0,44.50625869262865,0.00019485547559889514,2.4792,1,0.016969540820652173,0.9977063,0.9980959,0.02533103205590093,0.9727648975667492,train,High,High
2871,Virginia,Russell,51167,38370.0,27973.0,13.117094059162278,5.9982,0.0038,8.8983,84.1927,0.3087,0.0,0.5907,0.0076,0.0,1227192256.0,0.0,2.2794309419110284e-05,0.3201,0,0.016969540820652173,0.2827684,0.28065726,0.0,0.28065726161003113,test,Low,Low
2872,Virginia,Smyth,51173,38906.0,31513.0,14.790189775879531,3.8735,0.0067,7.6257,87.4903,0.357,0.0,0.64,0.0067,4.0,1167904202.0,12.693174245549457,2.6982521294156625e-05,0.37039999999999995,0,0.016969540820652173,0.33015814,0.32821277,0.007224404233250076,0.32098836360618166,test,Low,Low
2873,Virginia,Charlottesville,51540,50727.0,45538.0,50.0385559060638,2.5014,0.0856,4.9567,88.8128,3.13,0.0,0.4147,0.0987,29.0,26516185.0,63.68307786903246,0.0017173662048292392,3.3143,1,0.016969540820652173,0.99738187,0.99777037,0.03624564576545895,0.961524723287428,train,High,High
2874,Virginia,Isle Of Wight,51093,66835.0,36027.0,27.368872931626598,2.8317,0.0103,7.2809,88.363,0.9301,0.0,0.5581,0.0258,1.0,817464438.0,2.7756960057734474,4.4071641927498745e-05,0.9662000000000001,1,0.016969540820652173,0.9465613,0.946772,0.0015798057748522608,0.9451921735571179,train,High,High
2875,Virginia,Franklin,51620,38333.0,8413.0,22.389871661463754,0.9144,0.0,4.1523,44.3112,0.2998,0.0,0.3223,0.0,1.0,21295862.0,11.886366337810532,0.00039505327372989175,0.2998,0,0.016969540820652173,0.7702777,0.7698718,0.006765204166243006,0.7631065671693588,test,Low,High
2876,Virginia,Lexington,51678,34464.0,7036.0,44.88748519542045,3.8724,0.0,5.1165,88.8908,1.4018,0.0,0.6658,0.0526,0.0,6467874.0,0.0,0.001087838136611814,1.4544,1,0.016969540820652173,0.833373,0.8331878,0.0,0.8331878185272217,train,High,High
2877,Virginia,Henry,51089,34992.0,52209.0,11.561593247164337,2.0002,0.0071,5.5728,90.9823,0.5324,0.0,0.8998,0.0053,8.0,990272713.0,15.323028596602118,5.27218404734535e-05,0.5448,0,0.016969540820652173,0.2965575,0.29449457,0.008721203263897397,0.2857733660377078,test,Low,Low
2878,Virginia,King William,51101,64297.0,16156.0,18.609406952965234,4.1131,0.0054,7.4962,87.0397,0.7191,0.0,0.5938,0.0327,0.0,709504128.0,0.0,2.2770832983793437e-05,0.7571999999999999,1,0.016969540820652173,0.7304055,0.7298601,0.0,0.7298601269721985,train,High,High
2879,Virginia,Louisa,51109,54662.0,34350.0,21.92535017407497,3.8397,0.0274,6.5043,87.8895,1.0479,0.0,0.6487,0.0424,4.0,1285413687.0,11.644832605531295,2.672291445734388e-05,1.1177000000000001,1,0.016969540820652173,0.89612097,0.89615524,0.006627733641991546,0.8895275045095588,train,High,High
2880,Virginia,Prince Edward,51147,42283.0,23077.0,23.203269586674892,3.0185,0.0051,7.4873,88.049,0.7892,0.0,0.6303,0.0205,4.0,906385571.0,17.333275555748145,2.546046708856975e-05,0.8148,1,0.016969540820652173,0.9497071,0.9499288,0.009865348641608944,0.9400634714916003,train,High,High
2881,Virginia,Rockingham,51165,55029.0,78427.0,24.561897256932717,4.2207,0.0132,5.5702,88.5098,0.9746,0.0,0.6839,0.0276,5.0,2199285015.0,6.375355426065003,3.566022569384896e-05,1.0154,1,0.016969540820652173,0.9457409,0.9459487,0.0036285757870760326,0.9423201441912565,test,High,High
2882,Virginia,Surry,51181,56632.0,6731.0,22.82082324455206,3.3919,0.0,6.6477,88.8586,0.458,0.0,0.6437,0.0,0.0,722475755.0,0.0,9.316575612976798e-06,0.458,0,0.016969540820652173,0.1786911,0.17621592,0.0,0.17621591687202454,train,Low,Low
2883,Virginia,Clarke,51043,71986.0,14307.0,29.987205983663024,6.4116,0.0378,6.1725,84.8613,1.938,0.0,0.5411,0.0378,3.0,455565976.0,20.968756552736423,3.140489139601593e-05,2.0136,1,0.016969540820652173,0.97978485,0.9801118,0.011934506741581549,0.9681772710408586,train,High,High
2884,Virginia,Mecklenburg,51117,40040.0,31209.0,17.1313008306876,2.6744,0.0,7.6678,88.5948,0.4687,0.0,0.5851,0.0092,1.0,1619959010.0,3.2042039155371844,1.9265302274531007e-05,0.4779,0,0.016969540820652173,0.40043902,0.3987395,0.0018236938912045372,0.39691579304155,test,Low,Low
2885,Virginia,Augusta,51015,56802.0,74330.0,23.32029795158287,4.5761,0.0161,5.6043,88.1698,0.898,0.0,0.7114,0.0242,3.0,2504629596.0,4.036055428494551,2.9677042912336486e-05,0.9383,1,0.016969540820652173,0.95368713,0.95392275,0.002297147692073284,0.9516256008736006,train,High,High
2886,Virginia,Goochland,51075,82326.0,21979.0,36.07120933087784,4.0898,0.0351,6.959,87.0291,1.2452,0.0,0.5963,0.0456,1.0,728886866.0,4.549797534009737,3.0154199540755616e-05,1.3259,1,0.016969540820652173,0.9919539,0.9923234,0.002589547415742409,0.9897338511743455,test,High,High
2887,Virginia,Madison,51113,48271.0,13122.0,25.64488392089424,4.7259,0.0,6.3436,87.1927,1.1444,0.0,0.5863,0.0071,2.0,830565358.0,15.241579027587258,1.5798877082470373e-05,1.1515000000000002,1,0.016969540820652173,0.8529218,0.85280496,0.00867484570196653,0.8441301131183765,train,High,High
2888,Virginia,Roanoke,51161,60380.0,93655.0,34.09172339663203,0.9887,0.0082,3.1415,45.0799,0.5239,0.0,0.2415,0.0164,30.0,649014937.0,32.032459559019806,0.00014430330437833976,0.5485,0,0.016969540820652173,0.9967579,0.99714416,0.018231486621302355,0.9789126760335743,train,Low,High
2889,Virginia,Brunswick,51025,38858.0,16573.0,12.386858866912505,1.8955,0.0,7.1258,90.1292,0.2949,0.0,0.5546,0.0,0.0,1466440728.0,0.0,1.1301513715186449e-05,0.2949,0,0.016969540820652173,0.1631008,0.16057108,0.0,0.16057108342647552,test,Low,Low
2890,Virginia,Northampton,51131,37011.0,12118.0,21.48114596308459,2.7432,0.0,7.0177,88.5441,0.9499,0.0,0.7206,0.0246,2.0,548279224.0,16.50437365901964,2.2101877053798413e-05,0.9744999999999999,1,0.016969540820652173,0.6394502,0.63858664,0.009393573634362504,0.6291930667236086,train,High,High
2891,Virginia,Rockbridge,51163,52478.0,22450.0,25.123387048819644,4.6808,0.0265,5.1176,88.5384,0.8823,0.0,0.7279,0.0265,11.0,1547687325.0,48.99777282850779,1.4505513896355002e-05,0.9352999999999999,1,0.016969540820652173,0.9244664,0.92459977,0.027887407089382022,0.8967123596418802,train,High,High
2892,Virginia,Norton,51720,26000.0,3978.0,17.32142857142857,2.5932,0.0,9.2075,87.0047,0.3205,0.0,0.8741,0.0,0.0,19375330.0,0.0,0.00020531263209452432,0.3205,0,0.016969540820652173,0.20346013,0.20107158,0.0,0.2010715752840042,train,Low,Low
2893,Virginia,Colonial Heights,51570,49639.0,17554.0,21.862249061530928,1.7464,0.0062,6.3376,90.4597,0.7652,0.0,0.6479,0.037,4.0,19481043.0,22.786829212715052,0.0009010811176793769,0.8084,1,0.016969540820652173,0.94698465,0.94719684,0.012969274843477818,0.9342275663964514,train,High,High
2894,Virginia,Bland,51021,47800.0,6612.0,16.174734356552538,6.1257,0.016,8.5953,84.0763,0.433,0.0,0.7377,0.016,0.0,926515821.0,0.0,7.1364134860250815e-06,0.465,0,0.016969540820652173,0.1204197,0.1177407,0.0,0.117740698158741,test,Low,Low
2895,Virginia,Campbell,51031,47005.0,55061.0,20.365769319433415,2.7333,0.0054,7.1485,88.8662,0.6088,0.0,0.616,0.0217,2.0,1305049382.0,3.632335046584697,4.2190740641261036e-05,0.6359,1,0.016969540820652173,0.9137268,0.91382265,0.0020673675614537477,0.9117552833479701,test,High,High
2896,Virginia,Henrico,51087,63699.0,321921.0,40.81483432640604,1.3677,0.036,6.0194,90.7739,1.3314,0.0,0.4376,0.034,109.0,605287725.0,33.85923875733488,0.0005318478910174496,1.4014,1,0.016969540820652173,0.99859196,0.99898463,0.019271210107186743,0.9797134247690644,train,High,High
2897,Virginia,King George,51099,84342.0,25260.0,34.45974640538737,3.717,0.0235,7.0503,87.1176,1.3395,0.0,0.6854,0.0666,7.0,465260571.0,27.711797307996832,5.429215707169822e-05,1.4296,1,0.016969540820652173,0.9957183,0.99610096,0.015772353070238197,0.9803286090917797,train,High,High
2898,Virginia,Lancaster,51103,50118.0,11055.0,29.74465148378192,3.5792,0.0,6.6782,87.9343,1.3581,0.0,0.4052,0.045,5.0,345262704.0,45.22840343735866,3.201909697144699e-05,1.4031,1,0.016969540820652173,0.98125696,0.981589,0.025742045522660517,0.955846973775893,test,High,High
2899,Virginia,Lee,51105,31577.0,24911.0,11.632818846466288,4.7987,0.0056,8.046,86.2711,0.3837,0.0,0.4893,0.0056,2.0,1127988646.0,8.02858175103368,2.2084442151379597e-05,0.3949,0,0.016969540820652173,0.036306903,0.033333678,0.004569520505046157,0.02876415729346344,train,Low,Low
2900,Virginia,Mathews,51115,64049.0,8848.0,26.582091753946006,4.0082,0.0,7.0719,86.9097,1.2957,0.0,0.7023,0.0121,0.0,222555392.0,0.0,3.975639466870342e-05,1.3078,1,0.016969540820652173,0.8300819,0.8298852,0.0,0.8298851847648621,train,High,High
2901,Virginia,Middlesex,51119,53093.0,10728.0,23.37192474674385,3.8813,0.0163,7.2978,87.0434,1.0437,0.0,0.7175,0.0,1.0,337507714.0,9.321401938851603,3.178594015780036e-05,1.06,1,0.016969540820652173,0.90477824,0.9048428,0.00530533768182349,0.8995374562596743,test,High,High
2902,Virginia,Prince George,51149,64805.0,37664.0,22.06182392116103,2.3364,0.0035,7.638,88.7925,0.6183,0.0,0.5867,0.0246,4.0,686758306.0,10.620220900594733,5.484316632349547e-05,0.6463999999999999,1,0.016969540820652173,0.94891447,0.9491334,0.006044569100531267,0.9430888270481503,train,High,High
2903,Virginia,Richmond,51159,44919.0,8868.0,13.4301542147028,1.3607,0.0058,4.1053,43.9792,0.2453,0.0,0.3037,0.0,1.0,495970612.0,11.276499774470004,1.7880091653494986e-05,0.2511,0,0.016969540820652173,0.22867541,0.22637506,0.006418094570433288,0.2199569637229093,train,Low,Low
2904,Virginia,Scott,51169,38017.0,22378.0,12.560562015503876,4.882,0.0045,6.5781,87.4809,0.332,0.0,0.7,0.0224,0.0,1387008855.0,0.0,1.613399937522389e-05,0.3589,0,0.016969540820652173,0.15765145,0.15510267,0.0,0.1551026701927185,train,Low,Low
2905,Virginia,Spotsylvania,51177,79742.0,129181.0,29.596173653616205,2.3679,0.0188,6.538,88.9088,1.6638,0.0,0.4511,0.0516,14.0,1039865450.0,10.837507063732284,0.00012422857207151176,1.7342,1,0.016969540820652173,0.99398935,0.99436593,0.006168238960129073,0.9881976915971219,train,High,High
2906,Virginia,Appomattox,51011,52134.0,15314.0,19.550188957507604,3.5421,0.0,8.2412,87.2277,0.4395,0.0,0.5365,0.0129,0.0,863689281.0,0.0,1.773091357839834e-05,0.4524,0,0.016969540820652173,0.5070939,0.5057674,0.0,0.5057674050331116,train,Low,High
2907,Virginia,Franklin,51067,48720.0,56230.0,20.649806988023357,1.8427,0.0018,3.0626,44.3776,0.3515,0.0,0.3479,0.016,3.0,1788231299.0,5.335230304108127,3.1444478145217836e-05,0.3693,0,0.016969540820652173,0.90316427,0.90322316,0.0030365816815188904,0.9001865752474972,test,Low,High
2908,Virginia,King And Queen,51097,48852.0,7140.0,19.222788153178648,3.7134,0.0119,6.4539,88.504,0.6051,0.0,0.7,0.0119,0.0,816287772.0,0.0,8.74691529741548e-06,0.6289,1,0.016969540820652173,0.19112915,0.18869747,0.0,0.1886974722146988,train,High,Low
2909,Virginia,Montgomery,51121,49712.0,97227.0,46.013011152416354,2.5823,0.0347,6.0503,89.2331,1.4233,0.0,0.6228,0.0535,39.0,1001065264.0,40.11231448054553,9.712353779163794e-05,1.5115,1,0.016969540820652173,0.9975961,0.9979853,0.02283018959109603,0.975155113810851,train,High,High
2910,Virginia,New Kent,51127,75303.0,20051.0,25.958394211368542,3.9011,0.0092,6.9609,87.266,1.2018,0.0,0.6286,0.0324,1.0,543211673.0,4.987282429803999,3.6911946109817856e-05,1.2434,1,0.016969540820652173,0.963229,0.963498,0.0028385448431800108,0.9606594514870812,train,High,High
2911,Virginia,Cumberland,51049,37489.0,9769.0,15.124945199473917,3.4936,0.0,6.219,89.0857,0.5823,0.0,0.5946,0.0248,0.0,770419326.0,0.0,1.2680107663862005e-05,0.6071000000000001,1,0.016969540820652173,0.12728485,0.124629855,0.0,0.12462985515594482,test,High,Low
2912,Virginia,Dickenson,51051,31226.0,15304.0,10.712668658878927,4.5734,0.0069,9.0019,85.5694,0.2552,0.0,0.5863,0.0069,0.0,856108125.0,0.0,1.7876246648167252e-05,0.269,0,0.016969540820652173,0.015093149,0.012045722,0.0,0.0120457224547863,train,Low,Low
2913,Virginia,Halifax,51083,37001.0,35305.0,15.824942519622612,2.7598,0.0,6.5311,89.4594,0.3962,0.0,0.8424,0.0111,4.0,2117910304.0,11.32983996601048,1.666973333730001e-05,0.4073,0,0.016969540820652173,0.17414264,0.17165156,0.006448453493907652,0.1652031035939906,train,Low,Low
2914,Virginia,Loudoun,51107,125672.0,362435.0,58.84011887330289,2.1532,0.1216,5.9309,87.9904,3.3765,0.0,0.25,0.1774,168.0,1335802947.0,46.353139183577746,0.0002713237014590895,3.6755,1,0.016969540820652173,0.9987196,0.99911267,0.02638219632568931,0.9727304693275395,train,High,High
2915,Virginia,Prince William,51153,98546.0,443630.0,39.4509932523713,1.987,0.0395,5.8901,89.0462,2.6777,0.0,0.2671,0.0924,79.0,871319457.0,17.807632486531567,0.0005091473585674789,2.8096,1,0.016969540820652173,0.99831355,0.9987053,0.010135332032093387,0.9885699954787404,train,High,High
2916,Virginia,Southampton,51175,51032.0,18291.0,16.08884886687678,2.6545,0.0,8.4353,87.7914,0.4991,0.0,0.6143,0.0055,0.0,1551710647.0,0.0,1.1787635816872758e-05,0.5045999999999999,0,0.016969540820652173,0.28037235,0.27825284,0.0,0.27825284004211426,train,Low,Low
2917,Virginia,Highland,51091,44877.0,2230.0,22.414726583649163,9.1028,0.0,5.6117,83.6542,0.7504,0.0,0.8809,0.0,0.0,1075249033.0,0.0,2.0739381590311088e-06,0.7504,1,0.016969540820652173,0.154755,0.1521961,0.0,0.15219609439373016,train,High,Low
2918,Virginia,Caroline,51033,57294.0,29640.0,18.78728124229726,2.9042,0.0174,6.458,89.0016,1.0283,0.0,0.5628,0.0278,4.0,1366270754.0,13.49527665317139,2.1694089486453284e-05,1.0735000000000001,1,0.016969540820652173,0.8271265,0.82691944,0.007680926133684535,0.8192385103210884,train,High,High
2919,Virginia,Gloucester,51073,62878.0,37021.0,22.550691680879286,3.9001,0.0,6.9772,87.3164,1.2659,0.0,0.5053,0.035,2.0,564116915.0,5.402339212879177,6.562646681140557e-05,1.3009,1,0.016969540820652173,0.9326862,0.9328484,0.003074777161643522,0.9297736167554402,train,High,High
2920,Virginia,Patrick,51141,35999.0,18180.0,13.600352112676056,4.3449,0.0051,5.49,88.6418,0.4703,0.0,1.0377,0.0102,3.0,1250857870.0,16.501650165016503,1.4534025356533913e-05,0.4856,0,0.016969540820652173,0.110219456,0.10750477,0.009392023539703368,0.09811274662001801,train,Low,Low
2921,Virginia,Powhatan,51145,77684.0,28286.0,28.497206156259193,4.1241,0.0033,7.2658,86.975,0.9329,0.0,0.656,0.0429,0.0,674021194.0,0.0,4.1966039423976925e-05,0.9791,1,0.016969540820652173,0.9704779,0.97077227,0.0,0.9707722663879395,train,High,High
2922,Virginia,Shenandoah,51171,50450.0,42857.0,19.43003501491376,4.549,0.0043,6.287,87.5612,0.7832,0.0,0.7982,0.0172,13.0,1316396308.0,30.33343444478148,3.255630522476367e-05,0.8047,1,0.016969540820652173,0.91253257,0.91262424,0.01726447521893346,0.8953597647026363,train,High,High
2923,Virginia,Fauquier,51061,91221.0,68025.0,33.54333756208743,5.1657,0.037,7.4295,84.2574,2.482,0.0,0.5543,0.0741,12.0,1677424261.0,17.640573318632853,4.0553246773387406e-05,2.5931,1,0.016969540820652173,0.9958823,0.9962655,0.010040249199665252,0.9862252217819326,train,High,High
2924,Virginia,Staunton,51790,42948.0,24234.0,33.66993652625505,3.3303,0.008,5.2384,89.4993,1.3146,0.0,0.6015,0.008,11.0,51705587.0,45.39077329371957,0.0004686920970455282,1.3306,1,0.016969540820652173,0.99455464,0.9949332,0.025834459402353162,0.9690987285592252,train,High,High
2925,Virginia,Fluvanna,51065,66425.0,26046.0,31.005405405405405,3.0643,0.0119,5.9699,88.8382,1.6235,0.0,0.4684,0.0238,1.0,740762872.0,3.839361130307917,3.5161049486292286e-05,1.6592,1,0.016969540820652173,0.9866883,0.9870394,0.0021851978288644097,0.9848541893972403,test,High,High
2926,Virginia,Amelia,51007,58269.0,12793.0,14.07440609592111,5.0816,0.0069,7.6121,86.1885,0.4663,0.0,0.6103,0.0343,0.0,920142764.0,0.0,1.3903277296217481e-05,0.5075000000000001,0,0.016969540820652173,0.14268962,0.1400885,0.0,0.1400884985923767,train,Low,Low
2927,Virginia,Radford,51750,31457.0,17186.0,34.08635209196632,2.1455,0.0089,6.4545,89.7729,1.1353,0.0,0.4738,0.0089,3.0,25567010.0,17.45606889328523,0.0006721943629700931,1.1530999999999998,1,0.016969540820652173,0.97064006,0.970935,0.009935237283358966,0.9609997497848173,train,High,High
2928,Virginia,Winchester,51840,46466.0,27349.0,31.271078675291648,1.8278,0.0119,5.5826,90.4445,1.4353,0.0,0.6542,0.0436,11.0,23918428.0,40.22084902555852,0.0011434279878259558,1.4908000000000001,1,0.016969540820652173,0.9948828,0.99526256,0.022891962746594993,0.9723706004820122,test,High,High
2929,Virginia,Accomack,51001,38503.0,33060.0,18.335429769392032,2.1564,0.1229,6.8321,89.3115,0.8397,0.0,0.7198,0.0176,7.0,1163701471.0,21.17362371445856,2.840934795037309e-05,0.9802,1,0.016969540820652173,0.82701594,0.8268085,0.012051108244229185,0.8147574039666168,train,High,High
2930,Virginia,Craig,51045,40500.0,5195.0,12.952188211484946,4.6878,0.0,5.3874,88.8753,0.5248,0.0,0.4898,0.035,0.0,853490643.0,0.0,6.086768545862078e-06,0.5598000000000001,1,0.016969540820652173,0.06174462,0.058860373,0.0,0.05886037275195122,test,High,Low
2931,Virginia,Floyd,51063,47288.0,15587.0,17.71663892052922,4.9002,0.0161,5.7124,87.9296,0.7208,0.0,0.6885,0.0323,4.0,986590279.0,25.662410983511904,1.5798858281675813e-05,0.7692,1,0.016969540820652173,0.744638,0.7441424,0.014605931263386775,0.7295364818759564,train,High,High
2932,Virginia,Giles,51071,47675.0,16871.0,15.857605177993527,3.8625,0.0,6.8885,88.0932,0.3892,0.0,0.7493,0.0174,1.0,921560259.0,5.9273309228854245,1.8306996026832793e-05,0.40659999999999996,0,0.016969540820652173,0.41418165,0.41253018,0.0033735796722543063,0.40915660411985993,train,Low,Low
2933,Virginia,Grayson,51077,31002.0,15180.0,10.658745413244802,5.5336,0.0,6.0863,87.1114,0.4397,0.0,0.8291,0.0,0.0,1145336445.0,0.0,1.3253747461079002e-05,0.4397,0,0.016969540820652173,0.016681973,0.013640105,0.0,0.013640104793012142,train,Low,Low
2934,Virginia,Nottoway,51135,36849.0,15641.0,15.240690281562216,3.446,0.0067,7.4005,87.9558,0.5018,0.0,0.6892,0.0,1.0,814265581.0,6.393453104021481,1.9208720551335696e-05,0.5085000000000001,0,0.016969540820652173,0.12259275,0.11992134,0.003638876200409334,0.11628246533801992,train,Low,Low
2935,Virginia,Rappahannock,51157,58026.0,7416.0,32.420826623725176,6.2347,0.0213,6.5113,84.7111,1.7129,0.0,0.766,0.0426,3.0,689883409.0,40.45307443365696,1.0749642480531084e-05,1.7768000000000002,1,0.016969540820652173,0.7665841,0.76616526,0.023024135376457283,0.7431411211237868,train,High,High
2936,Virginia,Charles City,51036,54167.0,7086.0,12.736281886584694,3.4359,0.0102,6.4117,88.5469,0.8079,0.0,0.7669,0.0205,0.0,473493984.0,0.0,1.4965343255554436e-05,0.8385999999999999,1,0.016969540820652173,0.16240947,0.15987733,0.0,0.15987733006477356,train,High,Low
2937,Virginia,Culpeper,51047,66160.0,48952.0,22.32635060639471,4.5992,0.0124,6.7859,86.4178,1.669,0.0,0.4846,0.0311,4.0,982231663.0,8.171269815329302,4.9837530028799324e-05,1.7125,1,0.016969540820652173,0.95093507,0.9511611,0.004650732362363327,0.9465103541969323,train,High,High
2938,Virginia,Dinwiddie,51053,51579.0,28155.0,16.928835162611907,2.7339,0.0069,6.2869,89.7349,0.4355,0.0,0.7811,0.0207,0.0,1304626415.0,0.0,2.1580890649067535e-05,0.4631,0,0.016969540820652173,0.6194384,0.6185049,0.0,0.6185048818588257,test,Low,High
2939,Virginia,Greene,51079,61615.0,19085.0,24.423822925382215,3.3808,0.0251,5.3973,89.4111,1.0734,0.0,0.6822,0.0301,0.0,404411500.0,0.0,4.719203088932931e-05,1.1285999999999998,1,0.016969540820652173,0.96325487,0.963524,0.0,0.9635239839553833,train,High,High
2940,Virginia,Hanover,51085,81170.0,102199.0,36.67707538888809,3.2089,0.0242,7.3119,87.7804,1.0723,0.0,0.5737,0.0286,27.0,1213583003.0,26.419045196136953,8.42126164814126e-05,1.1251,1,0.016969540820652173,0.997556,0.997945,0.015036574639343488,0.9829084360227354,train,High,High
2941,Virginia,Lunenburg,51111,39911.0,12450.0,11.755658097121511,2.8504,0.0,7.1532,89.0222,0.2977,0.0,0.6675,0.009,0.0,1118063300.0,0.0,1.1135326595551433e-05,0.30670000000000003,0,0.016969540820652173,0.11517977,0.112482436,0.0,0.11248243600130081,test,Low,Low
2942,Virginia,Orange,51137,66990.0,34873.0,25.936787227109807,3.5871,0.0144,6.5875,87.7513,1.5246,0.0,0.5034,0.0316,4.0,882616762.0,11.470191838958506,3.951091968951299e-05,1.5706,1,0.016969540820652173,0.96246684,0.96273315,0.0065283356924385515,0.9562048138360648,train,High,High
2943,Virginia,Emporia,51595,27169.0,5565.0,15.328467153284672,0.9991,0.0,7.8381,90.4393,0.2929,0.0,0.4307,0.0,0.0,17871525.0,0.0,0.00031138920713257544,0.2929,0,0.016969540820652173,0.079262175,0.0764392,0.0,0.07643920183181763,train,Low,Low
2944,Virginia,Wythe,51197,42888.0,29171.0,16.590491447957405,5.0064,0.0034,7.2251,86.5935,0.4175,0.0,0.7474,0.0067,7.0,1196105331.0,23.996434815398857,2.4388320362732335e-05,0.4276,0,0.016969540820652173,0.67079085,0.670037,0.013657729887704119,0.6563792416813572,train,Low,High
2945,Virginia,Chesapeake,51550,69978.0,233194.0,30.375267655563675,2.359,0.0164,6.6246,89.3281,1.1981,0.0,0.4308,0.0429,29.0,876737780.0,12.435997495647399,0.000265979184791147,1.2573999999999999,1,0.016969540820652173,0.996347,0.9967319,0.007078030381860037,0.9896538469451053,train,High,High
2946,Virginia,Harrisonburg,51660,40494.0,51979.0,36.24816417258762,2.8682,0.0303,5.4826,89.1589,1.7926,0.0,0.6233,0.0441,24.0,44889775.0,46.17249273745166,0.0011579251622446313,1.867,1,0.016969540820652173,0.9958735,0.9962567,0.026279380203821884,0.969977328894994,train,High,High
2947,Virginia,Albemarle,51003,70342.0,104287.0,51.533716048324905,2.4815,0.0602,4.7766,89.7664,2.4513,0.0,0.3886,0.0753,27.0,1866869125.0,25.890091765991926,5.586197693424278e-05,2.5867999999999998,1,0.016969540820652173,0.9970425,0.9974298,0.014735517289463356,0.9826942708231771,train,High,High
2948,Virginia,Bedford,51019,56725.0,76933.0,27.80359411871483,3.302,0.0179,6.3883,88.7713,0.9176,0.0,0.5672,0.0357,6.0,1968134064.0,7.798993929783059,3.908930870473466e-05,0.9712,1,0.016969540820652173,0.9856511,0.9859985,0.004438849075216285,0.9815596622391758,train,High,High
2949,Virginia,Buckingham,51029,43514.0,17030.0,11.902446929184897,3.2127,0.0,6.5542,89.1284,0.5693,0.0,0.5354,0.0,0.0,1501303549.0,0.0,1.1343475482585435e-05,0.5693,1,0.016969540820652173,0.1847794,0.18232551,0.0,0.18232551217079163,train,High,Low
2950,Virginia,Wise,51195,36352.0,40074.0,14.424658513909746,3.0987,0.0,8.6564,87.3296,0.3558,0.0,0.548,0.0115,2.0,1044260769.0,4.990767080900334,3.837547209436535e-05,0.3673,0,0.016969540820652173,0.41382432,0.4121716,0.0028405281554425518,0.40933107409370295,train,Low,Low
2951,Virginia,Covington,51580,34703.0,5650.0,11.2697603263641,3.5381,0.0,7.4238,88.1377,0.2211,0.0,0.6792,0.0,1.0,14163308.0,17.699115044247787,0.00039891810585493165,0.2211,0,0.016969540820652173,0.274825,0.2726861,0.01007356861072609,0.2626125254349129,train,Low,Low
2952,Virginia,Portsmouth,51740,47050.0,96071.0,21.07195185354403,1.3829,0.0121,5.8949,91.496,0.6807,0.0,0.5173,0.0161,7.0,86247836.0,7.2862778570015925,0.001113894614121101,0.7089,1,0.016969540820652173,0.9274882,0.9276322,0.004147033324876569,0.9234851793139784,train,High,High
2953,Washington,Okanogan,53047,41158.0,41299.0,18.42132812227379,9.3842,0.0064,5.3882,83.8268,0.6823,0.0,0.6865,0.0255,17.0,13639258855.0,41.16322429114506,3.0279504509044674e-06,0.7142,1,-0.13163738802890626,0.94895303,0.9491721,0.02342832187365895,0.9257437576894819,train,High,High
2954,Washington,Kittitas,53037,47898.0,42785.0,34.655940014059205,9.7538,0.0342,5.8308,82.5373,0.9722,0.0,0.8375,0.0342,18.0,5949981163.0,42.07081921234077,7.190779067681563e-06,1.0406,1,-0.13163738802890626,0.9921698,0.99254,0.0239448855372407,0.9685951163319609,test,High,High
2955,Washington,Benton,53005,61147.0,187519.0,29.412839313443,5.4005,0.077,5.9353,86.6117,1.3494,0.0,0.5605,0.0656,68.0,4402476320.0,36.262992016808965,4.259398265201799e-05,1.492,1,-0.13163738802890626,0.9989021,0.9992959,0.020639322203301873,0.9786565681279664,train,High,High
2956,Washington,Clark,53011,62879.0,450893.0,27.882665990876838,4.512,0.1649,4.5197,88.0643,2.1582,0.0,0.4822,0.0987,119.0,1627604459.0,26.392070846076564,0.00027702860944300227,2.4217999999999997,1,-0.13163738802890626,0.99889106,0.9992848,0.015021222009260924,0.9842635818580792,test,High,High
2957,Washington,Asotin,53003,45550.0,22113.0,21.014170426383682,7.6464,0.0294,5.1547,85.2947,1.0427,0.0,0.8175,0.0147,3.0,1647443944.0,13.5666802333469,1.3422611482797742e-05,1.0868,1,-0.13163738802890626,0.9174462,0.91755503,0.007721565954497681,0.9098334682061163,test,High,High
2958,Washington,Adams,53001,47554.0,19100.0,13.787835386231261,6.2976,0.0096,6.6424,85.6568,0.5747,0.0,0.8141,0.0048,6.0,4985663377.0,31.413612565445025,3.830984676605454e-06,0.5891000000000001,1,-0.13163738802890626,0.55055666,0.5493822,0.017879265754115938,0.5315029440237161,train,High,High
2959,Washington,Garfield,53023,51395.0,2231.0,24.19648271679806,14.2467,0.0,6.128,77.7518,0.6635,0.0,1.21,0.0,0.0,1841054914.0,0.0,1.211805244392618e-06,0.6635,1,-0.13163738802890626,0.5928083,0.5917816,0.0,0.5917816162109375,train,High,High
2960,Washington,Mason,53045,51764.0,61060.0,18.566505549588257,5.8463,0.0652,4.4507,87.3254,1.5669,0.0,0.6743,0.0712,8.0,2484806996.0,13.101867016049786,2.45733371236854e-05,1.7032999999999998,1,-0.13163738802890626,0.9601519,0.9604102,0.007457014431785444,0.9529531632758866,train,High,High
2961,Washington,Skagit,53057,56433.0,120475.0,24.715503699351267,5.8053,0.0807,4.4295,87.3598,1.7373,0.0,0.5281,0.0594,50.0,4481039429.0,41.50238638721727,2.6885503220596633e-05,1.8774,1,-0.13163738802890626,0.99608433,0.99646825,0.02362135822809812,0.9728468877550257,train,High,High
2962,Washington,Stevens,53065,44115.0,43744.0,18.043899289864427,8.6269,0.0167,4.4979,85.1758,0.7598,0.0,0.8859,0.0371,5.0,6416413110.0,11.430138990490125,6.817516149610885e-06,0.8136000000000001,1,-0.13163738802890626,0.87578607,0.87574923,0.006505539348322331,0.8692436910365043,train,High,High
2963,Washington,Spokane,53063,50550.0,485859.0,28.742403020709144,4.5011,0.0567,5.9867,87.6571,1.1601,0.0,0.5937,0.0447,165.0,4568578482.0,33.960470012904985,0.00010634795963651785,1.2614999999999998,1,-0.13163738802890626,0.9989531,0.99934703,0.01932882654710399,0.9800182045693816,train,High,High
2964,Washington,Lincoln,53043,47676.0,10326.0,21.975671701644163,11.2339,0.0072,5.6277,81.2289,0.5886,0.0,1.3064,0.0072,5.0,5984258955.0,48.421460391245404,1.7255269328497834e-06,0.603,1,-0.13163738802890626,0.8530384,0.85292196,0.0275593950467763,0.8253625676912608,train,High,High
2965,Washington,Chelan,53007,51845.0,74761.0,25.311104020421187,5.608,0.0853,5.0661,87.5624,1.0825,0.0,0.5557,0.0401,48.0,7565816081.0,64.20459865437861,9.881419162137309e-06,1.2079,1,-0.13163738802890626,0.9913145,0.9916817,0.036542472776299344,0.9551392222081367,train,High,High
2966,Washington,Jefferson,53031,50928.0,30333.0,38.780735622840886,6.502,0.2576,3.231,86.3177,2.9791,0.0,0.5666,0.146,14.0,4671790710.0,46.154353344542244,6.49279941737801e-06,3.3827,1,-0.13163738802890626,0.9900125,0.9903752,0.026269056048146694,0.9641061647274576,train,High,High
2967,Washington,Kitsap,53035,65017.0,257488.0,31.15075875762303,4.5375,0.2389,4.3769,88.0504,2.1538,0.0,0.5358,0.1067,79.0,1023380594.0,30.681041446591685,0.0002516053182067668,2.4994,1,-0.13163738802890626,0.9992544,0.99964947,0.017462318047433627,0.9821871470366423,test,High,High
2968,Washington,King,53033,78800.0,2079550.0,49.05555525213411,2.7318,0.5128,4.2366,88.2426,3.7091,0.0,0.3605,0.2068,1547.0,5479358152.0,74.39109422711644,0.0003795243790079594,4.4287,1,-0.13163738802890626,0.9995832,0.9999793,0.042340184232397354,0.9576391329558656,train,High,High
2969,Washington,Pacific,53049,38387.0,20743.0,17.03689639896209,5.9669,0.029,4.8896,86.9556,1.4834,0.0,0.6464,0.029,5.0,2415875255.0,24.104517186520752,8.5861221340255e-06,1.5413999999999999,1,-0.13163738802890626,0.78141546,0.78104854,0.013719245685436629,0.7673292906152226,train,High,High
2970,Washington,Pend Oreille,53051,46036.0,13001.0,18.6964696051807,8.119,0.006,4.463,85.9303,0.6505,0.0,0.8252,0.006,1.0,3626630102.0,7.691716021844473,3.5848707020962128e-06,0.6625,1,-0.13163738802890626,0.5519456,0.550776,0.004377791143035336,0.5463982136482244,train,High,High
2971,Washington,San Juan,53055,58029.0,16056.0,47.01475245230555,6.1323,0.5144,3.2659,86.7915,2.2722,0.0,0.8689,0.1548,20.0,450428674.0,124.5640259093174,3.564604326233458e-05,2.9414,1,-0.13163738802890626,0.99795425,0.9983447,0.07089644077055607,0.9274482786393865,train,High,High
2972,Washington,Skamania,53059,53082.0,11316.0,22.72170504654581,7.2847,0.0672,3.8886,86.7294,1.433,0.0,0.5449,0.0522,3.0,4294875667.0,26.511134676564158,2.6347677738257564e-06,1.5524,1,-0.13163738802890626,0.9264558,0.92659616,0.015088987977360128,0.911507176726009,train,High,High
2973,Washington,Whitman,53075,38636.0,47494.0,49.79930191972077,7.0123,0.0578,6.4664,83.9682,1.6924,0.0,0.7567,0.0462,19.0,5592428647.0,40.00505326988672,8.49255359305794e-06,1.7964,1,-0.13163738802890626,0.99439996,0.994778,0.022769141162282514,0.9720088363043007,train,High,High
2974,Washington,Yakima,53077,45700.0,247681.0,15.273375727600014,4.3228,0.0142,5.6934,88.6088,0.714,0.0,0.627,0.0198,43.0,11122757385.0,17.361041016468764,2.226794952248255e-05,0.748,1,-0.13163738802890626,0.91585517,0.91595846,0.009881151537566076,0.9060773126080943,train,High,High
2975,Washington,Clallam,53009,47180.0,72969.0,24.25655976676385,6.6303,0.1084,3.8132,86.7903,1.9816,0.0,0.6031,0.0731,39.0,4503153139.0,53.44735435595938,1.620397924468631e-05,2.1631,1,-0.13163738802890626,0.9923124,0.9926831,0.030419915900909887,0.9622631967203975,train,High,High
2976,Washington,Cowlitz,53015,49127.0,102854.0,15.858098382863433,6.0302,0.0471,4.9279,87.1225,1.1767,0.0,0.6571,0.0386,10.0,2953717906.0,9.72251929920081,3.4821876453086035e-05,1.2624,1,-0.13163738802890626,0.9213349,0.9214574,0.0055336362854728465,0.9159237735732307,train,High,High
2977,Washington,Ferry,53019,39555.0,7639.0,18.064516129032256,10.5345,0.0222,4.0338,84.0093,0.6445,0.0,0.7556,0.0,0.0,5706360691.0,0.0,1.338681589484544e-06,0.6667,1,-0.13163738802890626,0.48498628,0.48358247,0.0,0.483582466840744,train,High,Low
2978,Washington,Lewis,53041,44526.0,75724.0,15.50995775497888,7.1435,0.0499,4.7519,86.0158,1.2242,0.0,0.7798,0.0348,30.0,6223242260.0,39.61755850192805,1.2167933825542572e-05,1.3089,1,-0.13163738802890626,0.93068045,0.9308356,0.022548595947362422,0.9082870087203011,train,High,High
2979,Washington,Douglas,53017,53758.0,40101.0,17.697456492637215,5.9886,0.0595,5.3566,87.0262,0.8626,0.0,0.6593,0.0471,8.0,4711869328.0,19.94962719134186,8.510634996115495e-06,0.9692000000000001,1,-0.13163738802890626,0.8766135,0.8765795,0.011354462512276982,0.8652250605742708,train,High,High
2980,Washington,Island,53029,60261.0,80113.0,31.692013556965325,5.8019,0.1132,4.5472,86.5416,2.3635,0.0,0.5065,0.1261,14.0,539622439.0,17.47531611598617,0.00014846120956063505,2.6028000000000002,1,-0.13163738802890626,0.9980393,0.9984301,0.009946191967701044,0.9884838812935599,test,High,High
2981,Washington,Pierce,53053,61468.0,832896.0,25.400335809338543,3.8537,0.1178,5.2182,88.3213,1.8732,0.0,0.5215,0.0943,189.0,4321389830.0,22.691908713692946,0.00019273799235094697,2.0852999999999997,1,-0.13163738802890626,0.99793446,0.9983248,0.01291525021246813,0.9854095612461196,test,High,High
2982,Washington,Franklin,53021,58284.0,87810.0,15.81479254359591,5.2969,0.0375,6.2027,87.0311,0.8852,0.0,0.497,0.0496,22.0,3215718028.0,25.054094066734994,2.730649865299695e-05,0.9722999999999999,1,-0.13163738802890626,0.91909796,0.9192126,0.014259703659187483,0.9049528760679854,test,High,High
2983,Washington,Walla Walla,53071,48705.0,59809.0,28.578014547689783,6.1404,0.0357,5.1029,86.584,1.389,0.0,0.7123,0.0357,29.0,3289366722.0,48.48768579979602,1.818252723236494e-05,1.4604000000000001,1,-0.13163738802890626,0.9946996,0.9950787,0.02759708767689595,0.9674815952225791,train,High,High
2984,Washington,Whatcom,53073,54207.0,209729.0,32.630562484911884,5.509,0.1927,4.0419,87.488,2.1655,0.0,0.5371,0.0659,94.0,5459395531.0,44.81974357385006,3.8416157761257474e-05,2.4241,1,-0.13163738802890626,0.9990785,0.9994729,0.025509454053357552,0.9739634620728936,train,High,High
2985,Washington,Thurston,53067,62854.0,266311.0,33.303102055002824,4.2904,0.1734,5.5984,86.1215,3.1881,0.0,0.5063,0.1219,98.0,1871151578.0,36.7990807739823,0.00014232465350810827,3.4834,1,-0.13163738802890626,0.99934584,0.99974114,0.02094444067184245,0.978796696355898,train,High,High
2986,Washington,Columbia,53013,42083.0,3971.0,25.413991213247716,11.6353,0.0,5.6022,80.7213,0.7938,0.0,1.2248,0.0227,3.0,2249624737.0,75.54772097708386,1.7651832924346084e-06,0.8165,1,-0.13163738802890626,0.87498456,0.8749449,0.042998486011535435,0.8319464392966921,test,High,High
2987,Washington,Klickitat,53039,49633.0,20930.0,24.417446723760207,10.1615,0.0938,4.1714,83.5019,1.2845,0.0,0.7258,0.0612,8.0,4847516018.0,38.22264691829909,4.317675263430145e-06,1.4394999999999998,1,-0.13163738802890626,0.9635009,0.96377087,0.021754672776149987,0.942016193617893,test,High,High
2988,Washington,Grays Harbor,53027,44521.0,71233.0,15.306765377648263,5.3077,0.052,5.1769,87.3754,1.3807,0.0,0.6721,0.0352,16.0,4924343587.0,22.4614995858661,1.4465481285272469e-05,1.4679,1,-0.13163738802890626,0.8735507,0.873506,0.012784111330558005,0.8607218982481468,train,High,High
2989,Washington,Wahkiakum,53069,48116.0,4051.0,15.071614583333334,9.5033,0.0,4.9667,83.1864,1.376,0.0,0.946,0.0215,3.0,680956787.0,74.0557886941496,5.948982486608214e-06,1.3975,1,-0.13163738802890626,0.45714027,0.45563906,0.04214934286640514,0.41348972144557605,train,High,Low
2990,Washington,Grant,53025,50145.0,92530.0,15.616146669794468,6.6355,0.0239,6.1012,85.7497,0.8206,0.0,0.6463,0.0228,15.0,6939865658.0,16.21095860801902,1.333311112346031e-05,0.8673000000000001,1,-0.13163738802890626,0.80990666,0.8096394,0.009226574513768897,0.8004128197695258,train,High,High
2991,Washington,Snohomish,53061,73528.0,758649.0,30.59832030118737,4.0237,0.2258,4.5878,88.4208,2.2054,0.0,0.4282,0.1084,153.0,5404201031.0,20.16742920639189,0.00014038134326391235,2.5396,1,-0.13163738802890626,0.9987777,0.9991711,0.01147842597240907,0.9876926522326995,train,High,High
2992,West Virginia,Grant,54023,38703.0,11770.0,14.009831460674157,5.4034,0.0162,7.2181,86.4145,0.1944,0.0,0.7453,0.0081,1.0,1236390684.0,8.496176720475786,9.519644682149676e-06,0.21869999999999998,0,-0.08918068752173912,0.03664936,0.033677336,0.004835655280425013,0.028841680548117695,train,Low,Low
2993,West Virginia,Hampshire,54027,32177.0,23455.0,11.353427895981087,4.6361,0.0085,5.7518,88.1878,0.4437,0.0,0.9593,0.0127,3.0,1658614732.0,12.790449797484545,1.4141318985945194e-05,0.4649,0,-0.08918068752173912,0.007981045,0.0049087424,0.007279769258230962,-0.002371026875108518,train,Low,Low
2994,West Virginia,Brooke,54009,46265.0,23473.0,19.839715048975958,2.0352,0.0,8.1601,88.7239,0.4382,0.0,0.6329,0.0097,0.0,231034166.0,0.0,0.0001015996915365323,0.44789999999999996,0,-0.08918068752173912,0.26959804,0.26744083,0.0,0.2674408257007599,train,Low,Low
2995,West Virginia,Doddridge,54017,39381.0,8363.0,14.819175777964677,4.7357,0.0,9.0195,85.3606,0.1179,0.0,0.7664,0.0,0.0,828070519.0,0.0,1.0099381403046906e-05,0.1179,0,-0.08918068752173912,0.03130376,0.028313033,0.0,0.028313033282756805,train,Low,Low
2996,West Virginia,Hardy,54031,39840.0,13942.0,14.659325533379217,4.5433,0.0,6.6486,87.6808,0.3192,0.0,0.8014,0.0068,3.0,1508194649.0,21.51771625304834,9.244164875697024e-06,0.32599999999999996,0,-0.08918068752173912,0.071608424,0.06875868,0.012246950792698838,0.0565117306238127,test,Low,Low
2997,West Virginia,Marion,54049,46430.0,56716.0,21.818228537657063,3.0301,0.0041,8.3503,87.4396,0.4523,0.0,0.7113,0.0123,2.0,799642461.0,3.526341773044644,7.092669882621454e-05,0.46869999999999995,0,-0.08918068752173912,0.4780882,0.47666025,0.002007040787453361,0.4746532108299783,train,Low,Low
2998,West Virginia,Mingo,54059,32441.0,25549.0,9.917722926395376,2.4491,0.0051,10.5432,86.1237,0.2185,0.0,0.6605,0.0,0.0,1095914381.0,0.0,2.331295258365626e-05,0.2236,0,-0.08918068752173912,0.005268703,0.002186913,0.0,0.0021869130432605743,train,Low,Low
2999,West Virginia,Hancock,54029,40316.0,30024.0,18.163699778049555,1.9807,0.0088,8.3075,88.5976,0.3935,0.0,0.703,0.0088,1.0,213957141.0,3.3306687982946976,0.0001403271695428011,0.41109999999999997,0,-0.08918068752173912,0.22568576,0.22337496,0.0018956722172462832,0.22147929058945537,train,Low,Low
3000,West Virginia,Marshall,54051,44464.0,32296.0,16.131105398457585,3.3068,0.0,10.2972,85.377,0.2692,0.0,0.7344,0.0154,2.0,791063503.0,6.192717364379489,4.082605236813713e-05,0.2846,0,-0.08918068752173912,0.2733026,0.27115837,0.0035246261240155065,0.2676337412713855,train,Low,Low
3001,West Virginia,Nicholas,54067,39901.0,25743.0,15.28539180909384,4.6122,0.0,10.3229,83.9539,0.1761,0.0,0.935,0.0,3.0,1675296013.0,11.653653420347279,1.5366239637794686e-05,0.1761,0,-0.08918068752173912,0.08235116,0.079539,0.006632754067195246,0.07290624692081135,train,Low,Low
3002,West Virginia,Tucker,54093,43529.0,6922.0,14.205859676175791,4.6918,0.0,8.9593,85.0137,0.4243,0.0,0.9109,0.0,7.0,1085094884.0,101.12684195319272,6.37916563985938e-06,0.4243,0,-0.08918068752173912,0.044634312,0.041690215,0.057557012215287036,-0.01586679674688036,train,Low,Low
3003,West Virginia,Tyler,54095,38674.0,9000.0,13.744075829383887,4.0896,0.0129,10.0815,84.4442,0.3753,0.0,0.9965,0.0,0.0,663797704.0,0.0,1.355834758958431e-05,0.38820000000000005,0,-0.08918068752173912,0.03200507,0.0290168,0.0,0.029016800224781036,test,Low,Low
3004,West Virginia,Roane,54087,34144.0,14513.0,11.683915272270045,6.5914,0.0077,8.5734,83.6829,0.2305,0.0,0.9142,0.0,0.0,1252422377.0,0.0,1.1587943705352688e-05,0.23820000000000002,0,-0.08918068752173912,0.023339609,0.020321026,0.0,0.02032102644443512,train,Low,Low
3005,West Virginia,Taylor,54091,44371.0,16949.0,18.523347730421317,3.9386,0.0157,8.2687,86.4302,0.3837,0.0,0.9631,0.0,1.0,447475066.0,5.900053100477905,3.787697078075854e-05,0.3994,0,-0.08918068752173912,0.3480197,0.34613678,0.003358054318874412,0.34277872427418893,train,Low,Low
3006,West Virginia,Wood,54107,43944.0,86262.0,20.261213547796523,3.1153,0.0082,8.2833,86.9565,0.7661,0.0,0.8417,0.0288,11.0,948609299.0,12.751849018107626,9.093522495608595e-05,0.8031,1,-0.08918068752173912,0.57531995,0.5742321,0.007257799368860292,0.5669743020715694,train,High,High
3007,West Virginia,Gilmer,54021,37286.0,8497.0,15.980066445182725,5.642,0.0,9.2719,83.8,0.3111,0.0,0.9542,0.0207,1.0,876717634.0,11.768859597505003,9.69183197699888e-06,0.3318,0,-0.08918068752173912,0.036191843,0.033218216,0.006698324426338991,0.02651989172466008,train,Low,Low
3008,West Virginia,Mason,54053,37322.0,27060.0,11.367837338262476,4.6278,0.0,8.7174,85.3189,0.3941,0.0,0.9371,0.0048,0.0,1115633279.0,0.0,2.425528218757985e-05,0.39890000000000003,0,-0.08918068752173912,0.02356923,0.02055145,0.0,0.020551450550556183,train,Low,Low
3009,West Virginia,Monroe,54063,35995.0,13496.0,13.361590473307094,5.7604,0.0,7.8422,85.1843,0.3757,0.0,0.8374,0.0,0.0,1224422315.0,0.0,1.1022340768103365e-05,0.3757,0,-0.08918068752173912,0.021876633,0.018852934,0.0,0.01885293424129486,train,Low,Low
3010,West Virginia,Pleasants,54073,45191.0,7612.0,13.45875542691751,3.7078,0.0,9.813,85.5202,0.3676,0.0,0.5754,0.016,0.0,336965607.0,0.0,2.2589842529537443e-05,0.3836,0,-0.08918068752173912,0.09080719,0.0880246,0.0,0.08802460134029388,train,Low,Low
3011,West Virginia,Cabell,54011,37760.0,96623.0,26.13901415020992,2.3192,0.0114,8.2978,87.8891,0.912,0.0,0.5592,0.0114,6.0,727838071.0,6.209701623836975,0.0001327534294369166,0.9348,1,-0.08918068752173912,0.5000172,0.498666,0.003534292827832032,0.49513169561744996,train,High,High
3012,West Virginia,Jefferson,54037,69753.0,55531.0,29.88591138232953,3.7799,0.0199,6.0542,87.8239,1.7047,0.0,0.5218,0.0956,9.0,543006593.0,16.207163566296302,0.00010226579329949314,1.8202,1,-0.08918068752173912,0.9404241,0.9406133,0.009224414540624545,0.9313889148699285,train,High,High
3013,West Virginia,Logan,54045,37262.0,35166.0,8.890469416785205,2.254,0.0037,10.4478,86.3599,0.3589,0.0,0.5607,0.015,6.0,1175209778.0,17.061934823408976,2.99231683213582e-05,0.3776,0,-0.08918068752173912,0.017149674,0.014109441,0.009710913265757107,0.004398527813442207,train,Low,Low
3014,West Virginia,Pendleton,54071,37035.0,7291.0,14.591724642987916,6.5878,0.0,5.9778,86.2755,0.3172,0.0,0.8296,0.0122,0.0,1802751456.0,0.0,4.0443733803313595e-06,0.32939999999999997,0,-0.08918068752173912,0.018814683,0.015780274,0.0,0.01578027382493019,test,Low,Low
3015,West Virginia,Harrison,54033,44845.0,68775.0,21.566336674250344,3.7821,0.0081,9.0544,86.0362,0.3693,0.0,0.737,0.013,8.0,1077454917.0,11.632133769538349,6.38309769762738e-05,0.3904,0,-0.08918068752173912,0.683906,0.683198,0.006620506015337248,0.6765774691433541,test,Low,High
3016,West Virginia,Ohio,54069,41986.0,43257.0,30.119012296838427,2.1213,0.0144,8.7583,87.8298,0.6927,0.0,0.549,0.0345,13.0,274098955.0,30.052939408650623,0.00015781526784733638,0.7415999999999999,1,-0.08918068752173912,0.92789984,0.9280453,0.017104829610417534,0.910940443216731,train,High,High
3017,West Virginia,Calhoun,54013,39384.0,7482.0,11.90957544569013,6.9833,0.0,7.2802,84.436,0.3675,0.0,0.933,0.0,0.0,723252434.0,0.0,1.0344935804253374e-05,0.3675,0,-0.08918068752173912,0.02079776,0.017770287,0.0,0.01777028664946556,train,Low,Low
3018,West Virginia,Morgan,54065,43234.0,17514.0,17.663442940038685,4.5257,0.0064,5.0243,88.8711,0.7351,0.0,0.7607,0.0767,7.0,593295476.0,39.96802557953637,2.9519861027897e-05,0.8181999999999999,1,-0.08918068752173912,0.50453323,0.5031978,0.0227480666069554,0.4804497225852443,train,High,High
3019,West Virginia,Raleigh,54081,41533.0,78051.0,18.14965790938639,3.3888,0.0032,9.7714,85.6012,0.5656,0.0,0.6588,0.0111,7.0,1567864566.0,8.96849495842462,4.978172330224089e-05,0.5799,1,-0.08918068752173912,0.37855324,0.37677714,0.005104478335373241,0.3716726639509274,test,High,Low
3020,West Virginia,Putnam,54079,56640.0,56743.0,25.02006621852112,3.3576,0.0036,9.3185,85.8351,0.851,0.0,0.611,0.0233,10.0,895302287.0,17.623319175933595,6.337859382682444e-05,0.8779,1,-0.08918068752173912,0.8771696,0.8771376,0.01003042889001329,0.8671071724855666,train,High,High
3021,West Virginia,Barbour,54001,36733.0,16892.0,12.827707145988601,4.4282,0.0,8.438,85.9241,0.2359,0.0,0.9663,0.0076,0.0,883338731.0,0.0,1.9122902016168925e-05,0.2435,0,-0.08918068752173912,0.020970535,0.017943665,0.0,0.017943665385246277,train,Low,Low
3022,West Virginia,Mcdowell,54047,25206.0,20273.0,5.150043249717213,2.3021,0.0,8.6187,87.9503,0.1142,0.0,1.0147,0.0,1.0,1381646921.0,4.93266906723228,1.467306856177621e-05,0.1142,0,-0.08918068752173912,0.0032446296,0.00015575951,0.002807461285976541,-0.002651701776323688,test,Low,Low
3023,West Virginia,Wayne,54099,38311.0,41237.0,12.878657929946138,2.9292,0.0032,8.6608,87.3017,0.4117,0.0,0.684,0.0095,2.0,1310504122.0,4.850013337536678,3.1466516821837205e-05,0.4244,0,-0.08918068752173912,0.057933867,0.05503629,0.0027604172297015983,0.05227587425036279,train,Low,Low
3024,West Virginia,Jackson,54035,40949.0,29199.0,17.68100480093109,5.3573,0.0,9.3245,84.1081,0.3906,0.0,0.8157,0.0038,3.0,1202677932.0,10.274324463166547,2.4278320257729648e-05,0.39440000000000003,0,-0.08918068752173912,0.2482459,0.246014,0.005847699851084189,0.24016629913420634,train,Low,Low
3025,West Virginia,Summers,54089,35620.0,13325.0,14.780555008856524,4.6688,0.0,7.2763,86.8129,0.37,0.0,0.8633,0.0088,4.0,933901347.0,30.0187617260788,1.4268102345932262e-05,0.37879999999999997,0,-0.08918068752173912,0.066656396,0.06378933,0.01708537715590316,0.0467039532669751,test,Low,Low
3026,West Virginia,Greenbrier,54025,40026.0,35580.0,19.5824858973867,4.771,0.0093,8.0341,85.9341,0.4604,0.0,0.7787,0.0124,8.0,2640889622.0,22.484541877459247,1.3472732712340524e-05,0.4821,0,-0.08918068752173912,0.2341942,0.23191316,0.01279722600350813,0.2191159382544951,test,Low,Low
3027,West Virginia,Mineral,54057,36153.0,27606.0,12.36681493741595,3.87,0.0,6.986,88.0515,0.3039,0.0,0.7694,0.0192,2.0,849173056.0,7.244801854669276,3.250927452884233e-05,0.3231,0,-0.08918068752173912,0.027937004,0.024934504,0.004123426983308151,0.020811077197838472,train,Low,Low
3028,West Virginia,Lewis,54041,37827.0,16422.0,14.028564184906617,5.5801,0.0,9.9338,83.1739,0.3066,0.0,0.9995,0.0061,3.0,1002071716.0,18.26817683595177,1.6388048617470407e-05,0.3127,0,-0.08918068752173912,0.0503702,0.04744617,0.010397453900365802,0.037048715058774974,train,Low,Low
3029,West Virginia,Pocahontas,54075,36026.0,8620.0,16.205049732211172,5.3487,0.0,9.464,83.9769,0.3112,0.0,0.8761,0.0231,6.0,2435322188.0,69.60556844547563,3.539572727779048e-06,0.3343,0,-0.08918068752173912,0.055183012,0.052275814,0.03961647052246106,0.012659343593540068,train,Low,Low
3030,West Virginia,Randolph,54083,40308.0,29287.0,18.299602799319086,3.5442,0.0044,9.6773,85.7923,0.2686,0.0,0.7132,0.0,3.0,2692810850.0,10.243452726465668,1.087599598761272e-05,0.273,0,-0.08918068752173912,0.12747556,0.12482123,0.005830128997569134,0.11899110177158828,train,Low,Low
3031,West Virginia,Wirt,54105,38101.0,5826.0,9.652509652509652,5.2797,0.0,7.7534,85.6378,0.24,0.0,1.0707,0.0185,0.0,602201080.0,0.0,9.674509384805487e-06,0.2585,0,-0.08918068752173912,0.014466509,0.011416892,0.0,0.01141689158976078,train,Low,Low
3032,West Virginia,Clay,54015,33639.0,9033.0,10.11023622047244,3.5234,0.0,8.4998,86.548,0.2906,0.0,1.126,0.0121,0.0,885617251.0,0.0,1.0199665814775326e-05,0.3027,0,-0.08918068752173912,0.020323277,0.017294146,0.0,0.01729414612054825,train,Low,Low
3033,West Virginia,Monongalia,54061,47060.0,102827.0,39.165768172382165,2.727,0.0223,8.0902,87.6744,0.9838,0.0,0.4592,0.0431,18.0,932572492.0,17.50512997559007,0.0001102616696097015,1.0492,1,-0.08918068752173912,0.97325087,0.9735549,0.009963160723456323,0.9635917485058222,train,High,High
3034,West Virginia,Wetzel,54103,39446.0,15997.0,10.748844913259523,3.6011,0.007,9.6568,85.652,0.2602,0.0,0.8229,0.0,1.0,927380674.0,6.251172094767769,1.724965857979482e-05,0.2672,0,-0.08918068752173912,0.021864582,0.018840842,0.0035578960211666193,0.015282945927819435,train,Low,Low
3035,West Virginia,Kanawha,54039,46528.0,189636.0,25.18199648862476,2.4968,0.01,9.3364,86.8145,0.7361,0.0,0.5819,0.0243,21.0,2335215666.0,11.073846737961146,8.120706055592212e-05,0.7704,1,-0.08918068752173912,0.8938284,0.8938546,0.0063027532518227045,0.887551864820687,train,High,High
3036,West Virginia,Preston,54077,45221.0,33793.0,14.575422153995312,5.1,0.0067,8.7653,85.0645,0.3712,0.0,0.6755,0.0167,2.0,1680406633.0,5.918385464445299,2.0110013455296805e-05,0.39459999999999995,0,-0.08918068752173912,0.11787981,0.115191914,0.0033684883053059747,0.11182342583587215,train,Low,Low
3037,West Virginia,Ritchie,54085,40850.0,10044.0,10.388712131691797,5.3071,0.0,8.5288,84.6731,0.2711,0.0,1.2199,0.0,0.0,1170648311.0,0.0,8.57986118087006e-06,0.2711,0,-0.08918068752173912,0.027782217,0.024779174,0.0,0.024779174476861954,train,Low,Low
3038,West Virginia,Lincoln,54043,36232.0,21482.0,9.020960466967365,3.7558,0.0,9.1598,85.798,0.2871,0.0,0.982,0.0172,0.0,1131925075.0,0.0,1.8978287940127132e-05,0.3043,0,-0.08918068752173912,0.008857011,0.005787772,0.0,0.005787772126495838,train,Low,Low
3039,West Virginia,Braxton,54007,38092.0,14463.0,12.202580028666986,5.1009,0.0,9.1893,84.5738,0.1778,0.0,0.9583,0.0,3.0,1322996693.0,20.742584526031944,1.0932000114984414e-05,0.1778,0,-0.08918068752173912,0.046628457,0.043691337,0.011805779433852397,0.03188555767475966,train,Low,Low
3040,West Virginia,Boone,54005,37820.0,23645.0,8.689655172413794,2.7962,0.0,10.9233,85.0575,0.3558,0.0,0.8672,0.0,0.0,1298967375.0,0.0,1.8202920608379405e-05,0.3558,0,-0.08918068752173912,0.0138485385,0.010796759,0.0,0.010796759277582169,test,Low,Low
3041,West Virginia,Wyoming,54109,35469.0,22537.0,8.212440072224643,2.9041,0.0,10.5435,85.421,0.3382,0.0,0.7873,0.0058,3.0,1293577262.0,13.311443404179792,1.7422229550599507e-05,0.344,0,-0.08918068752173912,0.01140145,0.008341111,0.007576296221848836,0.0007648150209223128,train,Low,Low
3042,West Virginia,Mercer,54055,37255.0,61476.0,19.46455748743255,2.6817,0.0019,8.346,87.8147,0.3897,0.0,0.7621,0.0039,4.0,1085116214.0,6.506604203266315,5.665383965961087e-05,0.3955,0,-0.08918068752173912,0.21686816,0.21452652,0.0037032768983409725,0.21082324228100321,train,Low,Low
3043,West Virginia,Upshur,54097,42240.0,24632.0,18.561973525872443,4.0587,0.0,8.4831,85.7238,0.4798,0.0,1.2349,0.0197,1.0,918506895.0,4.059759662227996,2.6817436139115756e-05,0.4995,0,-0.08918068752173912,0.3042197,0.3021836,0.002310639113778922,0.29987295916617407,test,Low,Low
3044,West Virginia,Webster,54101,29982.0,8820.0,9.181761399125547,4.4434,0.0,8.8013,85.8398,0.1465,0.0,0.769,0.0,1.0,1433477403.0,11.337868480725625,6.152869924242538e-06,0.1465,0,-0.08918068752173912,0.008348303,0.0052772844,0.006453022976258777,-0.0011757385552320703,test,Low,Low
3045,West Virginia,Berkeley,54003,57148.0,110173.0,20.252336448598133,3.6639,0.0126,5.8347,88.8887,0.9362,0.0,0.6212,0.0428,9.0,831766637.0,8.168970618935674,0.00013245662316700976,0.9916,1,-0.08918068752173912,0.7351423,0.7346135,0.004649423759500256,0.7299640544242461,train,High,High
3046,West Virginia,Fayette,54019,37846.0,45192.0,13.161139193687585,3.0317,0.0,9.0276,86.7747,0.413,0.0,0.7277,0.0253,5.0,1713494053.0,11.063905115949726,2.6374179659904546e-05,0.43829999999999997,0,-0.08918068752173912,0.07891272,0.076088525,0.006297094911776688,0.06979143044308553,train,Low,Low
3047,Wisconsin,Dunn,55033,51787.0,44348.0,26.627240805766032,4.8427,0.0077,10.7181,83.233,0.8211,0.0,0.3494,0.0281,4.0,2201887880.0,9.019572472264814,2.0140898363998443e-05,0.8569000000000001,1,-0.12942399509547511,0.9800654,0.9803933,0.005133549440840841,0.9752597410788735,train,High,High
3048,Wisconsin,Grant,55043,49077.0,51723.0,21.337059599321737,6.1032,0.0064,12.5286,80.145,0.7907,0.0,0.3922,0.0339,5.0,2970368437.0,9.666879338012103,1.74129913837352e-05,0.831,1,-0.12942399509547511,0.9559554,0.95619893,0.0055019684328637556,0.9506969623074927,train,High,High
3049,Wisconsin,Sheboygan,55117,54392.0,115269.0,23.621840217350478,2.593,0.0077,10.65,85.5663,0.8421,0.0,0.3071,0.0338,12.0,1324200978.0,10.410431252114618,8.704796470857161e-05,0.8835999999999999,1,-0.12942399509547511,0.9931578,0.99353147,0.00592516593192644,0.987606299598469,train,High,High
3050,Wisconsin,Menominee,55078,37147.0,4457.0,16.46730462519936,2.8557,0.0,10.4539,86.2825,0.153,0.0,0.255,0.0,0.0,926201112.0,0.0,4.812129830394762e-06,0.153,0,-0.12942399509547511,0.24015895,0.23789877,0.0,0.23789876699447632,train,Low,Low
3051,Wisconsin,Buffalo,55011,52447.0,13256.0,18.192327903310563,5.6382,0.0064,11.1218,82.0815,0.6501,0.0,0.4827,0.0193,0.0,1739529647.0,0.0,7.620450748201591e-06,0.6758,1,-0.12942399509547511,0.5106445,0.50933045,0.0,0.5093304514884949,test,High,High
3052,Wisconsin,La Crosse,55063,51477.0,117538.0,32.470242904077125,2.3148,0.0291,10.5383,85.353,1.3843,0.0,0.3102,0.0703,33.0,1170030643.0,28.076026476543756,0.00010045719802571017,1.4837,1,-0.12942399509547511,0.99887043,0.99926406,0.015979656515083457,0.9832844049358748,train,High,High
3053,Wisconsin,Marathon,55073,54227.0,135367.0,23.93906068055376,3.2033,0.0086,11.2506,84.3724,0.8505,0.0,0.2864,0.0282,5.0,4001539250.0,3.693662414030007,3.382873228095913e-05,0.8873000000000001,1,-0.12942399509547511,0.9865143,0.98686475,0.0021022724390214157,0.9847624731778915,train,High,High
3054,Wisconsin,Trempealeau,55121,52438.0,29521.0,19.253428387543938,4.7647,0.0059,10.7637,83.365,0.6675,0.0,0.4124,0.0208,5.0,1898472856.0,16.93709562684191,1.5549866781977312e-05,0.6942,1,-0.12942399509547511,0.8632214,0.8631406,0.009639860209783274,0.8535007228285468,train,High,High
3055,Wisconsin,Dodge,55027,54111.0,88404.0,16.254641236393642,4.0334,0.0119,11.5272,83.3006,0.7465,0.0,0.3495,0.0309,5.0,2267985236.0,5.655852676349487,3.897908972102321e-05,0.7893000000000001,1,-0.12942399509547511,0.8616949,0.86160874,0.0032190660292861417,0.8583896776383164,test,High,High
3056,Wisconsin,Vilas,55125,41632.0,21373.0,26.811594202898554,4.4861,0.0121,11.7711,82.5266,0.8215,0.0,0.3745,0.0081,0.0,2221441176.0,0.0,9.621231581961097e-06,0.8417,1,-0.12942399509547511,0.92341983,0.9235496,0.0,0.9235495924949646,train,High,High
3057,Wisconsin,Manitowoc,55071,49613.0,80178.0,19.658913641701574,3.4369,0.0141,10.9436,84.5493,0.6841,0.0,0.3363,0.0358,6.0,1526427354.0,7.483349547257353,5.2526574415673106e-05,0.734,1,-0.12942399509547511,0.96858025,0.96886796,0.0042591979832823776,0.9646087596087282,train,High,High
3058,Wisconsin,Burnett,55013,42441.0,15259.0,18.520113704884142,4.1329,0.0,11.1533,83.7643,0.5808,0.0,0.363,0.0056,2.0,2127856271.0,13.107018808571992,7.171067053710791e-06,0.5864,1,-0.12942399509547511,0.7104208,0.7098055,0.007459946608637842,0.702345541977788,test,High,High
3059,Wisconsin,Door,55029,53980.0,27669.0,31.324907895350464,3.6249,0.0217,10.8315,83.8843,1.2259,0.0,0.3808,0.031,24.0,1248277392.0,86.7396725577361,2.216574631354054e-05,1.2786,1,-0.12942399509547511,0.9969932,0.9973803,0.04936845941719823,0.9480118568402786,test,High,High
3060,Wisconsin,Fond Du Lac,55039,56376.0,101968.0,21.92408655551614,3.0895,0.0096,11.4187,84.3247,0.7745,0.0,0.3383,0.0447,9.0,1863637591.0,8.826298446571473,5.471450055119649e-05,0.8288,1,-0.12942399509547511,0.9821786,0.9825139,0.00502354624838598,0.9774903583231472,train,High,High
3061,Wisconsin,Pepin,55091,51346.0,7349.0,18.345461509000383,5.6641,0.0249,12.1997,81.2025,0.61,0.0,0.2988,0.0,0.0,600853204.0,0.0,1.2230940853899482e-05,0.6349,1,-0.12942399509547511,0.5860347,0.58498436,0.0,0.5849843621253967,train,High,High
3062,Wisconsin,Richland,55103,46564.0,17642.0,17.842053948651284,6.3324,0.0061,10.7522,81.8979,0.6743,0.0,0.3004,0.0368,3.0,1518121192.0,17.00487473075615,1.1620943105838681e-05,0.7172000000000001,1,-0.12942399509547511,0.8082017,0.80792844,0.009678437135914705,0.7982500058191024,train,High,High
3063,Wisconsin,Waushara,55137,46581.0,24238.0,15.084661629253764,4.3854,0.0126,10.4637,84.0166,0.7057,0.0,0.4075,0.0084,3.0,1621768597.0,12.377258849740079,1.4945412091981702e-05,0.7266999999999999,1,-0.12942399509547511,0.54565954,0.5444679,0.007044598892309895,0.5374233271330807,test,High,High
3064,Wisconsin,Lafayette,55065,53038.0,16793.0,17.663139329805997,7.4395,0.0243,11.5079,79.8763,0.6973,0.0,0.4547,0.0,0.0,1640985291.0,0.0,1.023348599899181e-05,0.7216,1,-0.12942399509547511,0.72005695,0.7194754,0.0,0.7194753885269165,train,High,High
3065,Wisconsin,Pierce,55093,64364.0,40881.0,27.81666731844668,4.5342,0.0249,11.7517,82.3389,0.862,0.0,0.4484,0.0399,2.0,1486002477.0,4.8922482326753265,2.7510721302788246e-05,0.9268000000000001,1,-0.12942399509547511,0.9902873,0.99065095,0.002784455500139547,0.9878664963621957,train,High,High
3066,Wisconsin,Calumet,55015,70042.0,49653.0,28.702561170132725,3.0217,0.0169,11.4281,84.3048,0.9002,0.0,0.2848,0.0434,4.0,824227643.0,8.055908001530623,6.024185238349255e-05,0.9605,1,-0.12942399509547511,0.99557614,0.99595827,0.004585073421594056,0.9913731952208314,train,High,High
3067,Wisconsin,Kenosha,55059,56086.0,167896.0,24.6463640888728,2.3941,0.0154,9.4796,86.725,1.034,0.0,0.2776,0.0742,17.0,704518453.0,10.125315671606232,0.00023831313329702097,1.1236000000000002,1,-0.12942399509547511,0.996813,0.9971995,0.00576289050995998,0.9914365852552683,train,High,High
3068,Wisconsin,Iron,55051,41270.0,5850.0,19.657754010695186,4.9094,0.0,11.1631,83.0816,0.6495,0.0,0.1964,0.0,0.0,1963695701.0,0.0,2.979076644625195e-06,0.6495,1,-0.12942399509547511,0.2758947,0.2737595,0.0,0.27375951409339905,test,High,Low
3069,Wisconsin,Clark,55019,46783.0,34486.0,11.476995348408787,5.9116,0.0062,11.9104,81.4499,0.3734,0.0,0.3485,0.0,3.0,3133108803.0,8.699182276865974,1.100695895622237e-05,0.3796,0,-0.12942399509547511,0.27022436,0.26806936,0.004951197238062031,0.26311815944185435,train,Low,Low
3070,Wisconsin,Saint Croix,55109,73743.0,86726.0,33.399035219669074,4.3192,0.0245,11.5886,82.693,1.0153,0.0,0.3221,0.0373,14.0,1871216494.0,16.14279454834767,4.6347389667675726e-05,1.0771000000000002,1,-0.12942399509547511,0.99751663,0.99790555,0.009187778487517397,0.9887177738997202,test,High,High
3071,Wisconsin,Oconto,55083,54018.0,37475.0,16.194569969506595,4.9215,0.0,10.6513,83.382,0.6386,0.0,0.3841,0.0225,1.0,2582755384.0,2.66844563042028,1.4509697756185184e-05,0.6610999999999999,1,-0.12942399509547511,0.66506505,0.66429114,0.0015187635130247473,0.6627723799043337,test,High,High
3072,Wisconsin,Lincoln,55069,52221.0,28171.0,15.961259079903147,4.2797,0.0033,11.503,83.2692,0.6365,0.0,0.2884,0.0199,7.0,2276113184.0,24.848248198502006,1.237680102994386e-05,0.6597,1,-0.12942399509547511,0.79364914,0.793325,0.014142545119243791,0.7791824618425787,train,High,High
3073,Wisconsin,Waupaca,55135,52441.0,51974.0,17.664300311928578,4.3754,0.0056,10.751,83.6833,0.8173,0.0,0.3431,0.0244,4.0,1936525696.0,7.696155770192789,2.6838786651452728e-05,0.8473,1,-0.12942399509547511,0.9298942,0.9300466,0.004380318055227799,0.925666299929544,train,High,High
3074,Wisconsin,Barron,55005,46863.0,45548.0,18.21440712012114,5.1143,0.0021,11.8568,81.9671,0.6688,0.0,0.3825,0.0084,4.0,2234504161.0,8.781944322472995,2.038394056049377e-05,0.6792999999999999,1,-0.12942399509547511,0.9580672,0.9583181,0.004998301804742461,0.9533198124759582,train,High,High
3075,Wisconsin,Sawyer,55113,41869.0,16438.0,22.134060666170758,4.2751,0.0,12.3641,82.1597,0.74,0.0,0.4611,0.0,1.0,3256410077.0,6.083465141744737,5.047890041890446e-06,0.74,1,-0.12942399509547511,0.85856766,0.85847056,0.003462444497542426,0.8550081146226358,train,High,High
3076,Wisconsin,Green Lake,55047,47174.0,18881.0,17.694149334131378,5.1198,0.0149,11.0563,82.7183,0.7172,0.0,0.3586,0.0149,1.0,904760437.0,5.296329643557015,2.0868507538421468e-05,0.747,1,-0.12942399509547511,0.92315793,0.9232868,0.0030144411127907634,0.9202723545033591,train,High,High
3077,Wisconsin,Price,55099,43547.0,13707.0,16.210863824971707,4.3189,0.0,11.4187,83.4551,0.4678,0.0,0.3332,0.0064,3.0,3247818570.0,21.88662727073758,4.220371213654339e-06,0.4742,0,-0.12942399509547511,0.4969807,0.49561885,0.012456918943007749,0.4831619310497443,train,Low,Low
3078,Wisconsin,Marquette,55077,48445.0,15082.0,13.762120807757316,4.5885,0.0057,10.6837,83.535,0.799,0.0,0.371,0.0171,3.0,1180277802.0,19.891261105954115,1.27783475843088e-05,0.8218000000000001,1,-0.12942399509547511,0.5156685,0.514372,0.01132124306801533,0.5030507480895164,train,High,High
3079,Wisconsin,Marinette,55075,43893.0,41090.0,14.50820216510593,3.7885,0.0133,11.2633,84.0961,0.526,0.0,0.2907,0.0222,5.0,3624348568.0,12.168410805548795,1.133720977137539e-05,0.5615,1,-0.12942399509547511,0.5353738,0.53414625,0.006925731644025603,0.5272205176502553,test,High,High
3080,Wisconsin,Milwaukee,55079,45263.0,955306.0,29.748251411317845,1.0579,0.0284,6.9957,90.3744,1.2901,0.0,0.1982,0.0553,124.0,625803949.0,12.980134114095378,0.0015265260015161714,1.3738,1,-0.12942399509547511,0.9975817,0.9979709,0.007387729343974285,0.9905831497339371,test,High,High
3081,Wisconsin,Racine,55101,56359.0,194873.0,23.972400421113225,2.8111,0.0147,9.5198,86.3521,0.9694,0.0,0.2859,0.0471,24.0,861267826.0,12.315713310720314,0.00022626295110204198,1.0312000000000001,1,-0.12942399509547511,0.9971758,0.99756354,0.007009569840944911,0.9905539710945714,train,High,High
3082,Wisconsin,Winnebago,55139,53501.0,169487.0,26.88685912158581,3.0544,0.5808,11.647,83.3638,1.0364,0.0,0.2465,0.071,15.0,1125314825.0,8.850236301309245,0.00015061296291017938,1.6882,1,-0.12942399509547511,0.99426854,0.99464613,0.005037170637034322,0.9896089613553057,train,High,High
3083,Wisconsin,Forest,55041,41378.0,9108.0,14.08342311836232,4.4082,0.0,12.7233,82.1373,0.3865,0.0,0.3447,0.0,0.0,2626878497.0,0.0,3.4672330716482316e-06,0.3865,0,-0.12942399509547511,0.23531078,0.23303364,0.0,0.23303364217281342,train,Low,Low
3084,Wisconsin,Green,55045,57416.0,37050.0,22.687548337200308,4.6633,0.0164,11.1761,82.5843,1.1037,0.0,0.4262,0.0301,4.0,1512664666.0,10.796221322537113,2.4493201191757062e-05,1.1502,1,-0.12942399509547511,0.98327005,0.98360914,0.006144740906947628,0.9774643990123334,train,High,High
3085,Wisconsin,Rusk,55107,39904.0,14272.0,14.790308455775032,4.7471,0.0,11.4924,82.9544,0.4203,0.0,0.3858,0.0,3.0,2366092374.0,21.020179372197312,6.031886225926359e-06,0.4203,0,-0.12942399509547511,0.30730507,0.30527976,0.011963774380031336,0.29331598717277935,train,Low,Low
3086,Wisconsin,Shawano,55115,48773.0,41384.0,15.597702321471058,3.9437,0.0026,11.5085,83.6191,0.5645,0.0,0.3408,0.0208,5.0,2313377511.0,12.081964044075004,1.7888995550108465e-05,0.5879000000000001,1,-0.12942399509547511,0.6482703,0.64743763,0.006876529896892809,0.640561102187,test,High,High
3087,Wisconsin,Langlade,55067,43501.0,19414.0,16.051116416233675,3.2918,0.0046,12.4589,83.3557,0.4815,0.0,0.3889,0.0185,1.0,2254971634.0,5.150922015040692,8.609420937842271e-06,0.5045999999999999,0,-0.12942399509547511,0.6352897,0.63441163,0.002931681397476172,0.6314799516172028,train,Low,High
3088,Wisconsin,Outagamie,55087,59806.0,181799.0,27.78535735419817,2.5905,0.0186,10.9043,85.0448,1.112,0.0,0.2701,0.0598,29.0,1651266427.0,15.951682902546219,0.00011009670942701241,1.1904000000000001,1,-0.12942399509547511,0.99826366,0.99865526,0.009079006027907028,0.9895762535813154,train,High,High
3089,Wisconsin,Vernon,55123,49476.0,30442.0,21.214788732394364,5.671,0.0362,11.5159,81.3573,1.0067,0.0,0.3694,0.0435,6.0,2050129169.0,19.709611720649104,1.4848820484247254e-05,1.0864,1,-0.12942399509547511,0.9321538,0.93231416,0.011217856116668236,0.9210963013692937,test,High,High
3090,Wisconsin,Columbia,55021,61004.0,56650.0,22.675936150988857,3.7899,0.0168,11.3746,83.3566,1.084,0.0,0.326,0.0521,5.0,1982747321.0,8.8261253309797,2.857146717587218e-05,1.1529,1,-0.12942399509547511,0.9870908,0.98744327,0.005023447718499771,0.9824198205806031,train,High,High
3091,Wisconsin,Kewaunee,55061,58152.0,20459.0,16.900435293304774,4.6793,0.0179,11.9448,82.2957,0.5961,0.0,0.4258,0.0403,1.0,886870601.0,4.887824429346497,2.3068754310867047e-05,0.6543,1,-0.12942399509547511,0.88348615,0.88347626,0.0027819376631605846,0.8806943196610582,train,High,High
3092,Wisconsin,Brown,55009,54172.0,256621.0,28.243622892212006,2.3167,0.0142,10.6491,85.5342,1.1697,0.0,0.271,0.0451,33.0,1372031559.0,12.859430833797703,0.00018703724292394355,1.2289999999999999,1,-0.12942399509547511,0.99788123,0.9982714,0.007319030272151849,0.990952375424717,train,High,High
3093,Wisconsin,Eau Claire,55035,50538.0,101907.0,30.750502638853984,2.5873,0.0174,10.0201,85.8509,1.1986,0.0,0.2863,0.0394,25.0,1652211310.0,24.53217148969158,6.167915652387103e-05,1.2554000000000003,1,-0.12942399509547511,0.9979382,0.9983286,0.013962647965940123,0.9843659781899131,train,High,High
3094,Wisconsin,Oneida,55085,49715.0,35604.0,26.24769627718393,3.6164,0.0106,11.6647,83.5222,0.8472,0.0,0.3098,0.0291,4.0,2885083340.0,11.234692731153803,1.2340718032776134e-05,0.8869,1,-0.12942399509547511,0.9574467,0.9576955,0.006394299814695249,0.9513011843466816,train,High,High
3095,Wisconsin,Polk,55095,52039.0,43483.0,19.600038831181436,5.1246,0.0128,10.9596,82.8735,0.5829,0.0,0.4148,0.0319,4.0,2367419319.0,9.198997309293286,1.836725739754766e-05,0.6276,1,-0.12942399509547511,0.90008473,0.9001329,0.005235670275795359,0.8948972242401958,train,High,High
3096,Wisconsin,Washburn,55129,44437.0,15685.0,21.56929347826087,4.4694,0.0269,10.746,83.6498,0.8014,0.0,0.2958,0.0108,4.0,2064513289.0,25.50207204335352,7.597432326336554e-06,0.8391000000000001,1,-0.12942399509547511,0.8160566,0.8158108,0.014514673293108678,0.8012961263055852,test,High,High
3097,Wisconsin,Waukesha,55133,78268.0,395377.0,41.62343562768572,2.4374,0.0312,8.9648,86.8541,1.395,0.0,0.2572,0.0603,47.0,1423666848.0,11.887388492502092,0.00027771736102124927,1.4865,1,-0.12942399509547511,0.99920017,0.999595,0.0067657859323590214,0.9928292005063922,train,High,High
3098,Wisconsin,Walworth,55127,55575.0,103021.0,27.8182061699183,3.4835,0.0364,9.6389,85.3648,1.049,0.0,0.378,0.0495,12.0,1438106019.0,11.648110579396434,7.163658217051103e-05,1.1349,1,-0.12942399509547511,0.99637944,0.9967644,0.006629599322538404,0.9901348221404743,test,High,High
3099,Wisconsin,Crawford,55023,45780.0,16415.0,15.709330851873785,5.4967,0.0,12.2446,81.2372,0.6703,0.0,0.3128,0.0383,2.0,1478001878.0,12.183978068839476,1.1106210515924662e-05,0.7086,1,-0.12942399509547511,0.47717875,0.47574764,0.006934591855084058,0.4688130530461916,test,High,Low
3100,Wisconsin,Juneau,55057,47243.0,26399.0,12.921553296846493,4.172,0.0117,11.2329,83.6697,0.5521,0.0,0.3344,0.0272,2.0,1986636006.0,7.5760445471419375,1.3288292329480713e-05,0.5910000000000001,1,-0.12942399509547511,0.4707938,0.46934035,0.004311955956710664,0.46502839824746717,test,High,Low
3101,Wisconsin,Sauk,55111,53225.0,63317.0,22.32311508613823,3.704,0.0169,11.3469,83.3766,1.1087,0.0,0.3901,0.0568,16.0,2153654529.0,25.269674810872278,2.9399794232271687e-05,1.1824,1,-0.12942399509547511,0.98871815,0.9890763,0.014382402868260317,0.9746939134883986,train,High,High
3102,Wisconsin,Washington,55131,70325.0,133422.0,29.422072197974675,3.3404,0.0128,10.8189,84.5028,0.9653,0.0,0.308,0.0519,5.0,1115369635.0,3.747507907241684,0.00011962133073490027,1.03,1,-0.12942399509547511,0.99516785,0.99554855,0.002132918958290327,0.9934156273559491,train,High,High
3103,Wisconsin,Chippewa,55017,52657.0,63355.0,19.278497321489116,4.2566,0.0096,11.6977,82.9401,0.7535,0.0,0.3266,0.0159,10.0,2611619746.0,15.784073869465708,2.4258891477993904e-05,0.779,1,-0.12942399509547511,0.9564217,0.9566669,0.008983610236066988,0.9476832765704211,train,High,High
3104,Wisconsin,Dane,55025,64773.0,516818.0,49.02615618905127,2.1697,0.0735,8.5001,85.9972,2.915,0.0,0.2188,0.1256,164.0,3098744068.0,31.73264089099064,0.0001667830542499646,3.1141,1,-0.12942399509547511,0.9995116,0.99990755,0.01806084283964335,0.98184671035631,train,High,High
3105,Wisconsin,Douglas,55031,48190.0,43705.0,22.777596873982418,2.9871,0.0,10.7041,84.9296,0.9604,0.0,0.402,0.0168,0.0,3377715537.0,0.0,1.2939218688266939e-05,0.9772000000000001,1,-0.12942399509547511,0.9235544,0.92368466,0.0,0.9236846566200256,train,High,High
3106,Wisconsin,Jackson,55053,49608.0,20566.0,13.870743571924947,4.9343,0.0153,11.0037,82.9575,0.6238,0.0,0.4295,0.0358,6.0,2558227999.0,29.1743654575513,8.039158358066271e-06,0.6749,1,-0.12942399509547511,0.5684235,0.5673115,0.016604783424273774,0.5507067419205749,train,High,High
3107,Wisconsin,Iowa,55049,56641.0,23751.0,23.037532381468765,5.8549,0.0082,11.3255,81.2045,1.1244,0.0,0.4538,0.0286,1.0,1975380661.0,4.210349037935245,1.2023505377427606e-05,1.1612,1,-0.12942399509547511,0.97357035,0.9738755,0.002396348054844108,0.9714791745586813,train,High,High
3108,Wisconsin,Ozaukee,55089,78415.0,87625.0,46.663916845405055,2.5166,0.0529,9.2324,86.3413,1.5516,0.0,0.2368,0.0685,4.0,603618603.0,4.56490727532097,0.0001451661687769421,1.673,1,-0.12942399509547511,0.9974843,0.9978731,0.0025981472251344895,0.9952749802353452,test,High,High
3109,Wisconsin,Portage,55097,52411.0,70551.0,30.30505902568566,3.4075,0.0093,9.8959,84.9048,1.4144,0.0,0.3404,0.0279,11.0,2074100548.0,15.591557880115094,3.401522653664522e-05,1.4516000000000002,1,-0.12942399509547511,0.99624914,0.99663365,0.008874038485019723,0.9877596103873557,train,High,High
3110,Wisconsin,Rock,55105,50968.0,160986.0,20.765652687536917,2.6351,0.0177,10.7421,85.2813,0.9512,0.0,0.3098,0.0626,15.0,1859980095.0,9.317580410718945,8.655253915499564e-05,1.0315,1,-0.12942399509547511,0.9902214,0.9905848,0.005303162633763408,0.9852816280728711,train,High,High
3111,Wisconsin,Taylor,55119,47306.0,20521.0,13.462214411247803,5.2298,0.0,12.002,82.0749,0.3165,0.0,0.3617,0.0151,2.0,2525318815.0,9.746113737147313,8.126102683791235e-06,0.3316,0,-0.12942399509547511,0.45108697,0.44956458,0.0055470652161787835,0.44401751093280806,train,Low,Low
3112,Wisconsin,Adams,55001,43554.0,20294.0,12.664891311079456,3.9278,0.0,10.5202,84.505,0.6371,0.0,0.3933,0.0166,1.0,1672140739.0,4.927564797477087,1.2136538227121084e-05,0.6537,1,-0.12942399509547511,0.40792143,0.40624806,0.0028045561570218987,0.4034435066920229,test,High,Low
3113,Wisconsin,Bayfield,55007,48132.0,14987.0,29.230769230769234,4.5099,0.0186,9.9888,83.8365,1.2735,0.0,0.3541,0.0186,6.0,3827658037.0,40.03469673717222,3.915449043547879e-06,1.3107,1,-0.12942399509547511,0.98207575,0.98241067,0.02278601293812067,0.9596246563886616,train,High,High
3114,Wisconsin,Monroe,55081,53394.0,45365.0,18.178843699898568,4.5555,0.0046,11.9816,82.2819,0.7433,0.0,0.3876,0.0456,7.0,2333340999.0,15.430397883831146,1.9442078984358514e-05,0.7935,1,-0.12942399509547511,0.932445,0.93260634,0.008782313205207028,0.9238240262494438,train,High,High
3115,Wisconsin,Wood,55141,49926.0,73621.0,20.38253254983293,3.4414,0.012,11.7623,83.5688,0.825,0.0,0.3532,0.0373,12.0,2053716150.0,16.29969709729561,3.5847699790450594e-05,0.8743,1,-0.12942399509547511,0.9792181,0.97954303,0.009277080612966802,0.9702659496490266,test,High,High
3116,Wisconsin,Ashland,55003,40297.0,15936.0,22.212955240478177,4.4078,0.0066,11.3315,83.1833,0.7292,0.0,0.3022,0.0394,3.0,2706634043.0,18.82530120481928,5.887755694647487e-06,0.7752,1,-0.12942399509547511,0.84348613,0.8433363,0.01071454492669473,0.8326217392339192,train,High,High
3117,Wisconsin,Florence,55037,46595.0,4474.0,17.5,4.2549,0.0,10.4419,84.2549,0.555,0.0,0.4317,0.0617,0.0,1264232437.0,0.0,3.5389061924535956e-06,0.6167,1,-0.12942399509547511,0.36444488,0.36261943,0.0,0.36261942982673645,train,High,Low
3118,Wisconsin,Jefferson,55055,57290.0,84538.0,23.470709758745052,3.8779,0.0117,9.8563,84.7608,1.092,0.0,0.3284,0.073,5.0,1441229971.0,5.914499988171,5.865684290574609e-05,1.1767,1,-0.12942399509547511,0.9851091,0.9854546,0.0033662768607373257,0.9820883420700793,test,High,High
3119,Wyoming,Platte,56031,41051.0,8740.0,19.699604743083004,14.3765,0.0088,8.7459,75.4744,0.3971,0.0,0.9973,0.0,2.0,5398019716.0,22.883295194508012,1.619112278173828e-06,0.4059,0,-0.10393935464558823,0.22095904,0.2186317,0.013024179096247692,0.20560752058503434,test,Low,Low
3120,Wyoming,Sheridan,56033,53914.0,29924.0,30.125463358996292,10.1704,0.0153,8.8907,79.0819,0.8613,0.0,0.9743,0.0061,5.0,6535475148.0,16.7089961235129,4.578703051018013e-06,0.8826999999999999,1,-0.10393935464558823,0.72536314,0.7248001,0.009510035865960836,0.7152900739973204,train,High,High
3121,Wyoming,Big Horn,56003,50820.0,11931.0,19.306315266036798,12.8163,0.0,7.5991,78.1527,0.4749,0.0,0.9499,0.0071,1.0,8123474657.0,8.381527114240214,1.4687064961443629e-06,0.482,0,-0.10393935464558823,0.11291239,0.11020712,0.004770401697309731,0.1054367163966577,train,Low,Low
3122,Wyoming,Crook,56011,60307.0,7284.0,21.36568186264919,15.2825,0.0,10.3118,73.0781,0.1955,0.0,1.132,0.0,2.0,7393068935.0,27.457440966501924,9.852471367494425e-07,0.1955,0,-0.10393935464558823,0.21531595,0.21296887,0.01562758447298254,0.19734128652444635,train,Low,Low
3123,Wyoming,Park,56029,61185.0,29083.0,32.00137450296991,13.1651,0.0087,8.5509,76.6558,0.7443,0.0,0.8664,0.0087,11.0,17974019625.0,37.82278306914692,1.6180576524768316e-06,0.7617,1,-0.10393935464558823,0.9417222,0.941916,0.021527087616704826,0.9203889013054143,train,High,High
3124,Wyoming,Albany,56001,43043.0,37836.0,47.863206166455264,7.5317,0.0,8.3791,82.3976,0.9619,0.0,0.6871,0.0425,7.0,11070455498.0,18.50089861507559,3.4177455486664925e-06,1.0044,1,-0.10393935464558823,0.8730217,0.8729752,0.010529909043086396,0.8624452615692488,train,High,High
3125,Wyoming,Carbon,56007,56972.0,15696.0,20.318387339864355,12.7239,0.0,10.7428,75.2609,0.3181,0.0,0.9431,0.0112,3.0,20454598717.0,19.113149847094803,7.673580018440994e-07,0.3293,0,-0.10393935464558823,0.23616444,0.23389028,0.010878375888876607,0.22301190423864872,train,Low,Low
3126,Wyoming,Goshen,56015,44883.0,13546.0,22.963119518123218,10.7365,0.0,10.2373,77.789,0.5137,0.0,0.7235,0.0,0.0,5763699794.0,0.0,2.3502265010577683e-06,0.5137,0,-0.10393935464558823,0.26327798,0.26109865,0.0,0.2610986530780792,train,Low,Low
3127,Wyoming,Uinta,56041,53323.0,20893.0,18.206917708413222,14.016,0.0043,8.6252,76.4668,0.3551,0.0,0.5239,0.0087,2.0,5391911951.0,9.572584119082945,3.87487781511809e-06,0.36810000000000004,0,-0.10393935464558823,0.18142284,0.17895721,0.005448299684162389,0.17350890930688834,train,Low,Low
3128,Wyoming,Washakie,56043,46212.0,8351.0,21.07607950651131,13.368,0.0,9.1739,75.7592,0.4566,0.0,1.2317,0.0106,0.0,5797821412.0,0.0,1.4403686154795276e-06,0.4672,0,-0.10393935464558823,0.05765751,0.054758966,0.0,0.05475896596908569,train,Low,Low
3129,Wyoming,Hot Springs,56017,46087.0,4781.0,22.33572611816676,14.0411,0.036,8.9402,75.4686,0.739,0.0,0.7751,0.0,0.0,5190589691.0,0.0,9.210899502015752e-07,0.775,1,-0.10393935464558823,0.13805652,0.1354392,0.0,0.1354392021894455,train,High,Low
3130,Wyoming,Fremont,56013,53559.0,40683.0,22.351330348221886,12.1581,0.0049,8.5491,77.5777,0.7977,0.0,0.8955,0.0171,14.0,23786031608.0,34.41240813116044,1.710373578513072e-06,0.8197,1,-0.10393935464558823,0.7435445,0.7430451,0.019586050121879747,0.7234590415071486,train,High,High
3131,Wyoming,Sublette,56035,76004.0,10032.0,24.35493119266055,19.8117,0.0179,10.0314,68.8301,0.3944,0.0,0.9144,0.0,2.0,12655929138.0,19.936204146730464,7.926719477180435e-07,0.4123,0,-0.10393935464558823,0.26911741,0.26695853,0.01134682269748852,0.25561171202007127,train,Low,Low
3132,Wyoming,Weston,56045,55640.0,7175.0,18.80671944390809,14.4048,0.0117,9.9789,74.1958,0.4461,0.0,0.9627,0.0,0.0,6211027904.0,0.0,1.1552033110943178e-06,0.4578,0,-0.10393935464558823,0.074861966,0.07202361,0.0,0.07202360779047012,train,Low,Low
3133,Wyoming,Johnson,56019,54594.0,8572.0,25.46265697290152,14.5982,0.0106,8.2493,75.7511,0.6901,0.0,0.7007,0.0,1.0,10759208769.0,11.665888940737284,7.967128609585213e-07,0.7007000000000001,1,-0.10393935464558823,0.29954362,0.29749116,0.0066397179947039675,0.2908514450206616,train,High,Low
3134,Wyoming,Laramie,56021,61201.0,96459.0,27.652698146335396,7.523,0.0138,8.5226,82.5522,0.7795,0.0,0.5802,0.0286,18.0,6956486264.0,18.66077815444904,1.3866051960625275e-05,0.8219,1,-0.10393935464558823,0.91838163,0.91849375,0.010620905542363526,0.9078728421688181,train,High,High
3135,Wyoming,Teton,56039,75594.0,22623.0,53.78841607565011,9.1952,0.105,8.7641,79.8591,1.4619,0.0,0.5173,0.0975,28.0,10349431898.0,123.76784688149229,2.1859170844316423e-06,1.6643999999999999,1,-0.10393935464558823,0.96196,0.9622246,0.07044329020098428,0.8917813124982955,train,High,High
3136,Wyoming,Campbell,56005,80822.0,48473.0,19.064016791289518,12.8746,0.002,11.3918,74.7783,0.3614,0.0,0.5881,0.0039,3.0,12437959227.0,6.189012439915005,3.897182738368853e-06,0.3673,0,-0.10393935464558823,0.29483378,0.29276484,0.003522517441705841,0.28924232506851755,train,Low,Low
3137,Wyoming,Lincoln,56023,64579.0,18543.0,20.368708703809446,15.2311,0.0101,8.4875,75.0617,0.4687,0.0,0.7359,0.005,3.0,10557346540.0,16.178611875101115,1.756407249657261e-06,0.4838,0,-0.10393935464558823,0.21202652,0.20966794,0.00920816415638285,0.20045977181106253,train,Low,Low
3138,Wyoming,Natrona,56025,56983.0,80871.0,22.21318596011312,10.0955,0.0129,10.0085,78.6579,0.4868,0.0,0.7349,0.0035,4.0,13831831163.0,4.9461488048867945,5.846731285755501e-06,0.5032,0,-0.10393935464558823,0.5480226,0.5468393,0.0028151333679861707,0.5440241634497933,train,Low,High
3139,Wyoming,Converse,56009,66737.0,14223.0,15.531848133040477,14.3942,0.0,9.9809,74.4827,0.305,0.0,0.8372,0.0,2.0,11020069570.0,14.061730999085988,1.2906452096018846e-06,0.305,0,-0.10393935464558823,0.11245479,0.10974792,0.008003327378274964,0.10174458908176226,test,Low,Low
3140,Wyoming,Niobrara,56027,40640.0,2498.0,18.99092970521542,16.6466,0.0,8.0217,74.5175,0.1809,0.0,0.6333,0.0,1.0,6801380679.0,40.03202562049639,3.672783685984297e-07,0.1809,0,-0.10393935464558823,0.14072312,0.13811514,0.02278449265436445,0.11533064516111101,train,Low,Low
3141,Wyoming,Sweetwater,56037,68233.0,44812.0,21.371492941880522,11.8938,0.0021,9.9569,77.1654,0.3713,0.0,0.6044,0.0062,6.0,27005097216.0,13.389270731054182,1.6593904343899104e-06,0.3796,0,-0.10393935464558823,0.37176153,0.36996168,0.007620592160662645,0.3623410868211184,train,Low,Low
